uid,dim_x,dim_y,dim_z,spacing_x,spacing_y,spacing_z,n_voxels,fov_x_mm,fov_y_mm,fov_z_mm,dtype,isotropic
xaji0y6d,142,142,112,2.4600000381469727,2.4600000381469727,2.4600000381469727,2258368,349.3200054168701,349.3200054168701,275.52000427246094,uint16,True
pbhsahxt,142,142,112,2.4600000381469727,2.4600000381469727,2.4600000381469727,2258368,349.3200054168701,349.3200054168701,275.52000427246094,uint16,True
hv3a3zmf,148,148,112,2.4600000381469727,2.4600000381469727,2.4600000381469727,2453248,364.08000564575195,364.08000564575195,275.52000427246094,uint16,True
8mdd4v30,164,164,112,2.4600000381469727,2.4600000381469727,2.4600000381469727,3012352,403.4400062561035,403.4400062561035,275.52000427246094,uint16,True
t9nt3w5u,156,156,112,2.4600000381469727,2.4600000381469727,2.4600000381469727,2725632,383.76000595092773,383.76000595092773,275.52000427246094,uint16,True
zbikcidk,152,152,112,2.4600000381469727,2.4600000381469727,2.4600000381469727,2587648,373.92000579833984,373.92000579833984,275.52000427246094,uint16,True
wnnhj7xv,138,138,112,2.4600000381469727,2.4600000381469727,2.4600000381469727,2132928,339.4800052642822,339.4800052642822,275.52000427246094,uint16,True
g0fn9xuy,152,152,112,2.4600000381469727,2.4600000381469727,2.4600000381469727,2587648,373.92000579833984,373.92000579833984,275.52000427246094,uint16,True
41ibljh7,128,128,112,2.4600000381469727,2.4600000381469727,2.4600000381469727,1835008,314.8800048828125,314.8800048828125,275.52000427246094,uint16,True
5lxo6qji,140,140,112,2.4600000381469727,2.4600000381469727,2.4600000381469727,2195200,344.4000053405762,344.4000053405762,275.52000427246094,uint16,True
ujv6oh9s,150,150,112,2.4600000381469727,2.4600000381469727,2.4600000381469727,2520000,369.0000057220459,369.0000057220459,275.52000427246094,uint16,True
dbdw2pcn,144,144,112,2.4600000381469727,2.4600000381469727,2.4600000381469727,2322432,354.24000549316406,354.24000549316406,275.52000427246094,uint16,True
9t84azyt,144,144,112,2.4600000381469727,2.4600000381469727,2.4600000381469727,2322432,354.24000549316406,354.24000549316406,275.52000427246094,uint16,True
jxepq85j,170,170,112,2.4600000381469727,2.4600000381469727,2.4600000381469727,3236800,418.20000648498535,418.20000648498535,275.52000427246094,uint16,True
sg65kxvf,146,146,112,2.4600000381469727,2.4600000381469727,2.4600000381469727,2387392,359.160005569458,359.160005569458,275.52000427246094,uint16,True
1t2tala7,134,134,112,2.4600000381469727,2.4600000381469727,2.4600000381469727,2011072,329.64000511169434,329.64000511169434,275.52000427246094,uint16,True
53lc58dr,150,150,112,2.4600000381469727,2.4600000381469727,2.4600000381469727,2520000,369.0000057220459,369.0000057220459,275.52000427246094,uint16,True
c11ertj5,156,156,112,2.4600000381469727,2.4600000381469727,2.4600000381469727,2725632,383.76000595092773,383.76000595092773,275.52000427246094,uint16,True
9mx2x18h,128,128,128,3.8953697681427,3.8953697681427,3.8953697681427,2097152,498.6073303222656,498.6073303222656,498.6073303222656,uint16,True
afeyuhz1,128,128,128,3.8953697681427,3.8953697681427,3.8953697681427,2097152,498.6073303222656,498.6073303222656,498.6073303222656,uint16,True
gv0e38da,128,128,49,3.8953697681427,3.8953697681427,3.8953697681427,802816,498.6073303222656,498.6073303222656,190.8731186389923,uint16,True
ly8ozcyw,128,128,128,3.8953697681427,3.8953697681427,3.8953697681427,2097152,498.6073303222656,498.6073303222656,498.6073303222656,uint16,True
d14ve92m,128,128,128,3.8953697681427,3.8953697681427,3.8953697681427,2097152,498.6073303222656,498.6073303222656,498.6073303222656,uint16,True
pnsm43d8,128,128,128,3.8953697681427,3.8953697681427,3.8953697681427,2097152,498.6073303222656,498.6073303222656,498.6073303222656,uint16,True
w3zp08j3,128,128,128,3.8953697681427,3.8953697681427,3.8953697681427,2097152,498.6073303222656,498.6073303222656,498.6073303222656,uint16,True
trp0j43d,128,128,128,3.8953697681427,3.8953697681427,3.8953697681427,2097152,498.6073303222656,498.6073303222656,498.6073303222656,uint16,True
5iqvnb4g,128,128,128,3.8953697681427,3.8953697681427,3.8953697681427,2097152,498.6073303222656,498.6073303222656,498.6073303222656,uint16,True
h2m5zja8,128,128,128,3.8953697681427,3.8953697681427,3.8953697681427,2097152,498.6073303222656,498.6073303222656,498.6073303222656,uint16,True
dzr1yxr2,128,128,128,3.8953697681427,3.8953697681427,3.8953697681427,2097152,498.6073303222656,498.6073303222656,498.6073303222656,uint16,True
dhylurtp,128,128,128,3.8953697681427,3.8953697681427,3.8953697681427,2097152,498.6073303222656,498.6073303222656,498.6073303222656,uint16,True
0lzjjege,128,128,128,3.8953697681427,3.8953697681427,3.8953697681427,2097152,498.6073303222656,498.6073303222656,498.6073303222656,uint16,True
t1ghr09s,128,128,128,3.8953697681427,3.8953697681427,3.8953697681427,2097152,498.6073303222656,498.6073303222656,498.6073303222656,uint16,True
kdgigatj,128,128,128,3.8953697681427,3.8953697681427,3.8953697681427,2097152,498.6073303222656,498.6073303222656,498.6073303222656,uint16,True
9tze5r5u,128,128,128,3.8953697681427,3.8953697681427,3.8953697681427,2097152,498.6073303222656,498.6073303222656,498.6073303222656,uint16,True
qpgb7r3o,128,128,90,1.468269944190979,1.468269944190979,1.5,1474560,187.9385528564453,187.9385528564453,135.0,uint16,False
cwbfuk9e,128,128,128,3.8953697681427,3.8953697681427,3.8953697681427,2097152,498.6073303222656,498.6073303222656,498.6073303222656,uint16,True
1v2isqp4,128,128,128,3.8953697681427,3.8953697681427,3.8953697681427,2097152,498.6073303222656,498.6073303222656,498.6073303222656,uint16,True
9kwv08hh,128,128,128,3.8953697681427,3.8953697681427,3.8953697681427,2097152,498.6073303222656,498.6073303222656,498.6073303222656,uint16,True
xfgcaqvk,128,128,128,3.8953697681427,3.8953697681427,3.8953697681427,2097152,498.6073303222656,498.6073303222656,498.6073303222656,uint16,True
izzqy72w,128,128,128,3.8953697681427,3.8953697681427,3.8953697681427,2097152,498.6073303222656,498.6073303222656,498.6073303222656,uint16,True
x7ptx63c,128,128,128,3.8953697681427,3.8953697681427,3.8953697681427,2097152,498.6073303222656,498.6073303222656,498.6073303222656,uint16,True
fl0ukeyz,128,128,128,3.8953697681427,3.8953697681427,3.8953697681427,2097152,498.6073303222656,498.6073303222656,498.6073303222656,uint16,True
7srcbplj,128,128,128,3.8953697681427,3.8953697681427,3.8953697681427,2097152,498.6073303222656,498.6073303222656,498.6073303222656,uint16,True
d84u89yj,128,128,128,3.8953697681427,3.8953697681427,3.8953697681427,2097152,498.6073303222656,498.6073303222656,498.6073303222656,uint16,True
b1qx6gvw,128,128,128,3.8953697681427,3.8953697681427,3.8953697681427,2097152,498.6073303222656,498.6073303222656,498.6073303222656,uint16,True
rdmly4ly,128,128,128,3.8953697681427,3.8953697681427,3.8953697681427,2097152,498.6073303222656,498.6073303222656,498.6073303222656,uint16,True
k83tqll8,128,128,128,3.8953697681427,3.8953697681427,3.8953697681427,2097152,498.6073303222656,498.6073303222656,498.6073303222656,uint16,True
os9xtogn,128,128,128,3.8953697681427,3.8953697681427,3.8953697681427,2097152,498.6073303222656,498.6073303222656,498.6073303222656,uint16,True
1w1ht7pz,128,128,128,3.8953697681427,3.8953697681427,3.8953697681427,2097152,498.6073303222656,498.6073303222656,498.6073303222656,uint16,True
e9vifttd,128,128,128,3.8953697681427,3.8953697681427,3.8953697681427,2097152,498.6073303222656,498.6073303222656,498.6073303222656,uint16,True
96qe3rzs,128,128,128,3.8953697681427,3.8953697681427,3.8953697681427,2097152,498.6073303222656,498.6073303222656,498.6073303222656,uint16,True
j49itn7s,128,128,128,3.8953697681427,3.8953697681427,3.8953697681427,2097152,498.6073303222656,498.6073303222656,498.6073303222656,uint16,True
55j2o7s3,128,128,128,3.8953697681427,3.8953697681427,3.8953697681427,2097152,498.6073303222656,498.6073303222656,498.6073303222656,uint16,True
kkv9rftm,128,128,128,3.8953697681427,3.8953697681427,3.8953697681427,2097152,498.6073303222656,498.6073303222656,498.6073303222656,uint16,True
ttqlgzui,128,128,128,3.8953697681427,3.8953697681427,3.8953697681427,2097152,498.6073303222656,498.6073303222656,498.6073303222656,uint16,True
1b0z3nx3,128,128,128,3.8953697681427,3.8953697681427,3.8953697681427,2097152,498.6073303222656,498.6073303222656,498.6073303222656,uint16,True
9rbsv55p,128,128,128,3.8953697681427,3.8953697681427,3.8953697681427,2097152,498.6073303222656,498.6073303222656,498.6073303222656,uint16,True
sq0oxfq8,128,128,128,3.8953697681427,3.8953697681427,3.8953697681427,2097152,498.6073303222656,498.6073303222656,498.6073303222656,uint16,True
myx444nl,128,128,128,3.8953697681427,3.8953697681427,3.8953697681427,2097152,498.6073303222656,498.6073303222656,498.6073303222656,uint16,True
z15bcw79,128,128,128,3.8953697681427,3.8953697681427,3.8953697681427,2097152,498.6073303222656,498.6073303222656,498.6073303222656,uint16,True
0pdw5py6,128,128,128,3.8953697681427,3.8953697681427,3.8953697681427,2097152,498.6073303222656,498.6073303222656,498.6073303222656,uint16,True
b2knftu2,128,128,128,3.8953697681427,3.8953697681427,3.8953697681427,2097152,498.6073303222656,498.6073303222656,498.6073303222656,uint16,True
gc5wi6fq,128,128,128,3.8953697681427,3.8953697681427,3.8953697681427,2097152,498.6073303222656,498.6073303222656,498.6073303222656,uint16,True
jja26yfp,128,128,128,3.8953697681427,3.8953697681427,3.8953697681427,2097152,498.6073303222656,498.6073303222656,498.6073303222656,uint16,True
mvxpj4hn,128,128,128,3.8953697681427,3.8953697681427,3.8953697681427,2097152,498.6073303222656,498.6073303222656,498.6073303222656,uint16,True
riuu9k9x,128,128,128,3.8953697681427,3.8953697681427,3.8953697681427,2097152,498.6073303222656,498.6073303222656,498.6073303222656,uint16,True
juy0bvr6,128,128,128,3.8953697681427,3.8953697681427,3.8953697681427,2097152,498.6073303222656,498.6073303222656,498.6073303222656,uint16,True
k2vmwwyz,128,128,128,3.8953697681427,3.8953697681427,3.8953697681427,2097152,498.6073303222656,498.6073303222656,498.6073303222656,uint16,True
x4w6xlpu,128,128,128,3.8953697681427,3.8953697681427,3.8953697681427,2097152,498.6073303222656,498.6073303222656,498.6073303222656,uint16,True
0dk0get8,128,128,128,3.8953697681427,3.8953697681427,3.8953697681427,2097152,498.6073303222656,498.6073303222656,498.6073303222656,uint16,True
t63j3r30,128,128,128,3.8953697681427,3.8953697681427,3.8953697681427,2097152,498.6073303222656,498.6073303222656,498.6073303222656,uint16,True
me8f8409,128,128,128,3.8953697681427,3.8953697681427,3.8953697681427,2097152,498.6073303222656,498.6073303222656,498.6073303222656,uint16,True
82n2atqy,128,128,128,3.8953697681427,3.8953697681427,3.8953697681427,2097152,498.6073303222656,498.6073303222656,498.6073303222656,uint16,True
yv37dia5,128,128,128,3.8953697681427,3.8953697681427,3.8953697681427,2097152,498.6073303222656,498.6073303222656,498.6073303222656,uint16,True
u6hc36ko,128,128,128,3.8953697681427,3.8953697681427,3.8953697681427,2097152,498.6073303222656,498.6073303222656,498.6073303222656,uint16,True
f8krd5eq,128,128,128,3.8953697681427,3.8953697681427,3.8953697681427,2097152,498.6073303222656,498.6073303222656,498.6073303222656,uint16,True
y08p0fod,128,128,128,3.8953697681427,3.8953697681427,3.8953697681427,2097152,498.6073303222656,498.6073303222656,498.6073303222656,uint16,True
ro8bnp84,128,128,128,3.8953697681427,3.8953697681427,3.8953697681427,2097152,498.6073303222656,498.6073303222656,498.6073303222656,uint16,True
dyt9moge,128,128,128,3.8953697681427,3.8953697681427,3.8953697681427,2097152,498.6073303222656,498.6073303222656,498.6073303222656,uint16,True
4qxxva2i,128,128,128,3.8953697681427,3.8953697681427,3.8953697681427,2097152,498.6073303222656,498.6073303222656,498.6073303222656,uint16,True
euc1hh5l,128,128,128,3.8953697681427,3.8953697681427,3.8953697681427,2097152,498.6073303222656,498.6073303222656,498.6073303222656,uint16,True
f6a4fejg,128,128,128,3.8953697681427,3.8953697681427,3.8953697681427,2097152,498.6073303222656,498.6073303222656,498.6073303222656,uint16,True
xaa2ilgb,128,128,128,3.8953697681427,3.8953697681427,3.8953697681427,2097152,498.6073303222656,498.6073303222656,498.6073303222656,uint16,True
0s0r2sds,128,128,128,3.8953697681427,3.8953697681427,3.8953697681427,2097152,498.6073303222656,498.6073303222656,498.6073303222656,uint16,True
8b25sq8c,128,128,128,3.8953697681427,3.8953697681427,3.8953697681427,2097152,498.6073303222656,498.6073303222656,498.6073303222656,uint16,True
royr6ccv,128,128,128,3.8953697681427,3.8953697681427,3.8953697681427,2097152,498.6073303222656,498.6073303222656,498.6073303222656,uint16,True
cjwtl9tq,128,128,128,3.8953697681427,3.8953697681427,3.8953697681427,2097152,498.6073303222656,498.6073303222656,498.6073303222656,uint16,True
vdz4x1zh,128,128,128,3.8953697681427,3.8953697681427,3.8953697681427,2097152,498.6073303222656,498.6073303222656,498.6073303222656,uint16,True
qimqodpx,128,128,128,3.8953697681427,3.8953697681427,3.8953697681427,2097152,498.6073303222656,498.6073303222656,498.6073303222656,uint16,True
nf7c3dd0,128,128,128,3.8953697681427,3.8953697681427,3.8953697681427,2097152,498.6073303222656,498.6073303222656,498.6073303222656,uint16,True
3uvulemx,128,128,44,1.612339973449707,1.612339973449707,3.0,720896,206.3795166015625,206.3795166015625,132.0,uint16,False
15z8vmuh,128,128,45,1.5094399452209473,1.5094399452209473,3.0,737280,193.20831298828125,193.20831298828125,135.0,uint16,False
xid4n1u3,128,128,44,1.5711899995803833,1.5711899995803833,3.0,720896,201.11231994628906,201.11231994628906,132.0,uint16,False
493wxa73,128,128,45,1.5437300205230713,1.5437300205230713,3.0,737280,197.59744262695312,197.59744262695312,135.0,uint16,False
jgzlma5u,128,128,45,1.62608003616333,1.62608003616333,3.0,737280,208.13824462890625,208.13824462890625,135.0,uint16,False
ofwb0hpm,128,128,49,1.6535199880599976,1.6535199880599976,3.0,802816,211.6505584716797,211.6505584716797,147.0,uint16,False
nz1udbfw,128,128,45,1.6192200183868408,1.6192200183868408,3.0,737280,207.26016235351562,207.26016235351562,135.0,uint16,False
yjxrpj1e,128,128,45,1.639799952507019,1.639799952507019,3.0,737280,209.89439392089844,209.89439392089844,135.0,uint16,False
pkyrybov,128,128,45,1.564329981803894,1.564329981803894,3.0,737280,200.23423767089844,200.23423767089844,135.0,uint16,False
akhejla0,128,128,45,1.5849100351333618,1.5849100351333618,3.0,737280,202.8684844970703,202.8684844970703,135.0,uint16,False
gnzs43c5,128,128,90,1.468269944190979,1.468269944190979,1.5,1474560,187.9385528564453,187.9385528564453,135.0,uint16,False
ba75uuzp,128,128,90,1.45455002784729,1.45455002784729,1.5,1474560,186.18240356445312,186.18240356445312,135.0,uint16,False
eal2w37d,128,128,90,1.468269944190979,1.468269944190979,1.5,1474560,187.9385528564453,187.9385528564453,135.0,uint16,False
4ivsolml,128,128,90,1.468269944190979,1.468269944190979,1.5,1474560,187.9385528564453,187.9385528564453,135.0,uint16,False
gses6m03,128,128,45,1.530019998550415,1.530019998550415,3.0,737280,195.84255981445312,195.84255981445312,135.0,uint16,False
3ifhv1xg,128,128,90,1.468269944190979,1.468269944190979,1.5,1474560,187.9385528564453,187.9385528564453,135.0,uint16,False
1r11q7uw,128,128,96,1.4819799661636353,1.4819799661636353,1.5,1572864,189.6934356689453,189.6934356689453,144.0,uint16,False
w5wfcpkj,128,128,86,1.468269944190979,1.468269944190979,1.5,1409024,187.9385528564453,187.9385528564453,129.0,uint16,False
cslqc3c5,128,128,90,1.4614100456237793,1.4614100456237793,1.5,1474560,187.06048583984375,187.06048583984375,135.0,uint16,False
4wsqt26q,128,128,45,1.5368800163269043,1.5368800163269043,3.0,737280,196.72064208984375,196.72064208984375,135.0,uint16,False
3xlrfcd6,128,128,90,1.468269944190979,1.468269944190979,1.5,1474560,187.9385528564453,187.9385528564453,135.0,uint16,False
mzsgipps,128,128,50,1.530019998550415,1.530019998550415,3.0,819200,195.84255981445312,195.84255981445312,150.0,uint16,False
fnkomv2x,128,128,50,1.591770052909851,1.591770052909851,3.0,819200,203.74656677246094,203.74656677246094,150.0,uint16,False
cdyk0x65,128,128,55,1.6535199880599976,1.6535199880599976,3.0,901120,211.6505584716797,211.6505584716797,165.0,uint16,False
mufm8zov,128,128,48,1.7564400434494019,1.7564400434494019,3.0,786432,224.82432556152344,224.82432556152344,144.0,uint16,False
7ln23y30,128,128,50,1.6192200183868408,1.6192200183868408,3.0,819200,207.26016235351562,207.26016235351562,150.0,uint16,False
ysxpnngh,128,128,45,1.6535199880599976,1.6535199880599976,3.0,737280,211.6505584716797,211.6505584716797,135.0,uint16,False
8riec4d1,128,128,46,1.6192200183868408,1.6192200183868408,3.0,753664,207.26016235351562,207.26016235351562,138.0,uint16,False
45bm1enf,128,128,45,1.62608003616333,1.62608003616333,3.0,737280,208.13824462890625,208.13824462890625,135.0,uint16,False
313fpoyi,128,128,45,1.5231599807739258,1.5231599807739258,3.0,737280,194.9644775390625,194.9644775390625,135.0,uint16,False
pk0qtl3q,128,128,49,1.598620057106018,1.598620057106018,3.0,802816,204.6233673095703,204.6233673095703,147.0,uint16,False
4n89qkns,128,128,45,1.5025800466537476,1.5025800466537476,3.0,737280,192.3302459716797,192.3302459716797,135.0,uint16,False
832ejx5t,128,128,45,1.5231599807739258,1.5231599807739258,3.0,737280,194.9644775390625,194.9644775390625,135.0,uint16,False
d44k1j6f,128,128,84,1.3722200393676758,1.3722200393676758,1.5,1376256,175.6441650390625,175.6441650390625,126.0,uint16,False
p8hqmabs,128,128,90,1.45455002784729,1.45455002784729,1.5,1474560,186.18240356445312,186.18240356445312,135.0,uint16,False
i9nb74x2,128,128,90,1.4133800268173218,1.4133800268173218,1.5,1474560,180.9126434326172,180.9126434326172,135.0,uint16,False
ek3zezqa,128,128,90,1.468269944190979,1.468269944190979,1.5,1474560,187.9385528564453,187.9385528564453,135.0,uint16,False
cj4t0sek,128,128,52,1.6329400539398193,1.6329400539398193,3.0,851968,209.01632690429688,209.01632690429688,156.0,uint16,False
kbp2qd6v,128,128,94,1.468269944190979,1.468269944190979,1.5,1540096,187.9385528564453,187.9385528564453,141.0,uint16,False
asifpwio,128,128,56,1.674090027809143,1.674090027809143,3.0,917504,214.2835235595703,214.2835235595703,168.0,uint16,False
xd9css9t,128,128,57,1.7084100246429443,1.7084100246429443,3.0,933888,218.67648315429688,218.67648315429688,171.0,uint16,False
oqw9ja2m,128,128,45,1.5368800163269043,1.5368800163269043,3.0,737280,196.72064208984375,196.72064208984375,135.0,uint16,False
0w10lbt3,128,128,102,1.4957200288772583,1.4957200288772583,1.5,1671168,191.45216369628906,191.45216369628906,153.0,uint16,False
g2qzw3c1,128,128,49,1.6535199880599976,1.6535199880599976,3.0,802816,211.6505584716797,211.6505584716797,147.0,uint16,False
qkbhb7s9,128,128,55,1.639799952507019,1.639799952507019,3.0,901120,209.89439392089844,209.89439392089844,165.0,uint16,False
t64z7w2s,128,128,41,1.639799952507019,1.639799952507019,3.0,671744,209.89439392089844,209.89439392089844,123.0,uint16,False
ehe2atn2,128,128,45,1.7564400434494019,1.7564400434494019,3.0,737280,224.82432556152344,224.82432556152344,135.0,uint16,False
twdl9zs1,128,128,45,1.7426999807357788,1.7426999807357788,3.0,737280,223.0655975341797,223.0655975341797,135.0,uint16,False
3c9xqym5,128,128,49,1.6329400539398193,1.6329400539398193,3.0,802816,209.01632690429688,209.01632690429688,147.0,uint16,False
2xg8p6be,128,128,90,1.468269944190979,1.468269944190979,1.5,1474560,187.9385528564453,187.9385528564453,135.0,uint16,False
fflzm764,128,128,52,2.129159927368164,2.129159927368164,3.0,851968,272.532470703125,272.532470703125,156.0,uint16,False
jwtektsg,128,128,45,2.4150900840759277,2.4150900840759277,3.0,737280,309.13153076171875,309.13153076171875,135.0,uint16,False
7fxzv4u3,128,128,45,1.6535199880599976,1.6535199880599976,3.0,737280,211.6505584716797,211.6505584716797,135.0,uint16,False
bbxux1ox,128,128,46,1.7495800256729126,1.7495800256729126,3.0,753664,223.9462432861328,223.9462432861328,138.0,uint16,False
rwk8r2yk,128,128,48,1.5025800466537476,1.5025800466537476,3.0,786432,192.3302459716797,192.3302459716797,144.0,uint16,False
ccprhvlz,128,128,50,1.6054799556732178,1.6054799556732178,3.0,819200,205.50143432617188,205.50143432617188,150.0,uint16,False
049enulq,128,128,45,1.5780500173568726,1.5780500173568726,3.0,737280,201.9904022216797,201.9904022216797,135.0,uint16,False
jidknwi5,128,128,90,1.468269944190979,1.468269944190979,1.5,1474560,187.9385528564453,187.9385528564453,135.0,uint16,False
flul1rsr,128,128,52,1.6878299713134766,1.6878299713134766,3.0,851968,216.042236328125,216.042236328125,156.0,uint16,False
la8s8hmb,128,128,56,1.6466599702835083,1.6466599702835083,3.0,917504,210.77247619628906,210.77247619628906,168.0,uint16,False
r5xqt4p5,128,128,90,1.468269944190979,1.468269944190979,1.5,1474560,187.9385528564453,187.9385528564453,135.0,uint16,False
01nouhtc,128,128,90,1.468269944190979,1.468269944190979,1.5,1474560,187.9385528564453,187.9385528564453,135.0,uint16,False
s1k9ye9o,128,128,90,1.468269944190979,1.468269944190979,1.5,1474560,187.9385528564453,187.9385528564453,135.0,uint16,False
2m71hssb,128,128,51,1.6878299713134766,1.6878299713134766,3.0,835584,216.042236328125,216.042236328125,153.0,uint16,False
elrqvslw,128,128,90,1.468269944190979,1.468269944190979,1.5,1474560,187.9385528564453,187.9385528564453,135.0,uint16,False
f90km3tz,128,128,88,1.468269944190979,1.468269944190979,1.5,1441792,187.9385528564453,187.9385528564453,132.0,uint16,False
k3ny9v20,128,128,90,1.468269944190979,1.468269944190979,1.5,1474560,187.9385528564453,187.9385528564453,135.0,uint16,False
yar821uz,128,128,90,1.468269944190979,1.468269944190979,1.5,1474560,187.9385528564453,187.9385528564453,135.0,uint16,False
vgww4fyb,128,128,70,2.3601999282836914,2.3601999282836914,3.0,1146880,302.1055908203125,302.1055908203125,210.0,uint16,False
8dalfyo1,128,128,90,1.468269944190979,1.468269944190979,1.5,1474560,187.9385528564453,187.9385528564453,135.0,uint16,False
750cehlx,128,128,90,1.468269944190979,1.468269944190979,1.5,1474560,187.9385528564453,187.9385528564453,135.0,uint16,False
slg6mm1z,128,128,90,1.468269944190979,1.468269944190979,1.5,1474560,187.9385528564453,187.9385528564453,135.0,uint16,False
xyvgiui9,128,128,57,1.8820899724960327,1.8820899724960327,3.0,933888,240.9075164794922,240.9075164794922,171.0,uint16,False
kkhzlm72,128,128,90,1.468269944190979,1.468269944190979,1.5,1474560,187.9385528564453,187.9385528564453,135.0,uint16,False
jeyn9382,128,128,51,1.7152700424194336,1.7152700424194336,3.0,835584,219.5545654296875,219.5545654296875,153.0,uint16,False
kkzmpjrh,128,128,49,1.5780500173568726,1.5780500173568726,3.0,802816,201.9904022216797,201.9904022216797,147.0,uint16,False
t7zewviy,128,128,45,1.6054799556732178,1.6054799556732178,3.0,737280,205.50143432617188,205.50143432617188,135.0,uint16,False
twbozd1a,128,128,45,1.5780500173568726,1.5780500173568726,3.0,737280,201.9904022216797,201.9904022216797,135.0,uint16,False
t7o75rh8,128,128,90,1.468269944190979,1.468269944190979,1.5,1474560,187.9385528564453,187.9385528564453,135.0,uint16,False
lx6dut07,128,128,45,2.126919984817505,2.126919984817505,3.0,737280,272.2457580566406,272.2457580566406,135.0,uint16,False
6g5g79or,128,128,45,2.017159938812256,2.017159938812256,3.0,737280,258.19647216796875,258.19647216796875,135.0,uint16,False
7875aud9,128,128,45,1.591770052909851,1.591770052909851,3.0,737280,203.74656677246094,203.74656677246094,135.0,uint16,False
k9tr74qg,128,128,45,1.6946899890899658,1.6946899890899658,3.0,737280,216.92031860351562,216.92031860351562,135.0,uint16,False
efqjg02u,128,128,90,1.468269944190979,1.468269944190979,1.5,1474560,187.9385528564453,187.9385528564453,135.0,uint16,False
1g463sdy,128,128,90,1.468269944190979,1.468269944190979,1.5,1474560,187.9385528564453,187.9385528564453,135.0,uint16,False
gfliji18,128,128,128,2.299999952316284,2.299999952316284,2.299999952316284,2097152,294.3999938964844,294.3999938964844,294.3999938964844,uint16,True
k0axycel,128,128,128,2.299999952316284,2.299999952316284,2.299999952316284,2097152,294.3999938964844,294.3999938964844,294.3999938964844,uint16,True
os6zle6k,128,128,128,2.299999952316284,2.299999952316284,2.299999952316284,2097152,294.3999938964844,294.3999938964844,294.3999938964844,uint16,True
whef0vot,128,128,128,2.299999952316284,2.299999952316284,2.299999952316284,2097152,294.3999938964844,294.3999938964844,294.3999938964844,uint16,True
qtxhi15c,128,128,128,2.299999952316284,2.299999952316284,2.299999952316284,2097152,294.3999938964844,294.3999938964844,294.3999938964844,uint16,True
qzcuctsu,128,128,128,2.299999952316284,2.299999952316284,2.299999952316284,2097152,294.3999938964844,294.3999938964844,294.3999938964844,uint16,True
flsehuds,128,128,128,2.299999952316284,2.299999952316284,2.299999952316284,2097152,294.3999938964844,294.3999938964844,294.3999938964844,uint16,True
3qsqcq30,128,128,128,2.299999952316284,2.299999952316284,2.299999952316284,2097152,294.3999938964844,294.3999938964844,294.3999938964844,uint16,True
o30ubmc9,128,128,128,2.299999952316284,2.299999952316284,2.299999952316284,2097152,294.3999938964844,294.3999938964844,294.3999938964844,uint16,True
7c7bo119,128,128,128,2.299999952316284,2.299999952316284,2.299999952316284,2097152,294.3999938964844,294.3999938964844,294.3999938964844,uint16,True
xp9n56ny,128,128,128,2.299999952316284,2.299999952316284,2.299999952316284,2097152,294.3999938964844,294.3999938964844,294.3999938964844,uint16,True
xtxmgtt0,128,128,128,2.299999952316284,2.299999952316284,2.299999952316284,2097152,294.3999938964844,294.3999938964844,294.3999938964844,uint16,True
iaakytt3,128,128,128,2.299999952316284,2.299999952316284,2.299999952316284,2097152,294.3999938964844,294.3999938964844,294.3999938964844,uint16,True
imj70e3p,128,128,128,2.299999952316284,2.299999952316284,2.299999952316284,2097152,294.3999938964844,294.3999938964844,294.3999938964844,uint16,True
15ahdbvz,128,128,128,2.299999952316284,2.299999952316284,2.299999952316284,2097152,294.3999938964844,294.3999938964844,294.3999938964844,uint16,True
b0oih5cs,128,128,128,2.299999952316284,2.299999952316284,2.299999952316284,2097152,294.3999938964844,294.3999938964844,294.3999938964844,uint16,True
k30lvylk,128,128,128,2.299999952316284,2.299999952316284,2.299999952316284,2097152,294.3999938964844,294.3999938964844,294.3999938964844,uint16,True
fxhkc856,128,128,128,2.299999952316284,2.299999952316284,2.299999952316284,2097152,294.3999938964844,294.3999938964844,294.3999938964844,uint16,True
wpr97y2l,128,128,128,2.299999952316284,2.299999952316284,2.299999952316284,2097152,294.3999938964844,294.3999938964844,294.3999938964844,uint16,True
ofn1r4kz,128,128,128,2.299999952316284,2.299999952316284,2.299999952316284,2097152,294.3999938964844,294.3999938964844,294.3999938964844,uint16,True
36u8ueih,128,128,128,2.299999952316284,2.299999952316284,2.299999952316284,2097152,294.3999938964844,294.3999938964844,294.3999938964844,uint16,True
x74d0gjy,128,128,128,2.299999952316284,2.299999952316284,2.299999952316284,2097152,294.3999938964844,294.3999938964844,294.3999938964844,uint16,True
v5g10ur5,128,128,128,2.299999952316284,2.299999952316284,2.299999952316284,2097152,294.3999938964844,294.3999938964844,294.3999938964844,uint16,True
l8a78e9r,128,128,128,2.299999952316284,2.299999952316284,2.299999952316284,2097152,294.3999938964844,294.3999938964844,294.3999938964844,uint16,True
ivh6t1nt,128,128,128,2.299999952316284,2.299999952316284,2.299999952316284,2097152,294.3999938964844,294.3999938964844,294.3999938964844,uint16,True
mjsrd9q4,128,128,128,2.299999952316284,2.299999952316284,2.299999952316284,2097152,294.3999938964844,294.3999938964844,294.3999938964844,uint16,True
6nouhfj7,128,128,128,2.299999952316284,2.299999952316284,2.299999952316284,2097152,294.3999938964844,294.3999938964844,294.3999938964844,uint16,True
upfln4rx,128,128,128,2.299999952316284,2.299999952316284,2.299999952316284,2097152,294.3999938964844,294.3999938964844,294.3999938964844,uint16,True
yj38xrg2,128,128,128,2.299999952316284,2.299999952316284,2.299999952316284,2097152,294.3999938964844,294.3999938964844,294.3999938964844,uint16,True
gzr7txcb,128,128,128,2.299999952316284,2.299999952316284,2.299999952316284,2097152,294.3999938964844,294.3999938964844,294.3999938964844,uint16,True
48y1o4iz,128,128,128,2.299999952316284,2.299999952316284,2.299999952316284,2097152,294.3999938964844,294.3999938964844,294.3999938964844,uint16,True
asnwywrr,128,128,128,2.299999952316284,2.299999952316284,2.299999952316284,2097152,294.3999938964844,294.3999938964844,294.3999938964844,uint16,True
atatj9a3,128,128,128,2.299999952316284,2.299999952316284,2.299999952316284,2097152,294.3999938964844,294.3999938964844,294.3999938964844,uint16,True
y36ddfgs,128,128,128,2.299999952316284,2.299999952316284,2.299999952316284,2097152,294.3999938964844,294.3999938964844,294.3999938964844,uint16,True
3jonou9i,128,128,128,2.299999952316284,2.299999952316284,2.299999952316284,2097152,294.3999938964844,294.3999938964844,294.3999938964844,uint16,True
y4x41dnt,128,128,128,2.299999952316284,2.299999952316284,2.299999952316284,2097152,294.3999938964844,294.3999938964844,294.3999938964844,uint16,True
cagrp2u4,128,128,128,2.299999952316284,2.299999952316284,2.299999952316284,2097152,294.3999938964844,294.3999938964844,294.3999938964844,uint16,True
dtbh55rb,128,128,128,2.299999952316284,2.299999952316284,2.299999952316284,2097152,294.3999938964844,294.3999938964844,294.3999938964844,uint16,True
c76ub7l8,128,128,128,2.299999952316284,2.299999952316284,2.299999952316284,2097152,294.3999938964844,294.3999938964844,294.3999938964844,uint16,True
v1zocfi4,128,128,128,2.299999952316284,2.299999952316284,2.299999952316284,2097152,294.3999938964844,294.3999938964844,294.3999938964844,uint16,True
o6l1f90s,128,128,128,2.299999952316284,2.299999952316284,2.299999952316284,2097152,294.3999938964844,294.3999938964844,294.3999938964844,uint16,True
9bp4m18o,128,128,128,2.299999952316284,2.299999952316284,2.299999952316284,2097152,294.3999938964844,294.3999938964844,294.3999938964844,uint16,True
1bj9rm7p,128,128,128,2.299999952316284,2.299999952316284,2.299999952316284,2097152,294.3999938964844,294.3999938964844,294.3999938964844,uint16,True
yxdw2zcf,128,128,128,2.299999952316284,2.299999952316284,2.299999952316284,2097152,294.3999938964844,294.3999938964844,294.3999938964844,uint16,True
zw0ldalm,128,128,128,2.299999952316284,2.299999952316284,2.299999952316284,2097152,294.3999938964844,294.3999938964844,294.3999938964844,uint16,True
jegqtoam,128,128,128,2.299999952316284,2.299999952316284,2.299999952316284,2097152,294.3999938964844,294.3999938964844,294.3999938964844,uint16,True
dvlnknd6,128,128,128,2.299999952316284,2.299999952316284,2.299999952316284,2097152,294.3999938964844,294.3999938964844,294.3999938964844,uint16,True
69ugnekr,128,128,128,2.299999952316284,2.299999952316284,2.299999952316284,2097152,294.3999938964844,294.3999938964844,294.3999938964844,uint16,True
cpprcjiw,128,128,128,2.299999952316284,2.299999952316284,2.299999952316284,2097152,294.3999938964844,294.3999938964844,294.3999938964844,uint16,True
vhdk8lw2,128,128,128,2.299999952316284,2.299999952316284,2.299999952316284,2097152,294.3999938964844,294.3999938964844,294.3999938964844,uint16,True
lm349el8,128,128,128,2.299999952316284,2.299999952316284,2.299999952316284,2097152,294.3999938964844,294.3999938964844,294.3999938964844,uint16,True
hl88kzru,128,128,128,2.299999952316284,2.299999952316284,2.299999952316284,2097152,294.3999938964844,294.3999938964844,294.3999938964844,uint16,True
in3oeuvt,128,128,128,2.299999952316284,2.299999952316284,2.299999952316284,2097152,294.3999938964844,294.3999938964844,294.3999938964844,uint16,True
yt8qzpky,128,128,128,2.299999952316284,2.299999952316284,2.299999952316284,2097152,294.3999938964844,294.3999938964844,294.3999938964844,uint16,True
32orwixz,128,128,128,2.299999952316284,2.299999952316284,2.299999952316284,2097152,294.3999938964844,294.3999938964844,294.3999938964844,uint16,True
2c9ros7y,128,128,128,2.299999952316284,2.299999952316284,2.299999952316284,2097152,294.3999938964844,294.3999938964844,294.3999938964844,uint16,True
t2m6twd1,128,128,128,2.299999952316284,2.299999952316284,2.299999952316284,2097152,294.3999938964844,294.3999938964844,294.3999938964844,uint16,True
xmxb9yo1,128,128,128,2.299999952316284,2.299999952316284,2.299999952316284,2097152,294.3999938964844,294.3999938964844,294.3999938964844,uint16,True
8pajssuu,128,128,128,2.299999952316284,2.299999952316284,2.299999952316284,2097152,294.3999938964844,294.3999938964844,294.3999938964844,uint16,True
qo1vsmad,128,128,128,2.299999952316284,2.299999952316284,2.299999952316284,2097152,294.3999938964844,294.3999938964844,294.3999938964844,uint16,True
o8e7flqh,128,128,128,2.299999952316284,2.299999952316284,2.299999952316284,2097152,294.3999938964844,294.3999938964844,294.3999938964844,uint16,True
rrpzlk3e,128,128,128,2.299999952316284,2.299999952316284,2.299999952316284,2097152,294.3999938964844,294.3999938964844,294.3999938964844,uint16,True
4xyf9igf,128,128,128,2.299999952316284,2.299999952316284,2.299999952316284,2097152,294.3999938964844,294.3999938964844,294.3999938964844,uint16,True
u8iogxpb,128,128,128,2.299999952316284,2.299999952316284,2.299999952316284,2097152,294.3999938964844,294.3999938964844,294.3999938964844,uint16,True
whvnzh13,128,128,128,2.299999952316284,2.299999952316284,2.299999952316284,2097152,294.3999938964844,294.3999938964844,294.3999938964844,uint16,True
cd5glqj5,128,128,128,2.299999952316284,2.299999952316284,2.299999952316284,2097152,294.3999938964844,294.3999938964844,294.3999938964844,uint16,True
sxvwvm4w,128,128,128,2.299999952316284,2.299999952316284,2.299999952316284,2097152,294.3999938964844,294.3999938964844,294.3999938964844,uint16,True
3zkwdeek,128,128,128,2.299999952316284,2.299999952316284,2.299999952316284,2097152,294.3999938964844,294.3999938964844,294.3999938964844,uint16,True
gyspengw,128,128,128,2.299999952316284,2.299999952316284,2.299999952316284,2097152,294.3999938964844,294.3999938964844,294.3999938964844,uint16,True
yx9trflq,128,128,128,2.299999952316284,2.299999952316284,2.299999952316284,2097152,294.3999938964844,294.3999938964844,294.3999938964844,uint16,True
bmae38sr,128,128,128,2.299999952316284,2.299999952316284,2.299999952316284,2097152,294.3999938964844,294.3999938964844,294.3999938964844,uint16,True
yo4rcb1k,128,128,128,2.299999952316284,2.299999952316284,2.299999952316284,2097152,294.3999938964844,294.3999938964844,294.3999938964844,uint16,True
jtgq01te,128,128,128,2.299999952316284,2.299999952316284,2.299999952316284,2097152,294.3999938964844,294.3999938964844,294.3999938964844,uint16,True
e13n3bzt,128,128,128,2.299999952316284,2.299999952316284,2.299999952316284,2097152,294.3999938964844,294.3999938964844,294.3999938964844,uint16,True
9d31k9qm,128,128,128,2.299999952316284,2.299999952316284,2.299999952316284,2097152,294.3999938964844,294.3999938964844,294.3999938964844,uint16,True
3p91i3vm,128,128,128,2.299999952316284,2.299999952316284,2.299999952316284,2097152,294.3999938964844,294.3999938964844,294.3999938964844,uint16,True
zwffhhcm,128,128,128,2.299999952316284,2.299999952316284,2.299999952316284,2097152,294.3999938964844,294.3999938964844,294.3999938964844,uint16,True
ktlzkj49,128,128,128,2.299999952316284,2.299999952316284,2.299999952316284,2097152,294.3999938964844,294.3999938964844,294.3999938964844,uint16,True
yd82795e,128,128,128,2.299999952316284,2.299999952316284,2.299999952316284,2097152,294.3999938964844,294.3999938964844,294.3999938964844,uint16,True
5iz31yru,128,128,128,2.299999952316284,2.299999952316284,2.299999952316284,2097152,294.3999938964844,294.3999938964844,294.3999938964844,uint16,True
joqw5dsk,128,128,128,2.299999952316284,2.299999952316284,2.299999952316284,2097152,294.3999938964844,294.3999938964844,294.3999938964844,uint16,True
7n8la100,128,128,128,2.299999952316284,2.299999952316284,2.299999952316284,2097152,294.3999938964844,294.3999938964844,294.3999938964844,uint16,True
qxmcthph,128,128,128,2.299999952316284,2.299999952316284,2.299999952316284,2097152,294.3999938964844,294.3999938964844,294.3999938964844,uint16,True
j3muurmy,128,128,128,2.299999952316284,2.299999952316284,2.299999952316284,2097152,294.3999938964844,294.3999938964844,294.3999938964844,uint16,True
bd2qe4pa,128,128,128,2.299999952316284,2.299999952316284,2.299999952316284,2097152,294.3999938964844,294.3999938964844,294.3999938964844,uint16,True
8hyexf7j,128,128,128,2.299999952316284,2.299999952316284,2.299999952316284,2097152,294.3999938964844,294.3999938964844,294.3999938964844,uint16,True
xjn6fokz,128,128,128,2.299999952316284,2.299999952316284,2.299999952316284,2097152,294.3999938964844,294.3999938964844,294.3999938964844,uint16,True
ixzareiy,128,128,128,2.299999952316284,2.299999952316284,2.299999952316284,2097152,294.3999938964844,294.3999938964844,294.3999938964844,uint16,True
az39pecn,128,128,128,2.299999952316284,2.299999952316284,2.299999952316284,2097152,294.3999938964844,294.3999938964844,294.3999938964844,uint16,True
0dl5e11e,128,128,128,2.299999952316284,2.299999952316284,2.299999952316284,2097152,294.3999938964844,294.3999938964844,294.3999938964844,uint16,True
9ftaxp0w,128,128,128,2.299999952316284,2.299999952316284,2.299999952316284,2097152,294.3999938964844,294.3999938964844,294.3999938964844,uint16,True
foy4dd1v,128,128,128,2.299999952316284,2.299999952316284,2.299999952316284,2097152,294.3999938964844,294.3999938964844,294.3999938964844,uint16,True
n8lfjdtv,128,128,128,2.299999952316284,2.299999952316284,2.299999952316284,2097152,294.3999938964844,294.3999938964844,294.3999938964844,uint16,True
v2y4xkss,128,128,128,2.299999952316284,2.299999952316284,2.299999952316284,2097152,294.3999938964844,294.3999938964844,294.3999938964844,uint16,True
0kb68rer,128,128,128,2.299999952316284,2.299999952316284,2.299999952316284,2097152,294.3999938964844,294.3999938964844,294.3999938964844,uint16,True
vt997e4u,128,128,128,2.299999952316284,2.299999952316284,2.299999952316284,2097152,294.3999938964844,294.3999938964844,294.3999938964844,uint16,True
ny181acj,128,128,128,2.299999952316284,2.299999952316284,2.299999952316284,2097152,294.3999938964844,294.3999938964844,294.3999938964844,uint16,True
bc2swsoz,128,128,128,2.299999952316284,2.299999952316284,2.299999952316284,2097152,294.3999938964844,294.3999938964844,294.3999938964844,uint16,True
ctwjlsh3,128,128,128,2.299999952316284,2.299999952316284,2.299999952316284,2097152,294.3999938964844,294.3999938964844,294.3999938964844,uint16,True
tow4ycz0,128,128,128,2.299999952316284,2.299999952316284,2.299999952316284,2097152,294.3999938964844,294.3999938964844,294.3999938964844,uint16,True
4cdpqvl0,128,128,128,2.299999952316284,2.299999952316284,2.299999952316284,2097152,294.3999938964844,294.3999938964844,294.3999938964844,uint16,True
0ezzf8s2,128,128,128,2.299999952316284,2.299999952316284,2.299999952316284,2097152,294.3999938964844,294.3999938964844,294.3999938964844,uint16,True
zge2j51b,128,128,128,2.299999952316284,2.299999952316284,2.299999952316284,2097152,294.3999938964844,294.3999938964844,294.3999938964844,uint16,True
3jczucqm,128,128,128,2.299999952316284,2.299999952316284,2.299999952316284,2097152,294.3999938964844,294.3999938964844,294.3999938964844,uint16,True
runjdu0i,128,128,128,2.299999952316284,2.299999952316284,2.299999952316284,2097152,294.3999938964844,294.3999938964844,294.3999938964844,uint16,True
sb5iqnf7,128,128,128,2.299999952316284,2.299999952316284,2.299999952316284,2097152,294.3999938964844,294.3999938964844,294.3999938964844,uint16,True
4t60ploz,128,128,128,2.299999952316284,2.299999952316284,2.299999952316284,2097152,294.3999938964844,294.3999938964844,294.3999938964844,uint16,True
jcns6g29,128,128,128,2.299999952316284,2.299999952316284,2.299999952316284,2097152,294.3999938964844,294.3999938964844,294.3999938964844,uint16,True
8cqk4lta,128,128,128,2.299999952316284,2.299999952316284,2.299999952316284,2097152,294.3999938964844,294.3999938964844,294.3999938964844,uint16,True
hukwqvr1,128,128,128,2.299999952316284,2.299999952316284,2.299999952316284,2097152,294.3999938964844,294.3999938964844,294.3999938964844,uint16,True
h61iaoim,128,128,128,2.299999952316284,2.299999952316284,2.299999952316284,2097152,294.3999938964844,294.3999938964844,294.3999938964844,uint16,True
458ax40d,128,128,128,2.299999952316284,2.299999952316284,2.299999952316284,2097152,294.3999938964844,294.3999938964844,294.3999938964844,uint16,True
tirc9zd7,128,128,128,2.299999952316284,2.299999952316284,2.299999952316284,2097152,294.3999938964844,294.3999938964844,294.3999938964844,uint16,True
6szn9dde,128,128,128,2.299999952316284,2.299999952316284,2.299999952316284,2097152,294.3999938964844,294.3999938964844,294.3999938964844,uint16,True
3cup8ijl,128,128,128,2.299999952316284,2.299999952316284,2.299999952316284,2097152,294.3999938964844,294.3999938964844,294.3999938964844,uint16,True
2z0ljch2,128,128,128,2.299999952316284,2.299999952316284,2.299999952316284,2097152,294.3999938964844,294.3999938964844,294.3999938964844,uint16,True
vffqot8h,128,128,128,2.299999952316284,2.299999952316284,2.299999952316284,2097152,294.3999938964844,294.3999938964844,294.3999938964844,uint16,True
ljefy3zb,128,128,128,2.299999952316284,2.299999952316284,2.299999952316284,2097152,294.3999938964844,294.3999938964844,294.3999938964844,uint16,True
4ldimsyj,128,128,128,2.299999952316284,2.299999952316284,2.299999952316284,2097152,294.3999938964844,294.3999938964844,294.3999938964844,uint16,True
9boq0iq2,128,128,128,2.299999952316284,2.299999952316284,2.299999952316284,2097152,294.3999938964844,294.3999938964844,294.3999938964844,uint16,True
fa39e3nw,128,128,128,2.299999952316284,2.299999952316284,2.299999952316284,2097152,294.3999938964844,294.3999938964844,294.3999938964844,uint16,True
xuj3ac6p,128,128,128,2.299999952316284,2.299999952316284,2.299999952316284,2097152,294.3999938964844,294.3999938964844,294.3999938964844,uint16,True
e63lbqgu,128,128,128,2.299999952316284,2.299999952316284,2.299999952316284,2097152,294.3999938964844,294.3999938964844,294.3999938964844,uint16,True
3obyghgk,128,128,128,2.299999952316284,2.299999952316284,2.299999952316284,2097152,294.3999938964844,294.3999938964844,294.3999938964844,uint16,True
5bwikotc,128,128,128,2.299999952316284,2.299999952316284,2.299999952316284,2097152,294.3999938964844,294.3999938964844,294.3999938964844,uint16,True
keh5sw22,128,128,128,2.299999952316284,2.299999952316284,2.299999952316284,2097152,294.3999938964844,294.3999938964844,294.3999938964844,uint16,True
92mtr6sn,128,128,128,2.299999952316284,2.299999952316284,2.299999952316284,2097152,294.3999938964844,294.3999938964844,294.3999938964844,uint16,True
glh62c9t,128,128,128,2.299999952316284,2.299999952316284,2.299999952316284,2097152,294.3999938964844,294.3999938964844,294.3999938964844,uint16,True
199dxj37,128,128,128,2.299999952316284,2.299999952316284,2.299999952316284,2097152,294.3999938964844,294.3999938964844,294.3999938964844,uint16,True
c9h42m44,128,128,128,2.299999952316284,2.299999952316284,2.299999952316284,2097152,294.3999938964844,294.3999938964844,294.3999938964844,uint16,True
gv3z6bz8,128,128,128,2.299999952316284,2.299999952316284,2.299999952316284,2097152,294.3999938964844,294.3999938964844,294.3999938964844,uint16,True
uug95rlr,128,128,128,2.299999952316284,2.299999952316284,2.299999952316284,2097152,294.3999938964844,294.3999938964844,294.3999938964844,uint16,True
dihsa7he,128,128,128,2.299999952316284,2.299999952316284,2.299999952316284,2097152,294.3999938964844,294.3999938964844,294.3999938964844,uint16,True
z74lav71,128,128,128,2.299999952316284,2.299999952316284,2.299999952316284,2097152,294.3999938964844,294.3999938964844,294.3999938964844,uint16,True
448n7odk,128,128,128,2.299999952316284,2.299999952316284,2.299999952316284,2097152,294.3999938964844,294.3999938964844,294.3999938964844,uint16,True
ef828xg8,128,128,128,2.299999952316284,2.299999952316284,2.299999952316284,2097152,294.3999938964844,294.3999938964844,294.3999938964844,uint16,True
y72ivgly,128,128,128,2.299999952316284,2.299999952316284,2.299999952316284,2097152,294.3999938964844,294.3999938964844,294.3999938964844,uint16,True
e088o98b,128,128,128,2.299999952316284,2.299999952316284,2.299999952316284,2097152,294.3999938964844,294.3999938964844,294.3999938964844,uint16,True
v78hu7f0,128,128,128,2.299999952316284,2.299999952316284,2.299999952316284,2097152,294.3999938964844,294.3999938964844,294.3999938964844,uint16,True
i9g5dzx5,128,128,128,2.299999952316284,2.299999952316284,2.299999952316284,2097152,294.3999938964844,294.3999938964844,294.3999938964844,uint16,True
qjicjdan,128,128,128,2.299999952316284,2.299999952316284,2.299999952316284,2097152,294.3999938964844,294.3999938964844,294.3999938964844,uint16,True
085rntdr,128,128,128,2.299999952316284,2.299999952316284,2.299999952316284,2097152,294.3999938964844,294.3999938964844,294.3999938964844,uint16,True
5xyfc4kl,128,128,128,2.299999952316284,2.299999952316284,2.299999952316284,2097152,294.3999938964844,294.3999938964844,294.3999938964844,uint16,True
8cgn0t6d,128,128,128,2.299999952316284,2.299999952316284,2.299999952316284,2097152,294.3999938964844,294.3999938964844,294.3999938964844,uint16,True
vwrb7f6f,128,128,128,2.299999952316284,2.299999952316284,2.299999952316284,2097152,294.3999938964844,294.3999938964844,294.3999938964844,uint16,True
dhgzz0jk,128,128,128,2.299999952316284,2.299999952316284,2.299999952316284,2097152,294.3999938964844,294.3999938964844,294.3999938964844,uint16,True
ibu4fmpk,128,128,128,2.299999952316284,2.299999952316284,2.299999952316284,2097152,294.3999938964844,294.3999938964844,294.3999938964844,uint16,True
xvhagkc4,128,128,128,2.299999952316284,2.299999952316284,2.299999952316284,2097152,294.3999938964844,294.3999938964844,294.3999938964844,uint16,True
lorxdtg5,128,128,128,2.299999952316284,2.299999952316284,2.299999952316284,2097152,294.3999938964844,294.3999938964844,294.3999938964844,uint16,True
nqjqijc1,128,128,128,2.299999952316284,2.299999952316284,2.299999952316284,2097152,294.3999938964844,294.3999938964844,294.3999938964844,uint16,True
ydmt8vt4,128,128,128,2.299999952316284,2.299999952316284,2.299999952316284,2097152,294.3999938964844,294.3999938964844,294.3999938964844,uint16,True
3pt5r5rc,128,128,128,2.299999952316284,2.299999952316284,2.299999952316284,2097152,294.3999938964844,294.3999938964844,294.3999938964844,uint16,True
6zs62ywe,128,128,128,2.299999952316284,2.299999952316284,2.299999952316284,2097152,294.3999938964844,294.3999938964844,294.3999938964844,uint16,True
1g983ep9,128,128,128,2.299999952316284,2.299999952316284,2.299999952316284,2097152,294.3999938964844,294.3999938964844,294.3999938964844,uint16,True
p9w4j66c,128,128,128,2.299999952316284,2.299999952316284,2.299999952316284,2097152,294.3999938964844,294.3999938964844,294.3999938964844,uint16,True
noljq52w,128,128,128,2.299999952316284,2.299999952316284,2.299999952316284,2097152,294.3999938964844,294.3999938964844,294.3999938964844,uint16,True
spofv177,128,128,128,2.299999952316284,2.299999952316284,2.299999952316284,2097152,294.3999938964844,294.3999938964844,294.3999938964844,uint16,True
udktmonr,128,128,128,2.299999952316284,2.299999952316284,2.299999952316284,2097152,294.3999938964844,294.3999938964844,294.3999938964844,uint16,True
vbjfvyb6,128,128,128,2.299999952316284,2.299999952316284,2.299999952316284,2097152,294.3999938964844,294.3999938964844,294.3999938964844,uint16,True
li076a3k,128,128,128,2.299999952316284,2.299999952316284,2.299999952316284,2097152,294.3999938964844,294.3999938964844,294.3999938964844,uint16,True
krzd5e9p,128,128,128,2.299999952316284,2.299999952316284,2.299999952316284,2097152,294.3999938964844,294.3999938964844,294.3999938964844,uint16,True
3jpxgh30,128,128,128,2.299999952316284,2.299999952316284,2.299999952316284,2097152,294.3999938964844,294.3999938964844,294.3999938964844,uint16,True
153sflse,128,128,128,2.299999952316284,2.299999952316284,2.299999952316284,2097152,294.3999938964844,294.3999938964844,294.3999938964844,uint16,True
45bg34iq,128,128,128,2.299999952316284,2.299999952316284,2.299999952316284,2097152,294.3999938964844,294.3999938964844,294.3999938964844,uint16,True
7zj3sweb,128,128,128,2.299999952316284,2.299999952316284,2.299999952316284,2097152,294.3999938964844,294.3999938964844,294.3999938964844,uint16,True
nvg5vmf6,128,128,128,2.299999952316284,2.299999952316284,2.299999952316284,2097152,294.3999938964844,294.3999938964844,294.3999938964844,uint16,True
0yknfu84,128,128,128,2.299999952316284,2.299999952316284,2.299999952316284,2097152,294.3999938964844,294.3999938964844,294.3999938964844,uint16,True
xyjoa21a,128,128,128,2.299999952316284,2.299999952316284,2.299999952316284,2097152,294.3999938964844,294.3999938964844,294.3999938964844,uint16,True
6xvaj2k8,128,128,128,2.299999952316284,2.299999952316284,2.299999952316284,2097152,294.3999938964844,294.3999938964844,294.3999938964844,uint16,True
xpnmjqy3,128,128,128,2.299999952316284,2.299999952316284,2.299999952316284,2097152,294.3999938964844,294.3999938964844,294.3999938964844,uint16,True
odsx4nxv,128,128,128,2.299999952316284,2.299999952316284,2.299999952316284,2097152,294.3999938964844,294.3999938964844,294.3999938964844,uint16,True
kdc9x5jz,128,128,128,2.299999952316284,2.299999952316284,2.299999952316284,2097152,294.3999938964844,294.3999938964844,294.3999938964844,uint16,True
6kf1622v,128,128,128,2.299999952316284,2.299999952316284,2.299999952316284,2097152,294.3999938964844,294.3999938964844,294.3999938964844,uint16,True
xyzx9jpn,128,128,128,2.299999952316284,2.299999952316284,2.299999952316284,2097152,294.3999938964844,294.3999938964844,294.3999938964844,uint16,True
bzug0it2,128,128,128,2.299999952316284,2.299999952316284,2.299999952316284,2097152,294.3999938964844,294.3999938964844,294.3999938964844,uint16,True
6ys445gd,128,128,128,2.299999952316284,2.299999952316284,2.299999952316284,2097152,294.3999938964844,294.3999938964844,294.3999938964844,uint16,True
ej31gymd,128,128,128,2.299999952316284,2.299999952316284,2.299999952316284,2097152,294.3999938964844,294.3999938964844,294.3999938964844,uint16,True
m0l2ljk4,128,128,128,2.299999952316284,2.299999952316284,2.299999952316284,2097152,294.3999938964844,294.3999938964844,294.3999938964844,uint16,True
q5v7c6s5,128,128,128,2.299999952316284,2.299999952316284,2.299999952316284,2097152,294.3999938964844,294.3999938964844,294.3999938964844,uint16,True
nkb4ehou,128,128,128,2.299999952316284,2.299999952316284,2.299999952316284,2097152,294.3999938964844,294.3999938964844,294.3999938964844,uint16,True
6qlz2rwg,128,128,128,2.299999952316284,2.299999952316284,2.299999952316284,2097152,294.3999938964844,294.3999938964844,294.3999938964844,uint16,True
waj1g1r1,128,128,128,2.299999952316284,2.299999952316284,2.299999952316284,2097152,294.3999938964844,294.3999938964844,294.3999938964844,uint16,True
dwwo8nbh,128,128,128,2.299999952316284,2.299999952316284,2.299999952316284,2097152,294.3999938964844,294.3999938964844,294.3999938964844,uint16,True
nal3gywi,128,128,128,2.299999952316284,2.299999952316284,2.299999952316284,2097152,294.3999938964844,294.3999938964844,294.3999938964844,uint16,True
ymenvg3k,128,128,128,2.299999952316284,2.299999952316284,2.299999952316284,2097152,294.3999938964844,294.3999938964844,294.3999938964844,uint16,True
k0vm59m6,128,128,128,2.299999952316284,2.299999952316284,2.299999952316284,2097152,294.3999938964844,294.3999938964844,294.3999938964844,uint16,True
mg87oi0e,128,128,128,2.299999952316284,2.299999952316284,2.299999952316284,2097152,294.3999938964844,294.3999938964844,294.3999938964844,uint16,True
0vgnxb5j,128,128,128,2.299999952316284,2.299999952316284,2.299999952316284,2097152,294.3999938964844,294.3999938964844,294.3999938964844,uint16,True
tb9xxayp,128,128,128,2.299999952316284,2.299999952316284,2.299999952316284,2097152,294.3999938964844,294.3999938964844,294.3999938964844,uint16,True
ntrfzwkx,128,128,128,2.299999952316284,2.299999952316284,2.299999952316284,2097152,294.3999938964844,294.3999938964844,294.3999938964844,uint16,True
xjve3dze,128,128,128,2.299999952316284,2.299999952316284,2.299999952316284,2097152,294.3999938964844,294.3999938964844,294.3999938964844,uint16,True
edhhjshz,128,128,128,2.299999952316284,2.299999952316284,2.299999952316284,2097152,294.3999938964844,294.3999938964844,294.3999938964844,uint16,True
kbrh7lay,128,128,128,2.299999952316284,2.299999952316284,2.299999952316284,2097152,294.3999938964844,294.3999938964844,294.3999938964844,uint16,True
64yfds0d,128,128,128,2.299999952316284,2.299999952316284,2.299999952316284,2097152,294.3999938964844,294.3999938964844,294.3999938964844,uint16,True
ji9kqdgb,128,128,128,2.299999952316284,2.299999952316284,2.299999952316284,2097152,294.3999938964844,294.3999938964844,294.3999938964844,uint16,True
k2l0d1b4,128,128,128,2.299999952316284,2.299999952316284,2.299999952316284,2097152,294.3999938964844,294.3999938964844,294.3999938964844,uint16,True
xgmpw5d3,128,128,128,2.299999952316284,2.299999952316284,2.299999952316284,2097152,294.3999938964844,294.3999938964844,294.3999938964844,uint16,True
go8jn42x,128,128,128,2.299999952316284,2.299999952316284,2.299999952316284,2097152,294.3999938964844,294.3999938964844,294.3999938964844,uint16,True
2ezc7fov,128,128,128,2.299999952316284,2.299999952316284,2.299999952316284,2097152,294.3999938964844,294.3999938964844,294.3999938964844,uint16,True
2ygnmby4,128,128,128,2.299999952316284,2.299999952316284,2.299999952316284,2097152,294.3999938964844,294.3999938964844,294.3999938964844,uint16,True
9e7eobjl,128,128,128,2.299999952316284,2.299999952316284,2.299999952316284,2097152,294.3999938964844,294.3999938964844,294.3999938964844,uint16,True
zy1uu9ym,128,128,128,2.299999952316284,2.299999952316284,2.299999952316284,2097152,294.3999938964844,294.3999938964844,294.3999938964844,uint16,True
szdximyn,128,128,128,2.299999952316284,2.299999952316284,2.299999952316284,2097152,294.3999938964844,294.3999938964844,294.3999938964844,uint16,True
4u9bxf44,128,128,128,2.299999952316284,2.299999952316284,2.299999952316284,2097152,294.3999938964844,294.3999938964844,294.3999938964844,uint16,True
5cri8bix,128,128,128,2.299999952316284,2.299999952316284,2.299999952316284,2097152,294.3999938964844,294.3999938964844,294.3999938964844,uint16,True
oiq2q4qe,128,128,128,2.299999952316284,2.299999952316284,2.299999952316284,2097152,294.3999938964844,294.3999938964844,294.3999938964844,uint16,True
rxdouadv,128,128,128,2.299999952316284,2.299999952316284,2.299999952316284,2097152,294.3999938964844,294.3999938964844,294.3999938964844,uint16,True
ei3zrrhf,256,256,256,2.4600000381469727,2.4600000381469727,2.4600000381469727,16777216,629.760009765625,629.760009765625,629.760009765625,uint16,True
4abufwbu,256,256,256,2.4600000381469727,2.4600000381469727,2.4600000381469727,16777216,629.760009765625,629.760009765625,629.760009765625,uint16,True
cjg8vuaz,256,256,256,2.4600000381469727,2.4600000381469727,2.4600000381469727,16777216,629.760009765625,629.760009765625,629.760009765625,uint16,True
xkdq95g3,256,256,256,2.4600000381469727,2.4600000381469727,2.4600000381469727,16777216,629.760009765625,629.760009765625,629.760009765625,uint16,True
v23gxj0m,256,256,256,2.4600000381469727,2.4600000381469727,2.4600000381469727,16777216,629.760009765625,629.760009765625,629.760009765625,uint16,True
qvindh4s,256,256,256,2.4600000381469727,2.4600000381469727,2.4600000381469727,16777216,629.760009765625,629.760009765625,629.760009765625,uint16,True
pfdrwb2s,256,256,256,2.4600000381469727,2.4600000381469727,2.4600000381469727,16777216,629.760009765625,629.760009765625,629.760009765625,uint16,True
erev361x,256,256,256,2.4600000381469727,2.4600000381469727,2.4600000381469727,16777216,629.760009765625,629.760009765625,629.760009765625,uint16,True
snbti22n,256,256,256,2.4600000381469727,2.4600000381469727,2.4600000381469727,16777216,629.760009765625,629.760009765625,629.760009765625,uint16,True
v01zderi,256,256,256,2.4600000381469727,2.4600000381469727,2.4600000381469727,16777216,629.760009765625,629.760009765625,629.760009765625,uint16,True
4k5ogz2u,256,256,256,2.4600000381469727,2.4600000381469727,2.4600000381469727,16777216,629.760009765625,629.760009765625,629.760009765625,uint16,True
eaxylnfx,256,256,256,2.4600000381469727,2.4600000381469727,2.4600000381469727,16777216,629.760009765625,629.760009765625,629.760009765625,uint16,True
j4pnjy1o,256,256,256,2.4600000381469727,2.4600000381469727,2.4600000381469727,16777216,629.760009765625,629.760009765625,629.760009765625,uint16,True
2rntjlmz,256,256,256,2.4600000381469727,2.4600000381469727,2.4600000381469727,16777216,629.760009765625,629.760009765625,629.760009765625,uint16,True
04x0qzfh,256,256,256,2.4600000381469727,2.4600000381469727,2.4600000381469727,16777216,629.760009765625,629.760009765625,629.760009765625,uint16,True
omtzzf8a,256,256,256,2.4600000381469727,2.4600000381469727,2.4600000381469727,16777216,629.760009765625,629.760009765625,629.760009765625,uint16,True
df7pchcb,256,256,256,2.4600000381469727,2.4600000381469727,2.4600000381469727,16777216,629.760009765625,629.760009765625,629.760009765625,uint16,True
n9wszv83,256,256,256,2.4600000381469727,2.4600000381469727,2.4600000381469727,16777216,629.760009765625,629.760009765625,629.760009765625,uint16,True
xphx2kbv,256,256,256,2.4600000381469727,2.4600000381469727,2.4600000381469727,16777216,629.760009765625,629.760009765625,629.760009765625,uint16,True
sigbiaf9,256,256,256,2.4600000381469727,2.4600000381469727,2.4600000381469727,16777216,629.760009765625,629.760009765625,629.760009765625,uint16,True
2movs0cd,256,256,256,2.4600000381469727,2.4600000381469727,2.4600000381469727,16777216,629.760009765625,629.760009765625,629.760009765625,uint16,True
k36m8jvh,256,256,256,2.4600000381469727,2.4600000381469727,2.4600000381469727,16777216,629.760009765625,629.760009765625,629.760009765625,uint16,True
7ujodck8,256,256,256,2.4600000381469727,2.4600000381469727,2.4600000381469727,16777216,629.760009765625,629.760009765625,629.760009765625,uint16,True
2853uy8u,256,256,256,2.4600000381469727,2.4600000381469727,2.4600000381469727,16777216,629.760009765625,629.760009765625,629.760009765625,uint16,True
118qqvae,256,256,256,2.4600000381469727,2.4600000381469727,2.4600000381469727,16777216,629.760009765625,629.760009765625,629.760009765625,uint16,True
cw9yil8s,256,256,256,2.4600000381469727,2.4600000381469727,2.4600000381469727,16777216,629.760009765625,629.760009765625,629.760009765625,uint16,True
a3idy3c7,256,256,256,2.4600000381469727,2.4600000381469727,2.4600000381469727,16777216,629.760009765625,629.760009765625,629.760009765625,uint16,True
rm6j8y6r,256,256,256,2.4600000381469727,2.4600000381469727,2.4600000381469727,16777216,629.760009765625,629.760009765625,629.760009765625,uint16,True
h05hhiwf,256,256,256,2.4600000381469727,2.4600000381469727,2.4600000381469727,16777216,629.760009765625,629.760009765625,629.760009765625,uint16,True
d7yxw1tb,256,256,256,2.4600000381469727,2.4600000381469727,2.4600000381469727,16777216,629.760009765625,629.760009765625,629.760009765625,uint16,True
rwr965r9,256,256,256,2.4600000381469727,2.4600000381469727,2.4600000381469727,16777216,629.760009765625,629.760009765625,629.760009765625,uint16,True
6khub2rt,256,256,256,2.4600000381469727,2.4600000381469727,2.4600000381469727,16777216,629.760009765625,629.760009765625,629.760009765625,uint16,True
soyg9zqy,256,256,256,2.4600000381469727,2.4600000381469727,2.4600000381469727,16777216,629.760009765625,629.760009765625,629.760009765625,uint16,True
ahulwjti,256,256,256,2.4600000381469727,2.4600000381469727,2.4600000381469727,16777216,629.760009765625,629.760009765625,629.760009765625,uint16,True
qwnrhzn4,256,256,256,2.4600000381469727,2.4600000381469727,2.4600000381469727,16777216,629.760009765625,629.760009765625,629.760009765625,uint16,True
kgeuidji,256,256,256,2.4600000381469727,2.4600000381469727,2.4600000381469727,16777216,629.760009765625,629.760009765625,629.760009765625,uint16,True
pnf8f3gr,256,256,256,2.4600000381469727,2.4600000381469727,2.4600000381469727,16777216,629.760009765625,629.760009765625,629.760009765625,uint16,True
94sz2kuu,256,256,256,2.4600000381469727,2.4600000381469727,2.4600000381469727,16777216,629.760009765625,629.760009765625,629.760009765625,uint16,True
oyc3rwqm,256,256,256,2.4600000381469727,2.4600000381469727,2.4600000381469727,16777216,629.760009765625,629.760009765625,629.760009765625,uint16,True
mu7jae58,256,256,256,2.4600000381469727,2.4600000381469727,2.4600000381469727,16777216,629.760009765625,629.760009765625,629.760009765625,uint16,True
huxg2myr,256,256,256,2.4600000381469727,2.4600000381469727,2.4600000381469727,16777216,629.760009765625,629.760009765625,629.760009765625,uint16,True
06nkwfg3,256,256,256,2.4600000381469727,2.4600000381469727,2.4600000381469727,16777216,629.760009765625,629.760009765625,629.760009765625,uint16,True
mwu4cfil,256,256,256,2.4600000381469727,2.4600000381469727,2.4600000381469727,16777216,629.760009765625,629.760009765625,629.760009765625,uint16,True
kjxjq5nv,256,256,256,2.4600000381469727,2.4600000381469727,2.4600000381469727,16777216,629.760009765625,629.760009765625,629.760009765625,uint16,True
8oga0x7z,256,256,256,2.4600000381469727,2.4600000381469727,2.4600000381469727,16777216,629.760009765625,629.760009765625,629.760009765625,uint16,True
cgdc5tao,256,256,256,2.4600000381469727,2.4600000381469727,2.4600000381469727,16777216,629.760009765625,629.760009765625,629.760009765625,uint16,True
1cjfx5li,256,256,256,2.4600000381469727,2.4600000381469727,2.4600000381469727,16777216,629.760009765625,629.760009765625,629.760009765625,uint16,True
kwe4bx4l,256,256,256,2.4600000381469727,2.4600000381469727,2.4600000381469727,16777216,629.760009765625,629.760009765625,629.760009765625,uint16,True
r9tjq8zg,256,256,256,2.4600000381469727,2.4600000381469727,2.4600000381469727,16777216,629.760009765625,629.760009765625,629.760009765625,uint16,True
vwwusxlm,256,256,256,2.4600000381469727,2.4600000381469727,2.4600000381469727,16777216,629.760009765625,629.760009765625,629.760009765625,uint16,True
t2pnjka3,256,256,256,2.4600000381469727,2.4600000381469727,2.4600000381469727,16777216,629.760009765625,629.760009765625,629.760009765625,uint16,True
4mqa78ra,256,256,256,2.4600000381469727,2.4600000381469727,2.4600000381469727,16777216,629.760009765625,629.760009765625,629.760009765625,uint16,True
pkianouo,256,256,256,2.4600000381469727,2.4600000381469727,2.4600000381469727,16777216,629.760009765625,629.760009765625,629.760009765625,uint16,True
f0onjpi1,256,256,256,2.4600000381469727,2.4600000381469727,2.4600000381469727,16777216,629.760009765625,629.760009765625,629.760009765625,uint16,True
63yk03o4,256,256,256,2.4600000381469727,2.4600000381469727,2.4600000381469727,16777216,629.760009765625,629.760009765625,629.760009765625,uint16,True
gkwwjwga,256,256,256,2.4600000381469727,2.4600000381469727,2.4600000381469727,16777216,629.760009765625,629.760009765625,629.760009765625,uint16,True
btgdjz0i,256,256,256,2.4600000381469727,2.4600000381469727,2.4600000381469727,16777216,629.760009765625,629.760009765625,629.760009765625,uint16,True
frml29q2,256,256,256,2.4600000381469727,2.4600000381469727,2.4600000381469727,16777216,629.760009765625,629.760009765625,629.760009765625,uint16,True
l48c1cqg,256,256,256,2.4600000381469727,2.4600000381469727,2.4600000381469727,16777216,629.760009765625,629.760009765625,629.760009765625,uint16,True
433e1i1p,256,256,256,2.4600000381469727,2.4600000381469727,2.4600000381469727,16777216,629.760009765625,629.760009765625,629.760009765625,uint16,True
0bq1s9ry,256,256,256,2.4600000381469727,2.4600000381469727,2.4600000381469727,16777216,629.760009765625,629.760009765625,629.760009765625,uint16,True
llwb7sjw,256,256,256,2.4600000381469727,2.4600000381469727,2.4600000381469727,16777216,629.760009765625,629.760009765625,629.760009765625,uint16,True
h55hewlg,256,256,256,2.4600000381469727,2.4600000381469727,2.4600000381469727,16777216,629.760009765625,629.760009765625,629.760009765625,uint16,True
je2ab2rv,256,256,256,2.4600000381469727,2.4600000381469727,2.4600000381469727,16777216,629.760009765625,629.760009765625,629.760009765625,uint16,True
ndfdw79w,256,256,256,2.4600000381469727,2.4600000381469727,2.4600000381469727,16777216,629.760009765625,629.760009765625,629.760009765625,uint16,True
cxz2ei92,256,256,256,2.4600000381469727,2.4600000381469727,2.4600000381469727,16777216,629.760009765625,629.760009765625,629.760009765625,uint16,True
12pgyme6,256,256,256,2.4600000381469727,2.4600000381469727,2.4600000381469727,16777216,629.760009765625,629.760009765625,629.760009765625,uint16,True
rpkzggm0,256,256,256,2.4600000381469727,2.4600000381469727,2.4600000381469727,16777216,629.760009765625,629.760009765625,629.760009765625,uint16,True
j36tcfkj,256,256,256,2.4600000381469727,2.4600000381469727,2.4600000381469727,16777216,629.760009765625,629.760009765625,629.760009765625,uint16,True
nawnga41,256,256,256,2.4600000381469727,2.4600000381469727,2.4600000381469727,16777216,629.760009765625,629.760009765625,629.760009765625,uint16,True
izxtnsrt,256,256,256,2.4600000381469727,2.4600000381469727,2.4600000381469727,16777216,629.760009765625,629.760009765625,629.760009765625,uint16,True
wlxdsc4e,256,256,256,2.4600000381469727,2.4600000381469727,2.4600000381469727,16777216,629.760009765625,629.760009765625,629.760009765625,uint16,True
5hrdu4xs,256,256,256,2.4600000381469727,2.4600000381469727,2.4600000381469727,16777216,629.760009765625,629.760009765625,629.760009765625,uint16,True
zjnvc7hr,256,256,256,2.4600000381469727,2.4600000381469727,2.4600000381469727,16777216,629.760009765625,629.760009765625,629.760009765625,uint16,True
6c2cu7on,256,256,256,2.4600000381469727,2.4600000381469727,2.4600000381469727,16777216,629.760009765625,629.760009765625,629.760009765625,uint16,True
z3jbck88,256,256,256,2.4600000381469727,2.4600000381469727,2.4600000381469727,16777216,629.760009765625,629.760009765625,629.760009765625,uint16,True
d0tgsiwg,256,256,256,2.4600000381469727,2.4600000381469727,2.4600000381469727,16777216,629.760009765625,629.760009765625,629.760009765625,uint16,True
0odwmqx5,256,256,256,2.4600000381469727,2.4600000381469727,2.4600000381469727,16777216,629.760009765625,629.760009765625,629.760009765625,uint16,True
ggomf9pm,256,256,256,2.4600000381469727,2.4600000381469727,2.4600000381469727,16777216,629.760009765625,629.760009765625,629.760009765625,uint16,True
l9ln1p0v,256,256,256,2.4600000381469727,2.4600000381469727,2.4600000381469727,16777216,629.760009765625,629.760009765625,629.760009765625,uint16,True
uh17j8qo,256,256,256,2.4600000381469727,2.4600000381469727,2.4600000381469727,16777216,629.760009765625,629.760009765625,629.760009765625,uint16,True
09vs9kkh,256,256,256,2.4600000381469727,2.4600000381469727,2.4600000381469727,16777216,629.760009765625,629.760009765625,629.760009765625,uint16,True
4a3yjtu7,256,256,256,2.4600000381469727,2.4600000381469727,2.4600000381469727,16777216,629.760009765625,629.760009765625,629.760009765625,uint16,True
fbmenui3,256,256,256,2.4600000381469727,2.4600000381469727,2.4600000381469727,16777216,629.760009765625,629.760009765625,629.760009765625,uint16,True
do7002g3,256,256,256,2.4600000381469727,2.4600000381469727,2.4600000381469727,16777216,629.760009765625,629.760009765625,629.760009765625,uint16,True
yu6vk0uc,256,256,256,2.4600000381469727,2.4600000381469727,2.4600000381469727,16777216,629.760009765625,629.760009765625,629.760009765625,uint16,True
c1m3o55i,256,256,256,2.4600000381469727,2.4600000381469727,2.4600000381469727,16777216,629.760009765625,629.760009765625,629.760009765625,uint16,True
xva1nkbt,256,256,256,2.4600000381469727,2.4600000381469727,2.4600000381469727,16777216,629.760009765625,629.760009765625,629.760009765625,uint16,True
fshb0oqv,256,256,256,2.4600000381469727,2.4600000381469727,2.4600000381469727,16777216,629.760009765625,629.760009765625,629.760009765625,uint16,True
shkoecub,256,256,256,2.4600000381469727,2.4600000381469727,2.4600000381469727,16777216,629.760009765625,629.760009765625,629.760009765625,uint16,True
ods1eeur,256,256,256,2.4600000381469727,2.4600000381469727,2.4600000381469727,16777216,629.760009765625,629.760009765625,629.760009765625,uint16,True
xhw0ic1l,256,256,256,2.4600000381469727,2.4600000381469727,2.4600000381469727,16777216,629.760009765625,629.760009765625,629.760009765625,uint16,True
7dypmlva,256,256,256,2.4600000381469727,2.4600000381469727,2.4600000381469727,16777216,629.760009765625,629.760009765625,629.760009765625,uint16,True
k9w9pfb3,256,256,256,2.4600000381469727,2.4600000381469727,2.4600000381469727,16777216,629.760009765625,629.760009765625,629.760009765625,uint16,True
hn14eb87,256,256,256,2.4600000381469727,2.4600000381469727,2.4600000381469727,16777216,629.760009765625,629.760009765625,629.760009765625,uint16,True
53ayeqah,256,256,256,2.4600000381469727,2.4600000381469727,2.4600000381469727,16777216,629.760009765625,629.760009765625,629.760009765625,uint16,True
thsjr0fz,256,256,256,2.4600000381469727,2.4600000381469727,2.4600000381469727,16777216,629.760009765625,629.760009765625,629.760009765625,uint16,True
auxbgk2w,256,256,256,2.4600000381469727,2.4600000381469727,2.4600000381469727,16777216,629.760009765625,629.760009765625,629.760009765625,uint16,True
bxanj4x5,256,256,256,2.4600000381469727,2.4600000381469727,2.4600000381469727,16777216,629.760009765625,629.760009765625,629.760009765625,uint16,True
a5xin9dl,256,256,256,2.4600000381469727,2.4600000381469727,2.4600000381469727,16777216,629.760009765625,629.760009765625,629.760009765625,uint16,True
5tgsq7ai,256,256,256,2.4600000381469727,2.4600000381469727,2.4600000381469727,16777216,629.760009765625,629.760009765625,629.760009765625,uint16,True
tmofmmwi,256,256,256,2.4600000381469727,2.4600000381469727,2.4600000381469727,16777216,629.760009765625,629.760009765625,629.760009765625,uint16,True
9s3w563b,256,256,256,2.4600000381469727,2.4600000381469727,2.4600000381469727,16777216,629.760009765625,629.760009765625,629.760009765625,uint16,True
tkf6xdn8,256,256,256,2.4600000381469727,2.4600000381469727,2.4600000381469727,16777216,629.760009765625,629.760009765625,629.760009765625,uint16,True
wwiif86l,256,256,256,2.4600000381469727,2.4600000381469727,2.4600000381469727,16777216,629.760009765625,629.760009765625,629.760009765625,uint16,True
thet25lz,256,256,256,2.4600000381469727,2.4600000381469727,2.4600000381469727,16777216,629.760009765625,629.760009765625,629.760009765625,uint16,True
se99f77l,256,256,256,2.4600000381469727,2.4600000381469727,2.4600000381469727,16777216,629.760009765625,629.760009765625,629.760009765625,uint16,True
u8el5015,256,256,256,2.4600000381469727,2.4600000381469727,2.4600000381469727,16777216,629.760009765625,629.760009765625,629.760009765625,uint16,True
oop767j2,256,256,256,2.4600000381469727,2.4600000381469727,2.4600000381469727,16777216,629.760009765625,629.760009765625,629.760009765625,uint16,True
dg1wjuii,256,256,256,2.4600000381469727,2.4600000381469727,2.4600000381469727,16777216,629.760009765625,629.760009765625,629.760009765625,uint16,True
ymyrsvzn,256,256,256,2.4600000381469727,2.4600000381469727,2.4600000381469727,16777216,629.760009765625,629.760009765625,629.760009765625,uint16,True
4regb1aj,256,256,256,2.4600000381469727,2.4600000381469727,2.4600000381469727,16777216,629.760009765625,629.760009765625,629.760009765625,uint16,True
o091c795,256,256,256,2.4600000381469727,2.4600000381469727,2.4600000381469727,16777216,629.760009765625,629.760009765625,629.760009765625,uint16,True
rlqiob0n,256,256,256,2.4600000381469727,2.4600000381469727,2.4600000381469727,16777216,629.760009765625,629.760009765625,629.760009765625,uint16,True
lw0vs52s,256,256,256,2.4600000381469727,2.4600000381469727,2.4600000381469727,16777216,629.760009765625,629.760009765625,629.760009765625,uint16,True
q3b9so0u,256,256,256,2.4600000381469727,2.4600000381469727,2.4600000381469727,16777216,629.760009765625,629.760009765625,629.760009765625,uint16,True
swbkok3q,256,256,256,2.4600000381469727,2.4600000381469727,2.4600000381469727,16777216,629.760009765625,629.760009765625,629.760009765625,uint16,True
pwbsf3q0,256,256,256,2.4600000381469727,2.4600000381469727,2.4600000381469727,16777216,629.760009765625,629.760009765625,629.760009765625,uint16,True
e27zeoqg,256,256,256,2.4600000381469727,2.4600000381469727,2.4600000381469727,16777216,629.760009765625,629.760009765625,629.760009765625,uint16,True
vzhqjy62,256,256,256,2.4600000381469727,2.4600000381469727,2.4600000381469727,16777216,629.760009765625,629.760009765625,629.760009765625,uint16,True
zeeqnsn2,256,256,256,2.4600000381469727,2.4600000381469727,2.4600000381469727,16777216,629.760009765625,629.760009765625,629.760009765625,uint16,True
s8nn16ux,256,256,256,2.4600000381469727,2.4600000381469727,2.4600000381469727,16777216,629.760009765625,629.760009765625,629.760009765625,uint16,True
f5gzpl1q,256,256,256,2.4600000381469727,2.4600000381469727,2.4600000381469727,16777216,629.760009765625,629.760009765625,629.760009765625,uint16,True
weehwjq4,256,256,256,2.4600000381469727,2.4600000381469727,2.4600000381469727,16777216,629.760009765625,629.760009765625,629.760009765625,uint16,True
ta5ivroc,256,256,256,2.4600000381469727,2.4600000381469727,2.4600000381469727,16777216,629.760009765625,629.760009765625,629.760009765625,uint16,True
vitwu3bf,256,256,256,2.4600000381469727,2.4600000381469727,2.4600000381469727,16777216,629.760009765625,629.760009765625,629.760009765625,uint16,True
xb4y4k7b,256,256,256,2.4600000381469727,2.4600000381469727,2.4600000381469727,16777216,629.760009765625,629.760009765625,629.760009765625,uint16,True
pgyvyv2g,256,256,256,2.4600000381469727,2.4600000381469727,2.4600000381469727,16777216,629.760009765625,629.760009765625,629.760009765625,uint16,True
qu7dknnc,256,256,256,2.4600000381469727,2.4600000381469727,2.4600000381469727,16777216,629.760009765625,629.760009765625,629.760009765625,uint16,True
ptkezjss,256,256,256,2.4600000381469727,2.4600000381469727,2.4600000381469727,16777216,629.760009765625,629.760009765625,629.760009765625,uint16,True
zwd0w9ry,256,256,256,2.4600000381469727,2.4600000381469727,2.4600000381469727,16777216,629.760009765625,629.760009765625,629.760009765625,uint16,True
79kvls9m,256,256,256,2.4600000381469727,2.4600000381469727,2.4600000381469727,16777216,629.760009765625,629.760009765625,629.760009765625,uint16,True
euswrgvz,256,256,256,2.4600000381469727,2.4600000381469727,2.4600000381469727,16777216,629.760009765625,629.760009765625,629.760009765625,uint16,True
9aawe429,256,256,256,2.4600000381469727,2.4600000381469727,2.4600000381469727,16777216,629.760009765625,629.760009765625,629.760009765625,uint16,True
omuwahk2,256,256,256,2.4600000381469727,2.4600000381469727,2.4600000381469727,16777216,629.760009765625,629.760009765625,629.760009765625,uint16,True
lslaym0w,256,256,256,2.4600000381469727,2.4600000381469727,2.4600000381469727,16777216,629.760009765625,629.760009765625,629.760009765625,uint16,True
bglmy62x,256,256,256,2.4600000381469727,2.4600000381469727,2.4600000381469727,16777216,629.760009765625,629.760009765625,629.760009765625,uint16,True
rw6tm2o0,256,256,256,2.4600000381469727,2.4600000381469727,2.4600000381469727,16777216,629.760009765625,629.760009765625,629.760009765625,uint16,True
4k0lthy2,256,256,256,2.4600000381469727,2.4600000381469727,2.4600000381469727,16777216,629.760009765625,629.760009765625,629.760009765625,uint16,True
5m8kb9w4,256,256,256,2.4600000381469727,2.4600000381469727,2.4600000381469727,16777216,629.760009765625,629.760009765625,629.760009765625,uint16,True
uov51zlb,256,256,256,2.4600000381469727,2.4600000381469727,2.4600000381469727,16777216,629.760009765625,629.760009765625,629.760009765625,uint16,True
oriq8hke,256,256,256,2.4600000381469727,2.4600000381469727,2.4600000381469727,16777216,629.760009765625,629.760009765625,629.760009765625,uint16,True
226parsg,256,256,256,2.4600000381469727,2.4600000381469727,2.4600000381469727,16777216,629.760009765625,629.760009765625,629.760009765625,uint16,True
70s1f537,256,256,256,2.4600000381469727,2.4600000381469727,2.4600000381469727,16777216,629.760009765625,629.760009765625,629.760009765625,uint16,True
ye0qzsa7,256,256,256,2.4600000381469727,2.4600000381469727,2.4600000381469727,16777216,629.760009765625,629.760009765625,629.760009765625,uint16,True
yvdqbsxl,256,256,256,2.4600000381469727,2.4600000381469727,2.4600000381469727,16777216,629.760009765625,629.760009765625,629.760009765625,uint16,True
ul6lgjlp,256,256,256,2.4600000381469727,2.4600000381469727,2.4600000381469727,16777216,629.760009765625,629.760009765625,629.760009765625,uint16,True
efjawshm,256,256,256,2.4600000381469727,2.4600000381469727,2.4600000381469727,16777216,629.760009765625,629.760009765625,629.760009765625,uint16,True
lfzkicwm,256,256,256,2.4600000381469727,2.4600000381469727,2.4600000381469727,16777216,629.760009765625,629.760009765625,629.760009765625,uint16,True
peqydbpg,256,256,256,2.4600000381469727,2.4600000381469727,2.4600000381469727,16777216,629.760009765625,629.760009765625,629.760009765625,uint16,True
vv4zwl3z,256,256,256,2.4600000381469727,2.4600000381469727,2.4600000381469727,16777216,629.760009765625,629.760009765625,629.760009765625,uint16,True
yt91qe37,256,256,256,2.4600000381469727,2.4600000381469727,2.4600000381469727,16777216,629.760009765625,629.760009765625,629.760009765625,uint16,True
qqyzqii4,256,256,256,2.4600000381469727,2.4600000381469727,2.4600000381469727,16777216,629.760009765625,629.760009765625,629.760009765625,uint16,True
w6ozx25q,256,256,256,2.4600000381469727,2.4600000381469727,2.4600000381469727,16777216,629.760009765625,629.760009765625,629.760009765625,uint16,True
brmqg1ve,256,256,256,2.4600000381469727,2.4600000381469727,2.4600000381469727,16777216,629.760009765625,629.760009765625,629.760009765625,uint16,True
d32lx2to,256,256,256,2.4600000381469727,2.4600000381469727,2.4600000381469727,16777216,629.760009765625,629.760009765625,629.760009765625,uint16,True
owt9nm3v,256,256,256,2.4600000381469727,2.4600000381469727,2.4600000381469727,16777216,629.760009765625,629.760009765625,629.760009765625,uint16,True
2p2tixc7,256,256,256,2.4600000381469727,2.4600000381469727,2.4600000381469727,16777216,629.760009765625,629.760009765625,629.760009765625,uint16,True
urvqt3g8,256,256,256,2.4600000381469727,2.4600000381469727,2.4600000381469727,16777216,629.760009765625,629.760009765625,629.760009765625,uint16,True
cd31nrxd,256,256,256,2.4600000381469727,2.4600000381469727,2.4600000381469727,16777216,629.760009765625,629.760009765625,629.760009765625,uint16,True
356wafft,256,256,256,2.4600000381469727,2.4600000381469727,2.4600000381469727,16777216,629.760009765625,629.760009765625,629.760009765625,uint16,True
ouhylu6k,256,256,256,2.4600000381469727,2.4600000381469727,2.4600000381469727,16777216,629.760009765625,629.760009765625,629.760009765625,uint16,True
7p9mda9o,256,256,256,2.4600000381469727,2.4600000381469727,2.4600000381469727,16777216,629.760009765625,629.760009765625,629.760009765625,uint16,True
ekntbz3m,256,256,256,2.4600000381469727,2.4600000381469727,2.4600000381469727,16777216,629.760009765625,629.760009765625,629.760009765625,uint16,True
55izolnn,256,256,256,2.4600000381469727,2.4600000381469727,2.4600000381469727,16777216,629.760009765625,629.760009765625,629.760009765625,uint16,True
txrgn74f,256,256,256,2.4600000381469727,2.4600000381469727,2.4600000381469727,16777216,629.760009765625,629.760009765625,629.760009765625,uint16,True
9yecazrp,256,256,256,2.4600000381469727,2.4600000381469727,2.4600000381469727,16777216,629.760009765625,629.760009765625,629.760009765625,uint16,True
9dxoq2vp,256,256,256,2.4600000381469727,2.4600000381469727,2.4600000381469727,16777216,629.760009765625,629.760009765625,629.760009765625,uint16,True
gstqmgvu,256,256,256,2.4600000381469727,2.4600000381469727,2.4600000381469727,16777216,629.760009765625,629.760009765625,629.760009765625,uint16,True
4isotn9u,256,256,256,2.4600000381469727,2.4600000381469727,2.4600000381469727,16777216,629.760009765625,629.760009765625,629.760009765625,uint16,True
zeryf099,256,256,256,2.4600000381469727,2.4600000381469727,2.4600000381469727,16777216,629.760009765625,629.760009765625,629.760009765625,uint16,True
2qc6dr08,256,256,256,2.4600000381469727,2.4600000381469727,2.4600000381469727,16777216,629.760009765625,629.760009765625,629.760009765625,uint16,True
cw2lbm2q,256,256,256,2.4600000381469727,2.4600000381469727,2.4600000381469727,16777216,629.760009765625,629.760009765625,629.760009765625,uint16,True
sq0p82kb,256,256,256,2.4600000381469727,2.4600000381469727,2.4600000381469727,16777216,629.760009765625,629.760009765625,629.760009765625,uint16,True
700ucrgb,256,256,256,2.4600000381469727,2.4600000381469727,2.4600000381469727,16777216,629.760009765625,629.760009765625,629.760009765625,uint16,True
93wkcs4k,256,256,256,2.4600000381469727,2.4600000381469727,2.4600000381469727,16777216,629.760009765625,629.760009765625,629.760009765625,uint16,True
ek4aegvf,256,256,256,2.4600000381469727,2.4600000381469727,2.4600000381469727,16777216,629.760009765625,629.760009765625,629.760009765625,uint16,True
q3jzr25m,256,256,256,2.4600000381469727,2.4600000381469727,2.4600000381469727,16777216,629.760009765625,629.760009765625,629.760009765625,uint16,True
df7fr91i,256,256,256,2.4600000381469727,2.4600000381469727,2.4600000381469727,16777216,629.760009765625,629.760009765625,629.760009765625,uint16,True
pwh0mx1e,256,256,256,2.4600000381469727,2.4600000381469727,2.4600000381469727,16777216,629.760009765625,629.760009765625,629.760009765625,uint16,True
gok01tnz,256,256,256,2.4600000381469727,2.4600000381469727,2.4600000381469727,16777216,629.760009765625,629.760009765625,629.760009765625,uint16,True
rf5a7qy8,256,256,256,2.4600000381469727,2.4600000381469727,2.4600000381469727,16777216,629.760009765625,629.760009765625,629.760009765625,uint16,True
yb7w8p74,256,256,256,2.4600000381469727,2.4600000381469727,2.4600000381469727,16777216,629.760009765625,629.760009765625,629.760009765625,uint16,True
mjdxo100,256,256,256,2.4600000381469727,2.4600000381469727,2.4600000381469727,16777216,629.760009765625,629.760009765625,629.760009765625,uint16,True
vhmygty3,256,256,256,2.4600000381469727,2.4600000381469727,2.4600000381469727,16777216,629.760009765625,629.760009765625,629.760009765625,uint16,True
addqhkga,256,256,256,2.4600000381469727,2.4600000381469727,2.4600000381469727,16777216,629.760009765625,629.760009765625,629.760009765625,uint16,True
d7x48wze,256,256,256,2.4600000381469727,2.4600000381469727,2.4600000381469727,16777216,629.760009765625,629.760009765625,629.760009765625,uint16,True
4ex6u86z,256,256,256,2.4600000381469727,2.4600000381469727,2.4600000381469727,16777216,629.760009765625,629.760009765625,629.760009765625,uint16,True
jq7w7jp6,256,256,256,2.4600000381469727,2.4600000381469727,2.4600000381469727,16777216,629.760009765625,629.760009765625,629.760009765625,uint16,True
1lfc1nlc,256,256,256,2.4600000381469727,2.4600000381469727,2.4600000381469727,16777216,629.760009765625,629.760009765625,629.760009765625,uint16,True
8jpr7vgr,256,256,256,2.4600000381469727,2.4600000381469727,2.4600000381469727,16777216,629.760009765625,629.760009765625,629.760009765625,uint16,True
f1hx6zdc,256,256,256,2.4600000381469727,2.4600000381469727,2.4600000381469727,16777216,629.760009765625,629.760009765625,629.760009765625,uint16,True
ujq6fx7x,256,256,256,2.4600000381469727,2.4600000381469727,2.4600000381469727,16777216,629.760009765625,629.760009765625,629.760009765625,uint16,True
jz6us7rp,256,256,256,2.4600000381469727,2.4600000381469727,2.4600000381469727,16777216,629.760009765625,629.760009765625,629.760009765625,uint16,True
422ta83r,256,256,256,2.4600000381469727,2.4600000381469727,2.4600000381469727,16777216,629.760009765625,629.760009765625,629.760009765625,uint16,True
t8cq1xgb,128,128,37,3.8953697681427,3.8953697681427,3.9000000953674316,606208,498.6073303222656,498.6073303222656,144.30000352859497,uint16,False
ngz6wmdw,128,128,35,3.8953697681427,3.8953697681427,3.9000000953674316,573440,498.6073303222656,498.6073303222656,136.5000033378601,uint16,False
0fgzvrct,128,128,41,3.8953697681427,3.8953697681427,3.9000000953674316,671744,498.6073303222656,498.6073303222656,159.9000039100647,uint16,False
lt4q9bc2,128,128,44,3.8953697681427,3.8953697681427,3.9000000953674316,720896,498.6073303222656,498.6073303222656,171.600004196167,uint16,False
be3yqy5f,128,128,47,3.8953697681427,3.8953697681427,3.9000000953674316,770048,498.6073303222656,498.6073303222656,183.3000044822693,uint16,False
u7bfxq7b,128,128,38,3.8953697681427,3.8953697681427,3.9000000953674316,622592,498.6073303222656,498.6073303222656,148.2000036239624,uint16,False
zegbl2qg,128,128,39,3.8953697681427,3.8953697681427,3.9000000953674316,638976,498.6073303222656,498.6073303222656,152.10000371932983,uint16,False
v3dr2h2p,128,128,41,3.8953697681427,3.8953697681427,3.9000000953674316,671744,498.6073303222656,498.6073303222656,159.9000039100647,uint16,False
39yl9ue4,128,128,40,3.8953697681427,3.8953697681427,3.9000000953674316,655360,498.6073303222656,498.6073303222656,156.00000381469727,uint16,False
21vmefoz,128,128,38,3.8953697681427,3.8953697681427,3.9000000953674316,622592,498.6073303222656,498.6073303222656,148.2000036239624,uint16,False
tp7bd4w1,128,128,40,3.8953697681427,3.8953697681427,3.9000000953674316,655360,498.6073303222656,498.6073303222656,156.00000381469727,uint16,False
aragdx5o,128,128,33,3.8953697681427,3.8953697681427,3.9000000953674316,540672,498.6073303222656,498.6073303222656,128.70000314712524,uint16,False
31yhxso7,128,128,43,3.8953697681427,3.8953697681427,3.9000000953674316,704512,498.6073303222656,498.6073303222656,167.70000410079956,uint16,False
vbgr8w2m,128,128,38,3.8953697681427,3.8953697681427,3.9000000953674316,622592,498.6073303222656,498.6073303222656,148.2000036239624,uint16,False
aietdn1t,128,128,48,3.8953697681427,3.8953697681427,3.9000000953674316,786432,498.6073303222656,498.6073303222656,187.20000457763672,uint16,False
h1xjg2y8,128,128,39,3.8953697681427,3.8953697681427,3.9000000953674316,638976,498.6073303222656,498.6073303222656,152.10000371932983,uint16,False
rgybxkpm,128,128,45,3.8953697681427,3.8953697681427,3.9000000953674316,737280,498.6073303222656,498.6073303222656,175.50000429153442,uint16,False
21b07g2r,128,128,43,3.8953697681427,3.8953697681427,3.9000000953674316,704512,498.6073303222656,498.6073303222656,167.70000410079956,uint16,False
e6zvlhyl,128,128,39,3.8953697681427,3.8953697681427,3.9000000953674316,638976,498.6073303222656,498.6073303222656,152.10000371932983,uint16,False
2ld05nhq,128,128,39,3.8953697681427,3.8953697681427,3.9000000953674316,638976,498.6073303222656,498.6073303222656,152.10000371932983,uint16,False
r6f7qnez,128,128,40,3.8953697681427,3.8953697681427,3.9000000953674316,655360,498.6073303222656,498.6073303222656,156.00000381469727,uint16,False
w9heyce4,128,128,43,3.8953697681427,3.8953697681427,3.9000000953674316,704512,498.6073303222656,498.6073303222656,167.70000410079956,uint16,False
qgm5v2ww,128,128,42,3.8953697681427,3.8953697681427,3.9000000953674316,688128,498.6073303222656,498.6073303222656,163.80000400543213,uint16,False
g84d4r9v,128,128,43,3.8953697681427,3.8953697681427,3.9000000953674316,704512,498.6073303222656,498.6073303222656,167.70000410079956,uint16,False
4k00ilu6,128,128,46,3.8953697681427,3.8953697681427,3.9000000953674316,753664,498.6073303222656,498.6073303222656,179.40000438690186,uint16,False
vfua9bq1,128,128,46,3.8953697681427,3.8953697681427,3.9000000953674316,753664,498.6073303222656,498.6073303222656,179.40000438690186,uint16,False
btr23qiu,128,128,36,3.8953697681427,3.8953697681427,3.9000000953674316,589824,498.6073303222656,498.6073303222656,140.40000343322754,uint16,False
a08ekxdr,128,128,39,3.8953697681427,3.8953697681427,3.9000000953674316,638976,498.6073303222656,498.6073303222656,152.10000371932983,uint16,False
kz40aq15,128,128,37,3.8953697681427,3.8953697681427,3.9000000953674316,606208,498.6073303222656,498.6073303222656,144.30000352859497,uint16,False
o2nqw4c6,128,128,38,3.8953697681427,3.8953697681427,3.9000000953674316,622592,498.6073303222656,498.6073303222656,148.2000036239624,uint16,False
lbpj8t22,128,128,43,3.8953697681427,3.8953697681427,3.9000000953674316,704512,498.6073303222656,498.6073303222656,167.70000410079956,uint16,False
c50b8y5d,128,128,41,3.8953697681427,3.8953697681427,3.9000000953674316,671744,498.6073303222656,498.6073303222656,159.9000039100647,uint16,False
nwnguczh,128,128,44,3.8953697681427,3.8953697681427,3.9000000953674316,720896,498.6073303222656,498.6073303222656,171.600004196167,uint16,False
9ier7u8h,128,128,42,3.8953697681427,3.8953697681427,3.9000000953674316,688128,498.6073303222656,498.6073303222656,163.80000400543213,uint16,False
0imjyjcm,128,128,36,3.8953697681427,3.8953697681427,3.9000000953674316,589824,498.6073303222656,498.6073303222656,140.40000343322754,uint16,False
rsezytkw,128,128,39,3.8953697681427,3.8953697681427,3.9000000953674316,638976,498.6073303222656,498.6073303222656,152.10000371932983,uint16,False
2837c6qc,128,128,42,3.8953697681427,3.8953697681427,3.9000000953674316,688128,498.6073303222656,498.6073303222656,163.80000400543213,uint16,False
6k8djzr5,128,128,36,3.8953697681427,3.8953697681427,3.9000000953674316,589824,498.6073303222656,498.6073303222656,140.40000343322754,uint16,False
swk8temp,128,128,43,3.8953697681427,3.8953697681427,3.9000000953674316,704512,498.6073303222656,498.6073303222656,167.70000410079956,uint16,False
xkc5i8xo,128,128,38,3.8953697681427,3.8953697681427,3.9000000953674316,622592,498.6073303222656,498.6073303222656,148.2000036239624,uint16,False
mxlvz4qk,128,128,40,3.8953697681427,3.8953697681427,3.9000000953674316,655360,498.6073303222656,498.6073303222656,156.00000381469727,uint16,False
e2gjr81b,128,128,42,3.8953697681427,3.8953697681427,3.9000000953674316,688128,498.6073303222656,498.6073303222656,163.80000400543213,uint16,False
mqf7zk94,128,128,43,3.8953697681427,3.8953697681427,3.9000000953674316,704512,498.6073303222656,498.6073303222656,167.70000410079956,uint16,False
yxfiblej,128,128,44,3.8953697681427,3.8953697681427,3.9000000953674316,720896,498.6073303222656,498.6073303222656,171.600004196167,uint16,False
gublmntf,128,128,39,3.8953697681427,3.8953697681427,3.9000000953674316,638976,498.6073303222656,498.6073303222656,152.10000371932983,uint16,False
k7orfqla,128,128,40,3.8953697681427,3.8953697681427,3.9000000953674316,655360,498.6073303222656,498.6073303222656,156.00000381469727,uint16,False
09lzrk79,128,128,49,3.8953697681427,3.8953697681427,3.9000000953674316,802816,498.6073303222656,498.6073303222656,191.10000467300415,uint16,False
ufu6py06,128,128,39,3.8953697681427,3.8953697681427,3.9000000953674316,638976,498.6073303222656,498.6073303222656,152.10000371932983,uint16,False
ftlo4qdb,128,128,42,3.8953697681427,3.8953697681427,3.9000000953674316,688128,498.6073303222656,498.6073303222656,163.80000400543213,uint16,False
xvh7katq,128,128,38,3.8953697681427,3.8953697681427,3.9000000953674316,622592,498.6073303222656,498.6073303222656,148.2000036239624,uint16,False
ydshlv76,128,128,42,3.8953697681427,3.8953697681427,3.9000000953674316,688128,498.6073303222656,498.6073303222656,163.80000400543213,uint16,False
mf4nnkm9,128,128,43,3.8953697681427,3.8953697681427,3.9000000953674316,704512,498.6073303222656,498.6073303222656,167.70000410079956,uint16,False
5d0p92k3,128,128,41,3.8953697681427,3.8953697681427,3.9000000953674316,671744,498.6073303222656,498.6073303222656,159.9000039100647,uint16,False
8p6fvdhr,128,128,43,3.8953697681427,3.8953697681427,3.9000000953674316,704512,498.6073303222656,498.6073303222656,167.70000410079956,uint16,False
59c81do6,128,128,40,3.8953697681427,3.8953697681427,3.9000000953674316,655360,498.6073303222656,498.6073303222656,156.00000381469727,uint16,False
ouz1egnt,128,128,49,3.8953697681427,3.8953697681427,3.9000000953674316,802816,498.6073303222656,498.6073303222656,191.10000467300415,uint16,False
b34kuqaa,128,128,47,3.8953697681427,3.8953697681427,3.9000000953674316,770048,498.6073303222656,498.6073303222656,183.3000044822693,uint16,False
j84rx6pr,128,128,45,3.8953697681427,3.8953697681427,3.9000000953674316,737280,498.6073303222656,498.6073303222656,175.50000429153442,uint16,False
yiej9c0u,128,128,38,3.8953697681427,3.8953697681427,3.9000000953674316,622592,498.6073303222656,498.6073303222656,148.2000036239624,uint16,False
u5wryesu,128,128,43,3.8953697681427,3.8953697681427,3.9000000953674316,704512,498.6073303222656,498.6073303222656,167.70000410079956,uint16,False
4fcl5efj,128,128,39,3.8953697681427,3.8953697681427,3.9000000953674316,638976,498.6073303222656,498.6073303222656,152.10000371932983,uint16,False
p6mkt7s1,128,128,39,3.8953697681427,3.8953697681427,3.9000000953674316,638976,498.6073303222656,498.6073303222656,152.10000371932983,uint16,False
gd1t53yk,128,128,40,3.8953697681427,3.8953697681427,3.9000000953674316,655360,498.6073303222656,498.6073303222656,156.00000381469727,uint16,False
yydu3asn,128,128,43,3.8953697681427,3.8953697681427,3.9000000953674316,704512,498.6073303222656,498.6073303222656,167.70000410079956,uint16,False
rm6dfhg6,128,128,43,3.8953697681427,3.8953697681427,3.9000000953674316,704512,498.6073303222656,498.6073303222656,167.70000410079956,uint16,False
w3stt1eq,128,128,43,3.8953697681427,3.8953697681427,3.9000000953674316,704512,498.6073303222656,498.6073303222656,167.70000410079956,uint16,False
c37rln36,128,128,41,3.8953697681427,3.8953697681427,3.9000000953674316,671744,498.6073303222656,498.6073303222656,159.9000039100647,uint16,False
v1mzb3i4,128,128,39,3.8953697681427,3.8953697681427,3.9000000953674316,638976,498.6073303222656,498.6073303222656,152.10000371932983,uint16,False
fieecy2c,128,128,38,3.8953697681427,3.8953697681427,3.9000000953674316,622592,498.6073303222656,498.6073303222656,148.2000036239624,uint16,False
11bd2sce,128,128,42,3.8953697681427,3.8953697681427,3.9000000953674316,688128,498.6073303222656,498.6073303222656,163.80000400543213,uint16,False
jcy127h6,128,128,38,3.8953697681427,3.8953697681427,3.9000000953674316,622592,498.6073303222656,498.6073303222656,148.2000036239624,uint16,False
gmd478mf,128,128,43,3.8953697681427,3.8953697681427,3.9000000953674316,704512,498.6073303222656,498.6073303222656,167.70000410079956,uint16,False
s0iuduah,128,128,41,3.8953697681427,3.8953697681427,3.9000000953674316,671744,498.6073303222656,498.6073303222656,159.9000039100647,uint16,False
gk6t9dhs,128,128,49,3.8953697681427,3.8953697681427,3.9000000953674316,802816,498.6073303222656,498.6073303222656,191.10000467300415,uint16,False
znvp8gmn,128,128,40,3.8953697681427,3.8953697681427,3.9000000953674316,655360,498.6073303222656,498.6073303222656,156.00000381469727,uint16,False
hie9ede1,128,128,37,3.8953697681427,3.8953697681427,3.9000000953674316,606208,498.6073303222656,498.6073303222656,144.30000352859497,uint16,False
zublekvl,128,128,43,3.8953697681427,3.8953697681427,3.9000000953674316,704512,498.6073303222656,498.6073303222656,167.70000410079956,uint16,False
9ptk4gc4,128,128,39,3.8953697681427,3.8953697681427,3.9000000953674316,638976,498.6073303222656,498.6073303222656,152.10000371932983,uint16,False
ryg9rdpx,128,128,38,3.8953697681427,3.8953697681427,3.9000000953674316,622592,498.6073303222656,498.6073303222656,148.2000036239624,uint16,False
dfovd79c,128,128,43,3.8953697681427,3.8953697681427,3.9000000953674316,704512,498.6073303222656,498.6073303222656,167.70000410079956,uint16,False
9mv9e40k,128,128,42,3.8953697681427,3.8953697681427,3.9000000953674316,688128,498.6073303222656,498.6073303222656,163.80000400543213,uint16,False
zuj2xorv,128,128,42,3.8953697681427,3.8953697681427,3.9000000953674316,688128,498.6073303222656,498.6073303222656,163.80000400543213,uint16,False
ork1djrw,128,128,38,3.8953697681427,3.8953697681427,3.9000000953674316,622592,498.6073303222656,498.6073303222656,148.2000036239624,uint16,False
edbcy8ny,128,128,39,3.8953697681427,3.8953697681427,3.9000000953674316,638976,498.6073303222656,498.6073303222656,152.10000371932983,uint16,False
fwdc112h,128,128,36,3.8953697681427,3.8953697681427,3.9000000953674316,589824,498.6073303222656,498.6073303222656,140.40000343322754,uint16,False
xrjm4t8b,128,128,39,3.8953697681427,3.8953697681427,3.9000000953674316,638976,498.6073303222656,498.6073303222656,152.10000371932983,uint16,False
p6nlnqbu,128,128,37,3.8953697681427,3.8953697681427,3.9000000953674316,606208,498.6073303222656,498.6073303222656,144.30000352859497,uint16,False
4kzrezrd,128,128,44,3.8953697681427,3.8953697681427,3.9000000953674316,720896,498.6073303222656,498.6073303222656,171.600004196167,uint16,False
yxyur4so,128,128,42,3.8953697681427,3.8953697681427,3.9000000953674316,688128,498.6073303222656,498.6073303222656,163.80000400543213,uint16,False
r8wm9lbb,128,128,43,3.8953697681427,3.8953697681427,3.9000000953674316,704512,498.6073303222656,498.6073303222656,167.70000410079956,uint16,False
4m0a6mdm,128,128,44,3.8953697681427,3.8953697681427,3.9000000953674316,720896,498.6073303222656,498.6073303222656,171.600004196167,uint16,False
mmxixv6c,128,128,43,3.8953697681427,3.8953697681427,3.9000000953674316,704512,498.6073303222656,498.6073303222656,167.70000410079956,uint16,False
kmalq5u6,128,128,39,3.8953697681427,3.8953697681427,3.9000000953674316,638976,498.6073303222656,498.6073303222656,152.10000371932983,uint16,False
jzv9nou3,128,128,40,3.8953697681427,3.8953697681427,3.9000000953674316,655360,498.6073303222656,498.6073303222656,156.00000381469727,uint16,False
dyms1mwn,128,128,42,3.8953697681427,3.8953697681427,3.9000000953674316,688128,498.6073303222656,498.6073303222656,163.80000400543213,uint16,False
pr424tkb,128,128,45,3.8953697681427,3.8953697681427,3.9000000953674316,737280,498.6073303222656,498.6073303222656,175.50000429153442,uint16,False
9oi0d4dm,128,128,38,3.8953697681427,3.8953697681427,3.9000000953674316,622592,498.6073303222656,498.6073303222656,148.2000036239624,uint16,False
c2rh2xk2,128,128,40,3.8953697681427,3.8953697681427,3.9000000953674316,655360,498.6073303222656,498.6073303222656,156.00000381469727,uint16,False
pthowq1g,128,128,47,3.8953697681427,3.8953697681427,3.9000000953674316,770048,498.6073303222656,498.6073303222656,183.3000044822693,uint16,False
az5uh80q,128,128,37,3.8953697681427,3.8953697681427,3.9000000953674316,606208,498.6073303222656,498.6073303222656,144.30000352859497,uint16,False
7tw1puws,128,128,38,3.8953697681427,3.8953697681427,3.9000000953674316,622592,498.6073303222656,498.6073303222656,148.2000036239624,uint16,False
nffykpl3,128,128,43,3.8953697681427,3.8953697681427,3.9000000953674316,704512,498.6073303222656,498.6073303222656,167.70000410079956,uint16,False
cho3xjvo,128,128,40,3.8953697681427,3.8953697681427,3.9000000953674316,655360,498.6073303222656,498.6073303222656,156.00000381469727,uint16,False
egi3qupx,128,128,43,3.8953697681427,3.8953697681427,3.9000000953674316,704512,498.6073303222656,498.6073303222656,167.70000410079956,uint16,False
bfej2xg4,128,128,35,3.8953697681427,3.8953697681427,3.9000000953674316,573440,498.6073303222656,498.6073303222656,136.5000033378601,uint16,False
8ra4dv56,128,128,38,3.8953697681427,3.8953697681427,3.9000000953674316,622592,498.6073303222656,498.6073303222656,148.2000036239624,uint16,False
onxd70fe,128,128,49,3.8953697681427,3.8953697681427,3.9000000953674316,802816,498.6073303222656,498.6073303222656,191.10000467300415,uint16,False
07s387j5,128,128,43,3.8953697681427,3.8953697681427,3.9000000953674316,704512,498.6073303222656,498.6073303222656,167.70000410079956,uint16,False
ie3lvo0i,128,128,42,3.8953697681427,3.8953697681427,3.9000000953674316,688128,498.6073303222656,498.6073303222656,163.80000400543213,uint16,False
pfg8pjvr,128,128,43,3.8953697681427,3.8953697681427,3.9000000953674316,704512,498.6073303222656,498.6073303222656,167.70000410079956,uint16,False
n8lpy857,128,128,39,3.8953697681427,3.8953697681427,3.9000000953674316,638976,498.6073303222656,498.6073303222656,152.10000371932983,uint16,False
nz3a8v4x,128,128,39,3.8953697681427,3.8953697681427,3.9000000953674316,638976,498.6073303222656,498.6073303222656,152.10000371932983,uint16,False
7y2itl8n,128,128,44,3.8953697681427,3.8953697681427,3.9000000953674316,720896,498.6073303222656,498.6073303222656,171.600004196167,uint16,False
3e54n6o9,128,128,37,3.8953697681427,3.8953697681427,3.9000000953674316,606208,498.6073303222656,498.6073303222656,144.30000352859497,uint16,False
jd3ih66w,128,128,38,3.8953697681427,3.8953697681427,3.9000000953674316,622592,498.6073303222656,498.6073303222656,148.2000036239624,uint16,False
51ob537q,128,128,41,3.8953697681427,3.8953697681427,3.9000000953674316,671744,498.6073303222656,498.6073303222656,159.9000039100647,uint16,False
o4z533zs,128,128,40,3.8953697681427,3.8953697681427,3.9000000953674316,655360,498.6073303222656,498.6073303222656,156.00000381469727,uint16,False
mv30qabx,128,128,40,3.8953697681427,3.8953697681427,3.9000000953674316,655360,498.6073303222656,498.6073303222656,156.00000381469727,uint16,False
w2eowlcf,128,128,37,3.8953697681427,3.8953697681427,3.9000000953674316,606208,498.6073303222656,498.6073303222656,144.30000352859497,uint16,False
s8314y2l,128,128,37,3.8953697681427,3.8953697681427,3.9000000953674316,606208,498.6073303222656,498.6073303222656,144.30000352859497,uint16,False
r0jy32ho,128,128,43,3.8953697681427,3.8953697681427,3.9000000953674316,704512,498.6073303222656,498.6073303222656,167.70000410079956,uint16,False
g585i87x,128,128,43,3.8953697681427,3.8953697681427,3.9000000953674316,704512,498.6073303222656,498.6073303222656,167.70000410079956,uint16,False
w69hzgop,128,128,41,3.8953697681427,3.8953697681427,3.9000000953674316,671744,498.6073303222656,498.6073303222656,159.9000039100647,uint16,False
jdn8ezp7,128,128,43,3.8953697681427,3.8953697681427,3.9000000953674316,704512,498.6073303222656,498.6073303222656,167.70000410079956,uint16,False
qyezg52k,128,128,39,3.8953697681427,3.8953697681427,3.9000000953674316,638976,498.6073303222656,498.6073303222656,152.10000371932983,uint16,False
re4v9kyp,128,128,41,3.8953697681427,3.8953697681427,3.9000000953674316,671744,498.6073303222656,498.6073303222656,159.9000039100647,uint16,False
ofkjw6ny,128,128,49,3.8953697681427,3.8953697681427,3.9000000953674316,802816,498.6073303222656,498.6073303222656,191.10000467300415,uint16,False
qaelyyzz,128,128,38,3.8953697681427,3.8953697681427,3.9000000953674316,622592,498.6073303222656,498.6073303222656,148.2000036239624,uint16,False
0jdcli69,128,128,40,3.8953697681427,3.8953697681427,3.9000000953674316,655360,498.6073303222656,498.6073303222656,156.00000381469727,uint16,False
78v0bjwk,128,128,37,3.8953697681427,3.8953697681427,3.9000000953674316,606208,498.6073303222656,498.6073303222656,144.30000352859497,uint16,False
on8uujs7,128,128,39,3.8953697681427,3.8953697681427,3.9000000953674316,638976,498.6073303222656,498.6073303222656,152.10000371932983,uint16,False
5eltfebe,128,128,37,3.8953697681427,3.8953697681427,3.9000000953674316,606208,498.6073303222656,498.6073303222656,144.30000352859497,uint16,False
5407k5w1,128,128,37,3.8953697681427,3.8953697681427,3.9000000953674316,606208,498.6073303222656,498.6073303222656,144.30000352859497,uint16,False
jl6l91f4,128,128,43,3.8953697681427,3.8953697681427,3.9000000953674316,704512,498.6073303222656,498.6073303222656,167.70000410079956,uint16,False
x2bfibjz,128,128,39,3.8953697681427,3.8953697681427,3.9000000953674316,638976,498.6073303222656,498.6073303222656,152.10000371932983,uint16,False
p97bmzrr,128,128,40,3.8953697681427,3.8953697681427,3.9000000953674316,655360,498.6073303222656,498.6073303222656,156.00000381469727,uint16,False
45ed5ggs,128,128,40,3.8953697681427,3.8953697681427,3.9000000953674316,655360,498.6073303222656,498.6073303222656,156.00000381469727,uint16,False
j6vv8suo,128,128,37,3.8953697681427,3.8953697681427,3.9000000953674316,606208,498.6073303222656,498.6073303222656,144.30000352859497,uint16,False
c1y5ayyo,128,128,43,3.8953697681427,3.8953697681427,3.9000000953674316,704512,498.6073303222656,498.6073303222656,167.70000410079956,uint16,False
v84fc3xq,128,128,48,3.8953697681427,3.8953697681427,3.9000000953674316,786432,498.6073303222656,498.6073303222656,187.20000457763672,uint16,False
8va8x8l0,128,128,49,3.8953697681427,3.8953697681427,3.9000000953674316,802816,498.6073303222656,498.6073303222656,191.10000467300415,uint16,False
08uhbxlb,128,128,41,3.8953697681427,3.8953697681427,3.9000000953674316,671744,498.6073303222656,498.6073303222656,159.9000039100647,uint16,False
c8nog85d,128,128,39,3.8953697681427,3.8953697681427,3.9000000953674316,638976,498.6073303222656,498.6073303222656,152.10000371932983,uint16,False
4f2k1xer,128,128,42,3.8953697681427,3.8953697681427,3.9000000953674316,688128,498.6073303222656,498.6073303222656,163.80000400543213,uint16,False
p3lyex3s,128,128,44,3.8953697681427,3.8953697681427,3.9000000953674316,720896,498.6073303222656,498.6073303222656,171.600004196167,uint16,False
r5rup13w,128,128,42,3.8953697681427,3.8953697681427,3.9000000953674316,688128,498.6073303222656,498.6073303222656,163.80000400543213,uint16,False
ppbmqiyf,128,128,42,3.8953697681427,3.8953697681427,3.9000000953674316,688128,498.6073303222656,498.6073303222656,163.80000400543213,uint16,False
rwskp6rf,128,128,49,3.8953697681427,3.8953697681427,3.9000000953674316,802816,498.6073303222656,498.6073303222656,191.10000467300415,uint16,False
e64skbcb,128,128,42,3.8953697681427,3.8953697681427,3.9000000953674316,688128,498.6073303222656,498.6073303222656,163.80000400543213,uint16,False
dpdxujjc,128,128,41,3.8953697681427,3.8953697681427,3.9000000953674316,671744,498.6073303222656,498.6073303222656,159.9000039100647,uint16,False
sexggoc5,128,128,40,3.8953697681427,3.8953697681427,3.9000000953674316,655360,498.6073303222656,498.6073303222656,156.00000381469727,uint16,False
kvqywj85,128,128,37,3.8953697681427,3.8953697681427,3.9000000953674316,606208,498.6073303222656,498.6073303222656,144.30000352859497,uint16,False
gg0v5dta,128,128,39,3.8953697681427,3.8953697681427,3.9000000953674316,638976,498.6073303222656,498.6073303222656,152.10000371932983,uint16,False
egry58vr,128,128,36,3.8953697681427,3.8953697681427,3.9000000953674316,589824,498.6073303222656,498.6073303222656,140.40000343322754,uint16,False
w9myyoke,128,128,41,3.8953697681427,3.8953697681427,3.9000000953674316,671744,498.6073303222656,498.6073303222656,159.9000039100647,uint16,False
aea84hxx,128,128,38,3.8953697681427,3.8953697681427,3.9000000953674316,622592,498.6073303222656,498.6073303222656,148.2000036239624,uint16,False
pw2gkqra,128,128,42,3.8953697681427,3.8953697681427,3.9000000953674316,688128,498.6073303222656,498.6073303222656,163.80000400543213,uint16,False
ffz8q4vh,128,128,41,3.8953697681427,3.8953697681427,3.9000000953674316,671744,498.6073303222656,498.6073303222656,159.9000039100647,uint16,False
u4bawz94,128,128,38,3.8953697681427,3.8953697681427,3.9000000953674316,622592,498.6073303222656,498.6073303222656,148.2000036239624,uint16,False
0vtkrrvw,128,128,43,3.8953697681427,3.8953697681427,3.9000000953674316,704512,498.6073303222656,498.6073303222656,167.70000410079956,uint16,False
y3rztplc,128,128,36,3.8953697681427,3.8953697681427,3.9000000953674316,589824,498.6073303222656,498.6073303222656,140.40000343322754,uint16,False
6prr7mza,128,128,38,3.8953697681427,3.8953697681427,3.9000000953674316,622592,498.6073303222656,498.6073303222656,148.2000036239624,uint16,False
kgmih6mv,128,128,38,3.8953697681427,3.8953697681427,3.9000000953674316,622592,498.6073303222656,498.6073303222656,148.2000036239624,uint16,False
4xekz83y,128,128,45,3.8953697681427,3.8953697681427,3.9000000953674316,737280,498.6073303222656,498.6073303222656,175.50000429153442,uint16,False
0224wk0y,128,128,38,3.8953697681427,3.8953697681427,3.9000000953674316,622592,498.6073303222656,498.6073303222656,148.2000036239624,uint16,False
ehvdo9kh,128,128,40,3.8953697681427,3.8953697681427,3.9000000953674316,655360,498.6073303222656,498.6073303222656,156.00000381469727,uint16,False
ba5mf36b,128,128,42,3.8953697681427,3.8953697681427,3.9000000953674316,688128,498.6073303222656,498.6073303222656,163.80000400543213,uint16,False
cpweijmm,128,128,40,3.8953697681427,3.8953697681427,3.9000000953674316,655360,498.6073303222656,498.6073303222656,156.00000381469727,uint16,False
b5jfysyz,128,128,36,3.8953697681427,3.8953697681427,3.9000000953674316,589824,498.6073303222656,498.6073303222656,140.40000343322754,uint16,False
7pq4ddv2,128,128,38,3.8953697681427,3.8953697681427,3.9000000953674316,622592,498.6073303222656,498.6073303222656,148.2000036239624,uint16,False
83bdw56f,128,128,41,3.8953697681427,3.8953697681427,3.9000000953674316,671744,498.6073303222656,498.6073303222656,159.9000039100647,uint16,False
kps0dxme,128,128,40,3.8953697681427,3.8953697681427,3.9000000953674316,655360,498.6073303222656,498.6073303222656,156.00000381469727,uint16,False
4po1i3ms,128,128,49,3.8953697681427,3.8953697681427,3.9000000953674316,802816,498.6073303222656,498.6073303222656,191.10000467300415,uint16,False
dn1mxf1p,128,128,37,3.8953697681427,3.8953697681427,3.9000000953674316,606208,498.6073303222656,498.6073303222656,144.30000352859497,uint16,False
i2ooq42n,128,128,41,3.8953697681427,3.8953697681427,3.9000000953674316,671744,498.6073303222656,498.6073303222656,159.9000039100647,uint16,False
bfa37dl9,128,128,38,3.8953697681427,3.8953697681427,3.9000000953674316,622592,498.6073303222656,498.6073303222656,148.2000036239624,uint16,False
fc1xx6cw,128,128,38,3.8953697681427,3.8953697681427,3.9000000953674316,622592,498.6073303222656,498.6073303222656,148.2000036239624,uint16,False
zxskoytk,128,128,37,3.8953697681427,3.8953697681427,3.9000000953674316,606208,498.6073303222656,498.6073303222656,144.30000352859497,uint16,False
06akt7zq,128,128,49,3.8953697681427,3.8953697681427,3.9000000953674316,802816,498.6073303222656,498.6073303222656,191.10000467300415,uint16,False
ht2xz52o,128,128,37,3.8953697681427,3.8953697681427,3.9000000953674316,606208,498.6073303222656,498.6073303222656,144.30000352859497,uint16,False
hkbm00e9,128,128,40,3.8953697681427,3.8953697681427,3.9000000953674316,655360,498.6073303222656,498.6073303222656,156.00000381469727,uint16,False
kdts1fb2,128,128,37,3.8953697681427,3.8953697681427,3.9000000953674316,606208,498.6073303222656,498.6073303222656,144.30000352859497,uint16,False
vi109dcn,128,128,47,3.8953697681427,3.8953697681427,3.9000000953674316,770048,498.6073303222656,498.6073303222656,183.3000044822693,uint16,False
wmbxek0q,128,128,43,3.8953697681427,3.8953697681427,3.9000000953674316,704512,498.6073303222656,498.6073303222656,167.70000410079956,uint16,False
929u6wtv,128,128,36,3.8953697681427,3.8953697681427,3.9000000953674316,589824,498.6073303222656,498.6073303222656,140.40000343322754,uint16,False
mk2zyzsi,128,128,36,3.8953697681427,3.8953697681427,3.9000000953674316,589824,498.6073303222656,498.6073303222656,140.40000343322754,uint16,False
lu3ndz3c,128,128,39,3.8953697681427,3.8953697681427,3.9000000953674316,638976,498.6073303222656,498.6073303222656,152.10000371932983,uint16,False
c5rqnsvs,128,128,40,3.8953697681427,3.8953697681427,3.9000000953674316,655360,498.6073303222656,498.6073303222656,156.00000381469727,uint16,False
ojrpp7r9,128,128,45,3.8953697681427,3.8953697681427,3.9000000953674316,737280,498.6073303222656,498.6073303222656,175.50000429153442,uint16,False
3fezez5e,128,128,39,3.8953697681427,3.8953697681427,3.9000000953674316,638976,498.6073303222656,498.6073303222656,152.10000371932983,uint16,False
hr07n8vo,128,128,50,3.8953697681427,3.8953697681427,3.9000000953674316,819200,498.6073303222656,498.6073303222656,195.00000476837158,uint16,False
eubfn9kr,128,128,39,3.8953697681427,3.8953697681427,3.9000000953674316,638976,498.6073303222656,498.6073303222656,152.10000371932983,uint16,False
2fvb66h3,128,128,40,3.8953697681427,3.8953697681427,3.9000000953674316,655360,498.6073303222656,498.6073303222656,156.00000381469727,uint16,False
rem5puu6,128,128,41,3.8953697681427,3.8953697681427,3.9000000953674316,671744,498.6073303222656,498.6073303222656,159.9000039100647,uint16,False
2rzv1sqq,128,128,38,3.8953697681427,3.8953697681427,3.9000000953674316,622592,498.6073303222656,498.6073303222656,148.2000036239624,uint16,False
q5l2xoio,128,128,46,3.8953697681427,3.8953697681427,3.9000000953674316,753664,498.6073303222656,498.6073303222656,179.40000438690186,uint16,False
t860x5zu,128,128,40,3.8953697681427,3.8953697681427,3.9000000953674316,655360,498.6073303222656,498.6073303222656,156.00000381469727,uint16,False
2zueugwu,128,128,37,3.8953697681427,3.8953697681427,3.9000000953674316,606208,498.6073303222656,498.6073303222656,144.30000352859497,uint16,False
bugr6e7g,128,128,40,3.8953697681427,3.8953697681427,3.9000000953674316,655360,498.6073303222656,498.6073303222656,156.00000381469727,uint16,False
a2iz5p3v,128,128,43,3.8953697681427,3.8953697681427,3.9000000953674316,704512,498.6073303222656,498.6073303222656,167.70000410079956,uint16,False
ob5apo4l,128,128,42,3.8953697681427,3.8953697681427,3.9000000953674316,688128,498.6073303222656,498.6073303222656,163.80000400543213,uint16,False
jedgfjdl,128,128,43,3.8953697681427,3.8953697681427,3.9000000953674316,704512,498.6073303222656,498.6073303222656,167.70000410079956,uint16,False
ogwlacol,128,128,45,3.8953697681427,3.8953697681427,3.9000000953674316,737280,498.6073303222656,498.6073303222656,175.50000429153442,uint16,False
oln3eh1v,128,128,40,3.8953697681427,3.8953697681427,3.9000000953674316,655360,498.6073303222656,498.6073303222656,156.00000381469727,uint16,False
r1necqor,128,128,41,3.8953697681427,3.8953697681427,3.9000000953674316,671744,498.6073303222656,498.6073303222656,159.9000039100647,uint16,False
oi5j8yit,128,128,45,3.8953697681427,3.8953697681427,3.9000000953674316,737280,498.6073303222656,498.6073303222656,175.50000429153442,uint16,False
2kodwh8n,128,128,44,3.8953697681427,3.8953697681427,3.9000000953674316,720896,498.6073303222656,498.6073303222656,171.600004196167,uint16,False
92tp6qaq,128,128,42,3.8953697681427,3.8953697681427,3.9000000953674316,688128,498.6073303222656,498.6073303222656,163.80000400543213,uint16,False
3k8a7rv4,128,128,39,3.8953697681427,3.8953697681427,3.9000000953674316,638976,498.6073303222656,498.6073303222656,152.10000371932983,uint16,False
nmwvsb0u,128,128,40,3.8953697681427,3.8953697681427,3.9000000953674316,655360,498.6073303222656,498.6073303222656,156.00000381469727,uint16,False
koefukpv,128,128,41,3.8953697681427,3.8953697681427,3.9000000953674316,671744,498.6073303222656,498.6073303222656,159.9000039100647,uint16,False
8lymj1qi,128,128,42,3.8953697681427,3.8953697681427,3.9000000953674316,688128,498.6073303222656,498.6073303222656,163.80000400543213,uint16,False
9mqvayxa,128,128,39,3.8953697681427,3.8953697681427,3.9000000953674316,638976,498.6073303222656,498.6073303222656,152.10000371932983,uint16,False
r6yo6z1t,128,128,36,3.8953697681427,3.8953697681427,3.9000000953674316,589824,498.6073303222656,498.6073303222656,140.40000343322754,uint16,False
2xcb3yym,128,128,44,3.8953697681427,3.8953697681427,3.9000000953674316,720896,498.6073303222656,498.6073303222656,171.600004196167,uint16,False
33mg1zaq,128,128,41,3.8953697681427,3.8953697681427,3.9000000953674316,671744,498.6073303222656,498.6073303222656,159.9000039100647,uint16,False
7qhak7md,128,128,43,3.8953697681427,3.8953697681427,3.9000000953674316,704512,498.6073303222656,498.6073303222656,167.70000410079956,uint16,False
wkzirnk6,128,128,42,3.8953697681427,3.8953697681427,3.9000000953674316,688128,498.6073303222656,498.6073303222656,163.80000400543213,uint16,False
zhh3o5ur,128,128,42,3.8953697681427,3.8953697681427,3.9000000953674316,688128,498.6073303222656,498.6073303222656,163.80000400543213,uint16,False
txuyucec,128,128,42,3.8953697681427,3.8953697681427,3.9000000953674316,688128,498.6073303222656,498.6073303222656,163.80000400543213,uint16,False
juis2gy9,128,128,45,3.8953697681427,3.8953697681427,3.9000000953674316,737280,498.6073303222656,498.6073303222656,175.50000429153442,uint16,False
ytjuq7x7,128,128,41,3.8953697681427,3.8953697681427,3.9000000953674316,671744,498.6073303222656,498.6073303222656,159.9000039100647,uint16,False
b7p9jyqn,128,128,37,3.8953697681427,3.8953697681427,3.9000000953674316,606208,498.6073303222656,498.6073303222656,144.30000352859497,uint16,False
15ikpqah,128,128,42,3.8953697681427,3.8953697681427,3.9000000953674316,688128,498.6073303222656,498.6073303222656,163.80000400543213,uint16,False
cua09pci,128,128,41,3.8953697681427,3.8953697681427,3.9000000953674316,671744,498.6073303222656,498.6073303222656,159.9000039100647,uint16,False
flwdr3vw,128,128,41,3.8953697681427,3.8953697681427,3.9000000953674316,671744,498.6073303222656,498.6073303222656,159.9000039100647,uint16,False
mjdimbm2,128,128,40,3.8953697681427,3.8953697681427,3.9000000953674316,655360,498.6073303222656,498.6073303222656,156.00000381469727,uint16,False
71w1wudc,128,128,43,3.8953697681427,3.8953697681427,3.9000000953674316,704512,498.6073303222656,498.6073303222656,167.70000410079956,uint16,False
bl4ce7pk,128,128,39,3.8953697681427,3.8953697681427,3.9000000953674316,638976,498.6073303222656,498.6073303222656,152.10000371932983,uint16,False
wcyuknd1,128,128,36,3.8953697681427,3.8953697681427,3.9000000953674316,589824,498.6073303222656,498.6073303222656,140.40000343322754,uint16,False
ivxan25w,128,128,39,3.8953697681427,3.8953697681427,3.9000000953674316,638976,498.6073303222656,498.6073303222656,152.10000371932983,uint16,False
m72qlgdv,128,128,39,3.8953697681427,3.8953697681427,3.9000000953674316,638976,498.6073303222656,498.6073303222656,152.10000371932983,uint16,False
c2guwjp0,128,128,43,3.8953697681427,3.8953697681427,3.9000000953674316,704512,498.6073303222656,498.6073303222656,167.70000410079956,uint16,False
qi2clp81,128,128,33,3.8953697681427,3.8953697681427,3.9000000953674316,540672,498.6073303222656,498.6073303222656,128.70000314712524,uint16,False
l51flmna,128,128,44,3.8953697681427,3.8953697681427,3.9000000953674316,720896,498.6073303222656,498.6073303222656,171.600004196167,uint16,False
vycs44ph,128,128,36,3.8953697681427,3.8953697681427,3.9000000953674316,589824,498.6073303222656,498.6073303222656,140.40000343322754,uint16,False
h62myz9v,128,128,45,3.8953697681427,3.8953697681427,3.9000000953674316,737280,498.6073303222656,498.6073303222656,175.50000429153442,uint16,False
lu8wpfq2,128,128,40,3.8953697681427,3.8953697681427,3.9000000953674316,655360,498.6073303222656,498.6073303222656,156.00000381469727,uint16,False
bhaiiwi0,128,128,41,3.8953697681427,3.8953697681427,3.9000000953674316,671744,498.6073303222656,498.6073303222656,159.9000039100647,uint16,False
8l0hg9nc,128,128,36,3.8953697681427,3.8953697681427,3.9000000953674316,589824,498.6073303222656,498.6073303222656,140.40000343322754,uint16,False
bekgv1bb,128,128,39,3.8953697681427,3.8953697681427,3.9000000953674316,638976,498.6073303222656,498.6073303222656,152.10000371932983,uint16,False
hg5zmtga,128,128,43,3.8953697681427,3.8953697681427,3.9000000953674316,704512,498.6073303222656,498.6073303222656,167.70000410079956,uint16,False
46ayn2d7,128,128,41,3.8953697681427,3.8953697681427,3.9000000953674316,671744,498.6073303222656,498.6073303222656,159.9000039100647,uint16,False
ki3x7995,128,128,36,3.8953697681427,3.8953697681427,3.9000000953674316,589824,498.6073303222656,498.6073303222656,140.40000343322754,uint16,False
5cf72gnn,128,128,43,3.8953697681427,3.8953697681427,3.9000000953674316,704512,498.6073303222656,498.6073303222656,167.70000410079956,uint16,False
v9ibwgt2,128,128,42,3.8953697681427,3.8953697681427,3.9000000953674316,688128,498.6073303222656,498.6073303222656,163.80000400543213,uint16,False
lb25485h,128,128,39,3.8953697681427,3.8953697681427,3.9000000953674316,638976,498.6073303222656,498.6073303222656,152.10000371932983,uint16,False
cqxcs1xs,128,128,41,3.8953697681427,3.8953697681427,3.9000000953674316,671744,498.6073303222656,498.6073303222656,159.9000039100647,uint16,False
rqlnzzrj,128,128,43,3.8953697681427,3.8953697681427,3.9000000953674316,704512,498.6073303222656,498.6073303222656,167.70000410079956,uint16,False
o7vbhh5o,128,128,36,3.8953697681427,3.8953697681427,3.9000000953674316,589824,498.6073303222656,498.6073303222656,140.40000343322754,uint16,False
l5u7nted,128,128,39,3.8953697681427,3.8953697681427,3.9000000953674316,638976,498.6073303222656,498.6073303222656,152.10000371932983,uint16,False
qmvqwpqo,128,128,42,3.8953697681427,3.8953697681427,3.9000000953674316,688128,498.6073303222656,498.6073303222656,163.80000400543213,uint16,False
2lngixmc,128,128,42,3.8953697681427,3.8953697681427,3.9000000953674316,688128,498.6073303222656,498.6073303222656,163.80000400543213,uint16,False
4sx27dcb,128,128,36,3.8953697681427,3.8953697681427,3.9000000953674316,589824,498.6073303222656,498.6073303222656,140.40000343322754,uint16,False
om2zkf5b,128,128,87,2.397599935531616,2.397599935531616,2.397599935531616,1425408,306.8927917480469,306.8927917480469,208.5911943912506,uint16,True
1sa3y5t3,128,128,87,2.397599935531616,2.397599935531616,2.397599935531616,1425408,306.8927917480469,306.8927917480469,208.5911943912506,uint16,True
7szpf9s9,128,128,87,2.397599935531616,2.397599935531616,2.397599935531616,1425408,306.8927917480469,306.8927917480469,208.5911943912506,uint16,True
ehwhg0u4,128,128,87,2.397599935531616,2.397599935531616,2.397599935531616,1425408,306.8927917480469,306.8927917480469,208.5911943912506,uint16,True
3qlx3f2x,128,128,87,2.397599935531616,2.397599935531616,2.397599935531616,1425408,306.8927917480469,306.8927917480469,208.5911943912506,uint16,True
hdcv4bkt,128,128,87,2.397599935531616,2.397599935531616,2.397599935531616,1425408,306.8927917480469,306.8927917480469,208.5911943912506,uint16,True
cv1ltwbj,128,128,87,2.397599935531616,2.397599935531616,2.397599935531616,1425408,306.8927917480469,306.8927917480469,208.5911943912506,uint16,True
9uu2bl7a,128,128,87,2.397599935531616,2.397599935531616,2.397599935531616,1425408,306.8927917480469,306.8927917480469,208.5911943912506,uint16,True
mkoh109z,128,128,87,2.397599935531616,2.397599935531616,2.397599935531616,1425408,306.8927917480469,306.8927917480469,208.5911943912506,uint16,True
do0d3fvn,128,128,87,2.397599935531616,2.397599935531616,2.397599935531616,1425408,306.8927917480469,306.8927917480469,208.5911943912506,uint16,True
v4kfq5dz,128,128,87,2.397599935531616,2.397599935531616,2.397599935531616,1425408,306.8927917480469,306.8927917480469,208.5911943912506,uint16,True
53x1f8s0,128,128,87,2.397599935531616,2.397599935531616,2.397599935531616,1425408,306.8927917480469,306.8927917480469,208.5911943912506,uint16,True
x7m2mm4p,128,128,87,2.397599935531616,2.397599935531616,2.397599935531616,1425408,306.8927917480469,306.8927917480469,208.5911943912506,uint16,True
61nhvcfw,128,128,87,2.397599935531616,2.397599935531616,2.397599935531616,1425408,306.8927917480469,306.8927917480469,208.5911943912506,uint16,True
r2f5t82d,128,128,87,2.397599935531616,2.397599935531616,2.397599935531616,1425408,306.8927917480469,306.8927917480469,208.5911943912506,uint16,True
dl7fkndg,128,128,87,2.397599935531616,2.397599935531616,2.397599935531616,1425408,306.8927917480469,306.8927917480469,208.5911943912506,uint16,True
1jrj5xfe,128,128,87,2.397599935531616,2.397599935531616,2.397599935531616,1425408,306.8927917480469,306.8927917480469,208.5911943912506,uint16,True
ub4o47en,128,128,87,2.397599935531616,2.397599935531616,2.397599935531616,1425408,306.8927917480469,306.8927917480469,208.5911943912506,uint16,True
48nysj5y,128,128,87,2.397599935531616,2.397599935531616,2.397599935531616,1425408,306.8927917480469,306.8927917480469,208.5911943912506,uint16,True
wx0i3a4k,128,128,87,2.397599935531616,2.397599935531616,2.397599935531616,1425408,306.8927917480469,306.8927917480469,208.5911943912506,uint16,True
focnqdqx,128,128,87,2.397599935531616,2.397599935531616,2.397599935531616,1425408,306.8927917480469,306.8927917480469,208.5911943912506,uint16,True
6qd0771h,128,128,87,2.397599935531616,2.397599935531616,2.397599935531616,1425408,306.8927917480469,306.8927917480469,208.5911943912506,uint16,True
ll9rzrkb,128,128,87,2.397599935531616,2.397599935531616,2.397599935531616,1425408,306.8927917480469,306.8927917480469,208.5911943912506,uint16,True
fqxlbvn7,128,128,87,2.397599935531616,2.397599935531616,2.397599935531616,1425408,306.8927917480469,306.8927917480469,208.5911943912506,uint16,True
nprb58yj,128,128,87,2.397599935531616,2.397599935531616,2.397599935531616,1425408,306.8927917480469,306.8927917480469,208.5911943912506,uint16,True
wdcokz5s,128,128,87,2.397599935531616,2.397599935531616,2.397599935531616,1425408,306.8927917480469,306.8927917480469,208.5911943912506,uint16,True
yj3d6m1f,128,128,87,2.397599935531616,2.397599935531616,2.397599935531616,1425408,306.8927917480469,306.8927917480469,208.5911943912506,uint16,True
mpryfzmy,128,128,87,2.397599935531616,2.397599935531616,2.397599935531616,1425408,306.8927917480469,306.8927917480469,208.5911943912506,uint16,True
oa2vcywl,128,128,87,2.397599935531616,2.397599935531616,2.397599935531616,1425408,306.8927917480469,306.8927917480469,208.5911943912506,uint16,True
9700lfqf,128,128,87,2.397599935531616,2.397599935531616,2.397599935531616,1425408,306.8927917480469,306.8927917480469,208.5911943912506,uint16,True
5e8osaq3,128,128,87,2.397599935531616,2.397599935531616,2.397599935531616,1425408,306.8927917480469,306.8927917480469,208.5911943912506,uint16,True
eq8dh9pt,128,128,87,2.397599935531616,2.397599935531616,2.397599935531616,1425408,306.8927917480469,306.8927917480469,208.5911943912506,uint16,True
fnm88ua3,128,128,87,2.397599935531616,2.397599935531616,2.397599935531616,1425408,306.8927917480469,306.8927917480469,208.5911943912506,uint16,True
a6s5zxqo,128,128,87,2.397599935531616,2.397599935531616,2.397599935531616,1425408,306.8927917480469,306.8927917480469,208.5911943912506,uint16,True
mts1egpg,128,128,87,2.397599935531616,2.397599935531616,2.397599935531616,1425408,306.8927917480469,306.8927917480469,208.5911943912506,uint16,True
vtn4ypkw,128,128,87,2.397599935531616,2.397599935531616,2.397599935531616,1425408,306.8927917480469,306.8927917480469,208.5911943912506,uint16,True
7493dxwo,128,128,87,2.397599935531616,2.397599935531616,2.397599935531616,1425408,306.8927917480469,306.8927917480469,208.5911943912506,uint16,True
r17dpubk,128,128,87,2.397599935531616,2.397599935531616,2.397599935531616,1425408,306.8927917480469,306.8927917480469,208.5911943912506,uint16,True
piqnhqe8,128,128,87,2.397599935531616,2.397599935531616,2.397599935531616,1425408,306.8927917480469,306.8927917480469,208.5911943912506,uint16,True
6o3z0ani,128,128,87,2.397599935531616,2.397599935531616,2.397599935531616,1425408,306.8927917480469,306.8927917480469,208.5911943912506,uint16,True
k5j42oi6,128,128,87,2.397599935531616,2.397599935531616,2.397599935531616,1425408,306.8927917480469,306.8927917480469,208.5911943912506,uint16,True
oafn33vm,128,128,87,2.397599935531616,2.397599935531616,2.397599935531616,1425408,306.8927917480469,306.8927917480469,208.5911943912506,uint16,True
89i9gx32,128,128,87,2.397599935531616,2.397599935531616,2.397599935531616,1425408,306.8927917480469,306.8927917480469,208.5911943912506,uint16,True
uew9g6sp,128,128,87,2.397599935531616,2.397599935531616,2.397599935531616,1425408,306.8927917480469,306.8927917480469,208.5911943912506,uint16,True
d2sw24wj,128,128,87,2.397599935531616,2.397599935531616,2.397599935531616,1425408,306.8927917480469,306.8927917480469,208.5911943912506,uint16,True
t8hdpwvb,128,128,87,2.397599935531616,2.397599935531616,2.397599935531616,1425408,306.8927917480469,306.8927917480469,208.5911943912506,uint16,True
z7cn0eqw,128,128,87,2.397599935531616,2.397599935531616,2.397599935531616,1425408,306.8927917480469,306.8927917480469,208.5911943912506,uint16,True
mi6kti22,128,128,87,2.397599935531616,2.397599935531616,2.397599935531616,1425408,306.8927917480469,306.8927917480469,208.5911943912506,uint16,True
1xj7wwud,128,128,87,2.397599935531616,2.397599935531616,2.397599935531616,1425408,306.8927917480469,306.8927917480469,208.5911943912506,uint16,True
qvdk6drn,128,128,87,2.397599935531616,2.397599935531616,2.397599935531616,1425408,306.8927917480469,306.8927917480469,208.5911943912506,uint16,True
4orac8cy,128,128,87,2.397599935531616,2.397599935531616,2.397599935531616,1425408,306.8927917480469,306.8927917480469,208.5911943912506,uint16,True
nl63gagu,128,128,87,2.397599935531616,2.397599935531616,2.397599935531616,1425408,306.8927917480469,306.8927917480469,208.5911943912506,uint16,True
vb99rwtf,128,128,87,2.397599935531616,2.397599935531616,2.397599935531616,1425408,306.8927917480469,306.8927917480469,208.5911943912506,uint16,True
07gbasf5,128,128,87,2.397599935531616,2.397599935531616,2.397599935531616,1425408,306.8927917480469,306.8927917480469,208.5911943912506,uint16,True
ehlh07jr,128,128,87,2.397599935531616,2.397599935531616,2.397599935531616,1425408,306.8927917480469,306.8927917480469,208.5911943912506,uint16,True
8mtk0rso,128,128,87,2.397599935531616,2.397599935531616,2.397599935531616,1425408,306.8927917480469,306.8927917480469,208.5911943912506,uint16,True
ggy5kov1,128,128,87,2.397599935531616,2.397599935531616,2.397599935531616,1425408,306.8927917480469,306.8927917480469,208.5911943912506,uint16,True
l28r5p03,128,128,87,2.397599935531616,2.397599935531616,2.397599935531616,1425408,306.8927917480469,306.8927917480469,208.5911943912506,uint16,True
wvpunwcg,128,128,87,2.397599935531616,2.397599935531616,2.397599935531616,1425408,306.8927917480469,306.8927917480469,208.5911943912506,uint16,True
bsvk3x8m,128,128,87,2.397599935531616,2.397599935531616,2.397599935531616,1425408,306.8927917480469,306.8927917480469,208.5911943912506,uint16,True
bgl2mcxn,128,128,87,2.397599935531616,2.397599935531616,2.397599935531616,1425408,306.8927917480469,306.8927917480469,208.5911943912506,uint16,True
2elalq26,128,128,87,2.397599935531616,2.397599935531616,2.397599935531616,1425408,306.8927917480469,306.8927917480469,208.5911943912506,uint16,True
unvsdkv5,128,128,87,2.397599935531616,2.397599935531616,2.397599935531616,1425408,306.8927917480469,306.8927917480469,208.5911943912506,uint16,True
4c6p1llh,128,128,87,2.397599935531616,2.397599935531616,2.397599935531616,1425408,306.8927917480469,306.8927917480469,208.5911943912506,uint16,True
2r9pegln,128,128,87,2.397599935531616,2.397599935531616,2.397599935531616,1425408,306.8927917480469,306.8927917480469,208.5911943912506,uint16,True
ukx496k4,128,128,87,2.397599935531616,2.397599935531616,2.397599935531616,1425408,306.8927917480469,306.8927917480469,208.5911943912506,uint16,True
o67bxcd2,128,128,87,2.397599935531616,2.397599935531616,2.397599935531616,1425408,306.8927917480469,306.8927917480469,208.5911943912506,uint16,True
0j1oulwo,128,128,87,2.397599935531616,2.397599935531616,2.397599935531616,1425408,306.8927917480469,306.8927917480469,208.5911943912506,uint16,True
zq48enwb,128,128,87,2.397599935531616,2.397599935531616,2.397599935531616,1425408,306.8927917480469,306.8927917480469,208.5911943912506,uint16,True
badlypgg,128,128,87,2.397599935531616,2.397599935531616,2.397599935531616,1425408,306.8927917480469,306.8927917480469,208.5911943912506,uint16,True
6n6975j2,128,128,87,2.397599935531616,2.397599935531616,2.397599935531616,1425408,306.8927917480469,306.8927917480469,208.5911943912506,uint16,True
d8clw3jg,128,128,87,2.397599935531616,2.397599935531616,2.397599935531616,1425408,306.8927917480469,306.8927917480469,208.5911943912506,uint16,True
eqe5158o,128,128,87,2.397599935531616,2.397599935531616,2.397599935531616,1425408,306.8927917480469,306.8927917480469,208.5911943912506,uint16,True
qesux9l0,128,128,87,2.397599935531616,2.397599935531616,2.397599935531616,1425408,306.8927917480469,306.8927917480469,208.5911943912506,uint16,True
ijkcu5x0,128,128,87,2.397599935531616,2.397599935531616,2.397599935531616,1425408,306.8927917480469,306.8927917480469,208.5911943912506,uint16,True
hc8cah3g,128,128,87,2.397599935531616,2.397599935531616,2.397599935531616,1425408,306.8927917480469,306.8927917480469,208.5911943912506,uint16,True
dhvs41lq,128,128,87,2.397599935531616,2.397599935531616,2.397599935531616,1425408,306.8927917480469,306.8927917480469,208.5911943912506,uint16,True
fs6hn95s,128,128,87,2.397599935531616,2.397599935531616,2.397599935531616,1425408,306.8927917480469,306.8927917480469,208.5911943912506,uint16,True
2gkfl5xf,128,128,87,2.397599935531616,2.397599935531616,2.397599935531616,1425408,306.8927917480469,306.8927917480469,208.5911943912506,uint16,True
50i6gbxq,128,128,87,2.397599935531616,2.397599935531616,2.397599935531616,1425408,306.8927917480469,306.8927917480469,208.5911943912506,uint16,True
j7dpfssb,128,128,87,2.397599935531616,2.397599935531616,2.397599935531616,1425408,306.8927917480469,306.8927917480469,208.5911943912506,uint16,True
jdx0pkov,128,128,87,2.397599935531616,2.397599935531616,2.397599935531616,1425408,306.8927917480469,306.8927917480469,208.5911943912506,uint16,True
trpyx8hb,128,128,87,2.397599935531616,2.397599935531616,2.397599935531616,1425408,306.8927917480469,306.8927917480469,208.5911943912506,uint16,True
bjcdiwzo,128,128,87,2.397599935531616,2.397599935531616,2.397599935531616,1425408,306.8927917480469,306.8927917480469,208.5911943912506,uint16,True
d05jh2mk,128,128,87,2.397599935531616,2.397599935531616,2.397599935531616,1425408,306.8927917480469,306.8927917480469,208.5911943912506,uint16,True
v0dszrk6,128,128,87,2.397599935531616,2.397599935531616,2.397599935531616,1425408,306.8927917480469,306.8927917480469,208.5911943912506,uint16,True
ilcg6far,128,128,87,2.397599935531616,2.397599935531616,2.397599935531616,1425408,306.8927917480469,306.8927917480469,208.5911943912506,uint16,True
mgjcy4v8,128,128,87,2.397599935531616,2.397599935531616,2.397599935531616,1425408,306.8927917480469,306.8927917480469,208.5911943912506,uint16,True
urid3u94,128,128,87,2.397599935531616,2.397599935531616,2.397599935531616,1425408,306.8927917480469,306.8927917480469,208.5911943912506,uint16,True
sgfdk0q0,128,128,87,2.397599935531616,2.397599935531616,2.397599935531616,1425408,306.8927917480469,306.8927917480469,208.5911943912506,uint16,True
9jrnamz6,128,128,87,2.397599935531616,2.397599935531616,2.397599935531616,1425408,306.8927917480469,306.8927917480469,208.5911943912506,uint16,True
146vey0a,128,128,87,2.397599935531616,2.397599935531616,2.397599935531616,1425408,306.8927917480469,306.8927917480469,208.5911943912506,uint16,True
94xfri09,128,128,87,2.397599935531616,2.397599935531616,2.397599935531616,1425408,306.8927917480469,306.8927917480469,208.5911943912506,uint16,True
m0g8w85y,128,128,87,2.397599935531616,2.397599935531616,2.397599935531616,1425408,306.8927917480469,306.8927917480469,208.5911943912506,uint16,True
6q8sjy5o,128,128,87,2.397599935531616,2.397599935531616,2.397599935531616,1425408,306.8927917480469,306.8927917480469,208.5911943912506,uint16,True
p9lbsmwp,128,128,87,2.397599935531616,2.397599935531616,2.397599935531616,1425408,306.8927917480469,306.8927917480469,208.5911943912506,uint16,True
q82k8ryq,128,128,87,2.397599935531616,2.397599935531616,2.397599935531616,1425408,306.8927917480469,306.8927917480469,208.5911943912506,uint16,True
f8wxkk2a,128,128,87,2.397599935531616,2.397599935531616,2.397599935531616,1425408,306.8927917480469,306.8927917480469,208.5911943912506,uint16,True
bkvblpxa,128,128,87,2.397599935531616,2.397599935531616,2.397599935531616,1425408,306.8927917480469,306.8927917480469,208.5911943912506,uint16,True
jmk4x1fd,128,128,87,2.397599935531616,2.397599935531616,2.397599935531616,1425408,306.8927917480469,306.8927917480469,208.5911943912506,uint16,True
j9hvchrm,128,128,87,2.397599935531616,2.397599935531616,2.397599935531616,1425408,306.8927917480469,306.8927917480469,208.5911943912506,uint16,True
3wp8djkl,128,128,87,2.397599935531616,2.397599935531616,2.397599935531616,1425408,306.8927917480469,306.8927917480469,208.5911943912506,uint16,True
uyluyhet,128,128,87,2.397599935531616,2.397599935531616,2.397599935531616,1425408,306.8927917480469,306.8927917480469,208.5911943912506,uint16,True
kduwtn5p,128,128,87,2.397599935531616,2.397599935531616,2.397599935531616,1425408,306.8927917480469,306.8927917480469,208.5911943912506,uint16,True
epl7zqpp,128,128,87,2.397599935531616,2.397599935531616,2.397599935531616,1425408,306.8927917480469,306.8927917480469,208.5911943912506,uint16,True
oau8p1wk,128,128,87,2.397599935531616,2.397599935531616,2.397599935531616,1425408,306.8927917480469,306.8927917480469,208.5911943912506,uint16,True
isetuk1o,128,128,87,2.397599935531616,2.397599935531616,2.397599935531616,1425408,306.8927917480469,306.8927917480469,208.5911943912506,uint16,True
oa35qbb3,128,128,87,2.397599935531616,2.397599935531616,2.397599935531616,1425408,306.8927917480469,306.8927917480469,208.5911943912506,uint16,True
xmdkrlc0,128,128,87,2.397599935531616,2.397599935531616,2.397599935531616,1425408,306.8927917480469,306.8927917480469,208.5911943912506,uint16,True
y0bhf0ri,128,128,87,2.397599935531616,2.397599935531616,2.397599935531616,1425408,306.8927917480469,306.8927917480469,208.5911943912506,uint16,True
y4kl9ary,128,128,87,2.397599935531616,2.397599935531616,2.397599935531616,1425408,306.8927917480469,306.8927917480469,208.5911943912506,uint16,True
eavedhr3,128,128,87,2.397599935531616,2.397599935531616,2.397599935531616,1425408,306.8927917480469,306.8927917480469,208.5911943912506,uint16,True
pceo934t,128,128,87,2.397599935531616,2.397599935531616,2.397599935531616,1425408,306.8927917480469,306.8927917480469,208.5911943912506,uint16,True
3y4wpwg3,128,128,87,2.397599935531616,2.397599935531616,2.397599935531616,1425408,306.8927917480469,306.8927917480469,208.5911943912506,uint16,True
xg0trky8,128,128,87,2.397599935531616,2.397599935531616,2.397599935531616,1425408,306.8927917480469,306.8927917480469,208.5911943912506,uint16,True
ryozdppb,128,128,87,2.397599935531616,2.397599935531616,2.397599935531616,1425408,306.8927917480469,306.8927917480469,208.5911943912506,uint16,True
quakx6wb,128,128,87,2.397599935531616,2.397599935531616,2.397599935531616,1425408,306.8927917480469,306.8927917480469,208.5911943912506,uint16,True
68q0j9m4,128,128,87,2.397599935531616,2.397599935531616,2.397599935531616,1425408,306.8927917480469,306.8927917480469,208.5911943912506,uint16,True
smzocxmz,128,128,87,2.397599935531616,2.397599935531616,2.397599935531616,1425408,306.8927917480469,306.8927917480469,208.5911943912506,uint16,True
mz2k1ko6,128,128,87,2.397599935531616,2.397599935531616,2.397599935531616,1425408,306.8927917480469,306.8927917480469,208.5911943912506,uint16,True
xnqxu71s,128,128,87,2.397599935531616,2.397599935531616,2.397599935531616,1425408,306.8927917480469,306.8927917480469,208.5911943912506,uint16,True
el8mwob4,128,128,87,2.397599935531616,2.397599935531616,2.397599935531616,1425408,306.8927917480469,306.8927917480469,208.5911943912506,uint16,True
fdd7r193,128,128,87,2.397599935531616,2.397599935531616,2.397599935531616,1425408,306.8927917480469,306.8927917480469,208.5911943912506,uint16,True
0i6g61pc,128,128,87,2.397599935531616,2.397599935531616,2.397599935531616,1425408,306.8927917480469,306.8927917480469,208.5911943912506,uint16,True
we4c1v47,128,128,87,2.397599935531616,2.397599935531616,2.397599935531616,1425408,306.8927917480469,306.8927917480469,208.5911943912506,uint16,True
lzn9uhjp,128,128,87,2.397599935531616,2.397599935531616,2.397599935531616,1425408,306.8927917480469,306.8927917480469,208.5911943912506,uint16,True
khf33guw,128,128,87,2.397599935531616,2.397599935531616,2.397599935531616,1425408,306.8927917480469,306.8927917480469,208.5911943912506,uint16,True
yh36motc,128,128,87,2.397599935531616,2.397599935531616,2.397599935531616,1425408,306.8927917480469,306.8927917480469,208.5911943912506,uint16,True
g06xr3ur,128,128,87,2.397599935531616,2.397599935531616,2.397599935531616,1425408,306.8927917480469,306.8927917480469,208.5911943912506,uint16,True
mwuecpnc,128,128,87,2.397599935531616,2.397599935531616,2.397599935531616,1425408,306.8927917480469,306.8927917480469,208.5911943912506,uint16,True
c2keivli,128,128,87,2.397599935531616,2.397599935531616,2.397599935531616,1425408,306.8927917480469,306.8927917480469,208.5911943912506,uint16,True
77jzc58c,128,128,87,2.397599935531616,2.397599935531616,2.397599935531616,1425408,306.8927917480469,306.8927917480469,208.5911943912506,uint16,True
u47soczd,128,128,87,2.397599935531616,2.397599935531616,2.397599935531616,1425408,306.8927917480469,306.8927917480469,208.5911943912506,uint16,True
q7jbmjm1,128,128,87,2.397599935531616,2.397599935531616,2.397599935531616,1425408,306.8927917480469,306.8927917480469,208.5911943912506,uint16,True
ft07x5ic,128,128,87,2.397599935531616,2.397599935531616,2.397599935531616,1425408,306.8927917480469,306.8927917480469,208.5911943912506,uint16,True
86z1b98v,128,128,87,2.397599935531616,2.397599935531616,2.397599935531616,1425408,306.8927917480469,306.8927917480469,208.5911943912506,uint16,True
wct8jbbs,128,128,87,2.397599935531616,2.397599935531616,2.397599935531616,1425408,306.8927917480469,306.8927917480469,208.5911943912506,uint16,True
xpk48ab1,128,128,87,2.397599935531616,2.397599935531616,2.397599935531616,1425408,306.8927917480469,306.8927917480469,208.5911943912506,uint16,True
3t4y0tb1,128,128,87,2.397599935531616,2.397599935531616,2.397599935531616,1425408,306.8927917480469,306.8927917480469,208.5911943912506,uint16,True
zppep69n,128,128,87,2.397599935531616,2.397599935531616,2.397599935531616,1425408,306.8927917480469,306.8927917480469,208.5911943912506,uint16,True
gpcivi05,128,128,87,2.397599935531616,2.397599935531616,2.397599935531616,1425408,306.8927917480469,306.8927917480469,208.5911943912506,uint16,True
2u9az3ce,128,128,87,2.397599935531616,2.397599935531616,2.397599935531616,1425408,306.8927917480469,306.8927917480469,208.5911943912506,uint16,True
gbmxikvr,128,128,87,2.397599935531616,2.397599935531616,2.397599935531616,1425408,306.8927917480469,306.8927917480469,208.5911943912506,uint16,True
ecjtr0m6,256,256,256,2.4600000381469727,2.4600000381469727,2.4600000381469727,16777216,629.760009765625,629.760009765625,629.760009765625,uint16,True
hz72kxsj,256,256,256,2.4600000381469727,2.4600000381469727,2.4600000381469727,16777216,629.760009765625,629.760009765625,629.760009765625,uint16,True
zsb6zwkh,256,256,256,2.4600000381469727,2.4600000381469727,2.4600000381469727,16777216,629.760009765625,629.760009765625,629.760009765625,uint16,True
e9i0hn3f,256,256,256,2.4600000381469727,2.4600000381469727,2.4600000381469727,16777216,629.760009765625,629.760009765625,629.760009765625,uint16,True
9zxqerbk,256,256,256,2.4600000381469727,2.4600000381469727,2.4600000381469727,16777216,629.760009765625,629.760009765625,629.760009765625,uint16,True
n3dkvr5n,256,256,256,2.4600000381469727,2.4600000381469727,2.4600000381469727,16777216,629.760009765625,629.760009765625,629.760009765625,uint16,True
bhgpbktm,256,256,256,2.4600000381469727,2.4600000381469727,2.4600000381469727,16777216,629.760009765625,629.760009765625,629.760009765625,int16,True
av6763v1,256,256,256,2.4600000381469727,2.4600000381469727,2.4600000381469727,16777216,629.760009765625,629.760009765625,629.760009765625,uint16,True
m3pp00cd,256,256,256,2.4600000381469727,2.4600000381469727,2.4600000381469727,16777216,629.760009765625,629.760009765625,629.760009765625,uint16,True
nzy47quu,256,256,256,2.4600000381469727,2.4600000381469727,2.4600000381469727,16777216,629.760009765625,629.760009765625,629.760009765625,uint16,True
sfn07ea2,256,256,256,2.4600000381469727,2.4600000381469727,2.4600000381469727,16777216,629.760009765625,629.760009765625,629.760009765625,uint16,True
8ditmown,256,256,256,2.4600000381469727,2.4600000381469727,2.4600000381469727,16777216,629.760009765625,629.760009765625,629.760009765625,uint16,True
x23veulj,256,256,256,2.4600000381469727,2.4600000381469727,2.4600000381469727,16777216,629.760009765625,629.760009765625,629.760009765625,uint16,True
gqpq8r4h,256,256,256,2.4600000381469727,2.4600000381469727,2.4600000381469727,16777216,629.760009765625,629.760009765625,629.760009765625,uint16,True
c7jvlcg1,256,256,256,2.4600000381469727,2.4600000381469727,2.4600000381469727,16777216,629.760009765625,629.760009765625,629.760009765625,uint16,True
j5ewfwbe,256,256,256,2.4600000381469727,2.4600000381469727,2.4600000381469727,16777216,629.760009765625,629.760009765625,629.760009765625,uint16,True
by4ubzcz,256,256,256,2.4600000381469727,2.4600000381469727,2.4600000381469727,16777216,629.760009765625,629.760009765625,629.760009765625,uint16,True
jjy4mzvm,256,256,256,2.4600000381469727,2.4600000381469727,2.4600000381469727,16777216,629.760009765625,629.760009765625,629.760009765625,uint16,True
cpsiln3o,256,256,256,2.4600000381469727,2.4600000381469727,2.4600000381469727,16777216,629.760009765625,629.760009765625,629.760009765625,uint16,True
x5fl2mox,256,256,256,2.4600000381469727,2.4600000381469727,2.4600000381469727,16777216,629.760009765625,629.760009765625,629.760009765625,uint16,True
q9wfb76a,256,256,256,2.4600000381469727,2.4600000381469727,2.4600000381469727,16777216,629.760009765625,629.760009765625,629.760009765625,uint16,True
v3s2sumh,256,256,256,2.4600000381469727,2.4600000381469727,2.4600000381469727,16777216,629.760009765625,629.760009765625,629.760009765625,uint16,True
3b0n9cc7,256,256,256,2.4600000381469727,2.4600000381469727,2.4600000381469727,16777216,629.760009765625,629.760009765625,629.760009765625,uint16,True
isutp04s,256,256,256,2.4600000381469727,2.4600000381469727,2.4600000381469727,16777216,629.760009765625,629.760009765625,629.760009765625,uint16,True
brspj4ki,256,256,256,2.4600000381469727,2.4600000381469727,2.4600000381469727,16777216,629.760009765625,629.760009765625,629.760009765625,uint16,True
i1nq0ei0,256,256,256,2.4600000381469727,2.4600000381469727,2.4600000381469727,16777216,629.760009765625,629.760009765625,629.760009765625,uint16,True
5nms6xvq,256,256,256,2.4600000381469727,2.4600000381469727,2.4600000381469727,16777216,629.760009765625,629.760009765625,629.760009765625,uint16,True
pu3et1ov,256,256,256,2.4600000381469727,2.4600000381469727,2.4600000381469727,16777216,629.760009765625,629.760009765625,629.760009765625,uint16,True
ejklcp9u,256,256,256,2.4600000381469727,2.4600000381469727,2.4600000381469727,16777216,629.760009765625,629.760009765625,629.760009765625,uint16,True
w165aejt,256,256,256,2.4600000381469727,2.4600000381469727,2.4600000381469727,16777216,629.760009765625,629.760009765625,629.760009765625,uint16,True
70ebpy9e,256,256,256,2.4600000381469727,2.4600000381469727,2.4600000381469727,16777216,629.760009765625,629.760009765625,629.760009765625,uint16,True
576mouze,256,256,256,2.4600000381469727,2.4600000381469727,2.4600000381469727,16777216,629.760009765625,629.760009765625,629.760009765625,uint16,True
66vw9b0m,256,256,256,2.4600000381469727,2.4600000381469727,2.4600000381469727,16777216,629.760009765625,629.760009765625,629.760009765625,uint16,True
qoq4kreg,256,256,256,2.4600000381469727,2.4600000381469727,2.4600000381469727,16777216,629.760009765625,629.760009765625,629.760009765625,uint16,True
167d6vnx,256,256,256,2.4600000381469727,2.4600000381469727,2.4600000381469727,16777216,629.760009765625,629.760009765625,629.760009765625,uint16,True
npsv8dkm,256,256,256,2.4600000381469727,2.4600000381469727,2.4600000381469727,16777216,629.760009765625,629.760009765625,629.760009765625,uint16,True
u6u4pllg,256,256,256,2.4600000381469727,2.4600000381469727,2.4600000381469727,16777216,629.760009765625,629.760009765625,629.760009765625,uint16,True
f309hsuw,256,256,256,2.4600000381469727,2.4600000381469727,2.4600000381469727,16777216,629.760009765625,629.760009765625,629.760009765625,uint16,True
dkejp5k7,256,256,256,2.4600000381469727,2.4600000381469727,2.4600000381469727,16777216,629.760009765625,629.760009765625,629.760009765625,uint16,True
917xfh41,256,256,256,2.4600000381469727,2.4600000381469727,2.4600000381469727,16777216,629.760009765625,629.760009765625,629.760009765625,uint16,True
a68t2a3a,256,256,256,2.4600000381469727,2.4600000381469727,2.4600000381469727,16777216,629.760009765625,629.760009765625,629.760009765625,uint16,True
h7u0s3kd,256,256,256,2.4600000381469727,2.4600000381469727,2.4600000381469727,16777216,629.760009765625,629.760009765625,629.760009765625,uint16,True
z4ppj590,256,256,256,2.4600000381469727,2.4600000381469727,2.4600000381469727,16777216,629.760009765625,629.760009765625,629.760009765625,uint16,True
emc20lsj,256,256,256,2.4600000381469727,2.4600000381469727,2.4600000381469727,16777216,629.760009765625,629.760009765625,629.760009765625,uint16,True
ws1zl7p7,256,256,256,2.4600000381469727,2.4600000381469727,2.4600000381469727,16777216,629.760009765625,629.760009765625,629.760009765625,int16,True
2l4x5bwa,256,256,256,2.4600000381469727,2.4600000381469727,2.4600000381469727,16777216,629.760009765625,629.760009765625,629.760009765625,uint16,True
en7yjf30,256,256,256,2.4600000381469727,2.4600000381469727,2.4600000381469727,16777216,629.760009765625,629.760009765625,629.760009765625,uint16,True
kh5840ac,256,256,256,2.4600000381469727,2.4600000381469727,2.4600000381469727,16777216,629.760009765625,629.760009765625,629.760009765625,uint16,True
uhgpjnvw,256,256,256,2.4600000381469727,2.4600000381469727,2.4600000381469727,16777216,629.760009765625,629.760009765625,629.760009765625,uint16,True
rxgkikr2,256,256,256,2.4600000381469727,2.4600000381469727,2.4600000381469727,16777216,629.760009765625,629.760009765625,629.760009765625,uint16,True
omrde51k,256,256,256,2.4600000381469727,2.4600000381469727,2.4600000381469727,16777216,629.760009765625,629.760009765625,629.760009765625,uint16,True
8lxeqlez,256,256,256,2.4600000381469727,2.4600000381469727,2.4600000381469727,16777216,629.760009765625,629.760009765625,629.760009765625,uint16,True
z1r2roik,256,256,256,2.4600000381469727,2.4600000381469727,2.4600000381469727,16777216,629.760009765625,629.760009765625,629.760009765625,uint16,True
s62c1jlo,256,256,256,2.4600000381469727,2.4600000381469727,2.4600000381469727,16777216,629.760009765625,629.760009765625,629.760009765625,uint16,True
po6j0m3l,256,256,256,2.4600000381469727,2.4600000381469727,2.4600000381469727,16777216,629.760009765625,629.760009765625,629.760009765625,uint16,True
oufhw8wl,256,256,256,2.4600000381469727,2.4600000381469727,2.4600000381469727,16777216,629.760009765625,629.760009765625,629.760009765625,uint16,True
va02dz61,256,256,256,2.4600000381469727,2.4600000381469727,2.4600000381469727,16777216,629.760009765625,629.760009765625,629.760009765625,uint16,True
txsnhft4,256,256,256,2.4600000381469727,2.4600000381469727,2.4600000381469727,16777216,629.760009765625,629.760009765625,629.760009765625,uint16,True
i26lh07b,256,256,256,2.4600000381469727,2.4600000381469727,2.4600000381469727,16777216,629.760009765625,629.760009765625,629.760009765625,uint16,True
a7dorfki,256,256,256,2.4600000381469727,2.4600000381469727,2.4600000381469727,16777216,629.760009765625,629.760009765625,629.760009765625,uint16,True
1ije2xe0,256,256,256,2.4600000381469727,2.4600000381469727,2.4600000381469727,16777216,629.760009765625,629.760009765625,629.760009765625,uint16,True
jdcz1oa3,256,256,256,2.4600000381469727,2.4600000381469727,2.4600000381469727,16777216,629.760009765625,629.760009765625,629.760009765625,uint16,True
vf02gvll,256,256,256,2.4600000381469727,2.4600000381469727,2.4600000381469727,16777216,629.760009765625,629.760009765625,629.760009765625,uint16,True
sajhjxqk,256,256,256,2.4600000381469727,2.4600000381469727,2.4600000381469727,16777216,629.760009765625,629.760009765625,629.760009765625,uint16,True
d8ur6tia,256,256,256,2.4600000381469727,2.4600000381469727,2.4600000381469727,16777216,629.760009765625,629.760009765625,629.760009765625,uint16,True
rontdi9o,256,256,256,2.4600000381469727,2.4600000381469727,2.4600000381469727,16777216,629.760009765625,629.760009765625,629.760009765625,uint16,True
inuxl39d,256,256,256,2.4600000381469727,2.4600000381469727,2.4600000381469727,16777216,629.760009765625,629.760009765625,629.760009765625,uint16,True
g5rifwr0,256,256,256,2.4600000381469727,2.4600000381469727,2.4600000381469727,16777216,629.760009765625,629.760009765625,629.760009765625,uint16,True
ui1jlmfl,256,256,256,2.4600000381469727,2.4600000381469727,2.4600000381469727,16777216,629.760009765625,629.760009765625,629.760009765625,uint16,True
uoay12tl,256,256,256,2.4600000381469727,2.4600000381469727,2.4600000381469727,16777216,629.760009765625,629.760009765625,629.760009765625,uint16,True
xlzs49cd,256,256,256,2.4600000381469727,2.4600000381469727,2.4600000381469727,16777216,629.760009765625,629.760009765625,629.760009765625,uint16,True
zn1f0fp8,256,256,256,2.4600000381469727,2.4600000381469727,2.4600000381469727,16777216,629.760009765625,629.760009765625,629.760009765625,uint16,True
bpg2r0to,256,256,256,2.4600000381469727,2.4600000381469727,2.4600000381469727,16777216,629.760009765625,629.760009765625,629.760009765625,uint16,True
kpk7yswn,256,256,256,2.4600000381469727,2.4600000381469727,2.4600000381469727,16777216,629.760009765625,629.760009765625,629.760009765625,uint16,True
xfshwzsj,256,256,256,2.4600000381469727,2.4600000381469727,2.4600000381469727,16777216,629.760009765625,629.760009765625,629.760009765625,uint16,True
q77z4es3,256,256,256,2.4600000381469727,2.4600000381469727,2.4600000381469727,16777216,629.760009765625,629.760009765625,629.760009765625,uint16,True
aofc9lgy,256,256,256,2.4600000381469727,2.4600000381469727,2.4600000381469727,16777216,629.760009765625,629.760009765625,629.760009765625,uint16,True
tlcqfmui,256,256,256,2.4600000381469727,2.4600000381469727,2.4600000381469727,16777216,629.760009765625,629.760009765625,629.760009765625,uint16,True
w7j35vlw,256,256,256,2.4600000381469727,2.4600000381469727,2.4600000381469727,16777216,629.760009765625,629.760009765625,629.760009765625,uint16,True
ojtxcf0k,256,256,256,2.4600000381469727,2.4600000381469727,2.4600000381469727,16777216,629.760009765625,629.760009765625,629.760009765625,uint16,True
jd2v1l1v,256,256,256,2.4600000381469727,2.4600000381469727,2.4600000381469727,16777216,629.760009765625,629.760009765625,629.760009765625,uint16,True
j35yrg29,256,256,256,2.4600000381469727,2.4600000381469727,2.4600000381469727,16777216,629.760009765625,629.760009765625,629.760009765625,uint16,True
d2ff5l6b,256,256,256,2.4600000381469727,2.4600000381469727,2.4600000381469727,16777216,629.760009765625,629.760009765625,629.760009765625,uint16,True
spxlseun,256,256,256,2.4600000381469727,2.4600000381469727,2.4600000381469727,16777216,629.760009765625,629.760009765625,629.760009765625,uint16,True
nrlst548,256,256,256,2.4600000381469727,2.4600000381469727,2.4600000381469727,16777216,629.760009765625,629.760009765625,629.760009765625,uint16,True
84z4ur2y,256,256,256,2.4600000381469727,2.4600000381469727,2.4600000381469727,16777216,629.760009765625,629.760009765625,629.760009765625,uint16,True
upmanqy0,256,256,256,2.4600000381469727,2.4600000381469727,2.4600000381469727,16777216,629.760009765625,629.760009765625,629.760009765625,uint16,True
hu97ng0a,256,256,256,2.4600000381469727,2.4600000381469727,2.4600000381469727,16777216,629.760009765625,629.760009765625,629.760009765625,uint16,True
psaldnj7,256,256,256,2.4600000381469727,2.4600000381469727,2.4600000381469727,16777216,629.760009765625,629.760009765625,629.760009765625,uint16,True
vbjrbzjw,256,256,256,2.4600000381469727,2.4600000381469727,2.4600000381469727,16777216,629.760009765625,629.760009765625,629.760009765625,uint16,True
83579wrr,256,256,256,2.4600000381469727,2.4600000381469727,2.4600000381469727,16777216,629.760009765625,629.760009765625,629.760009765625,uint16,True
513bb6f0,256,256,256,2.4600000381469727,2.4600000381469727,2.4600000381469727,16777216,629.760009765625,629.760009765625,629.760009765625,uint16,True
5ep4cwcd,256,256,256,2.4600000381469727,2.4600000381469727,2.4600000381469727,16777216,629.760009765625,629.760009765625,629.760009765625,uint16,True
t9gwa44l,256,256,256,2.4600000381469727,2.4600000381469727,2.4600000381469727,16777216,629.760009765625,629.760009765625,629.760009765625,uint16,True
z6v7s7o4,256,256,256,2.4600000381469727,2.4600000381469727,2.4600000381469727,16777216,629.760009765625,629.760009765625,629.760009765625,uint16,True
yc3s0dpj,256,256,256,2.4600000381469727,2.4600000381469727,2.4600000381469727,16777216,629.760009765625,629.760009765625,629.760009765625,uint16,True
hsg04ajm,256,256,256,2.4600000381469727,2.4600000381469727,2.4600000381469727,16777216,629.760009765625,629.760009765625,629.760009765625,uint16,True
muzuqed0,256,256,256,2.4600000381469727,2.4600000381469727,2.4600000381469727,16777216,629.760009765625,629.760009765625,629.760009765625,uint16,True
gv812hnc,256,256,256,2.4600000381469727,2.4600000381469727,2.4600000381469727,16777216,629.760009765625,629.760009765625,629.760009765625,uint16,True
0i4x6g1e,256,256,256,2.4600000381469727,2.4600000381469727,2.4600000381469727,16777216,629.760009765625,629.760009765625,629.760009765625,uint16,True
bzgflig5,256,256,256,2.4600000381469727,2.4600000381469727,2.4600000381469727,16777216,629.760009765625,629.760009765625,629.760009765625,uint16,True
gkzjrumx,256,256,256,2.4600000381469727,2.4600000381469727,2.4600000381469727,16777216,629.760009765625,629.760009765625,629.760009765625,uint16,True
qw3b4nth,256,256,256,2.4600000381469727,2.4600000381469727,2.4600000381469727,16777216,629.760009765625,629.760009765625,629.760009765625,uint16,True
zm32hzs3,256,256,256,2.4600000381469727,2.4600000381469727,2.4600000381469727,16777216,629.760009765625,629.760009765625,629.760009765625,uint16,True
2d1jqbex,256,256,256,2.4600000381469727,2.4600000381469727,2.4600000381469727,16777216,629.760009765625,629.760009765625,629.760009765625,uint16,True
gfvnnvbz,256,256,256,2.4600000381469727,2.4600000381469727,2.4600000381469727,16777216,629.760009765625,629.760009765625,629.760009765625,uint16,True
w5apmxd6,256,256,256,2.4600000381469727,2.4600000381469727,2.4600000381469727,16777216,629.760009765625,629.760009765625,629.760009765625,uint16,True
lqga3qup,256,256,256,2.4600000381469727,2.4600000381469727,2.4600000381469727,16777216,629.760009765625,629.760009765625,629.760009765625,uint16,True
o4jnmyk8,256,256,256,2.4600000381469727,2.4600000381469727,2.4600000381469727,16777216,629.760009765625,629.760009765625,629.760009765625,uint16,True
516sp18o,256,256,256,2.4600000381469727,2.4600000381469727,2.4600000381469727,16777216,629.760009765625,629.760009765625,629.760009765625,uint16,True
bs7587h9,256,256,256,2.4600000381469727,2.4600000381469727,2.4600000381469727,16777216,629.760009765625,629.760009765625,629.760009765625,uint16,True
1el88l12,256,256,256,2.4600000381469727,2.4600000381469727,2.4600000381469727,16777216,629.760009765625,629.760009765625,629.760009765625,uint16,True
qfaf5kci,256,256,256,2.4600000381469727,2.4600000381469727,2.4600000381469727,16777216,629.760009765625,629.760009765625,629.760009765625,uint16,True
hdiy4nrm,256,256,256,2.4600000381469727,2.4600000381469727,2.4600000381469727,16777216,629.760009765625,629.760009765625,629.760009765625,uint16,True
qyz6y3z1,256,256,256,2.4600000381469727,2.4600000381469727,2.4600000381469727,16777216,629.760009765625,629.760009765625,629.760009765625,uint16,True
de1e1630,256,256,256,2.4600000381469727,2.4600000381469727,2.4600000381469727,16777216,629.760009765625,629.760009765625,629.760009765625,uint16,True
pocr0vhv,256,256,256,2.4600000381469727,2.4600000381469727,2.4600000381469727,16777216,629.760009765625,629.760009765625,629.760009765625,uint16,True
1nm3v16x,256,256,256,2.4600000381469727,2.4600000381469727,2.4600000381469727,16777216,629.760009765625,629.760009765625,629.760009765625,uint16,True
eghpmxpk,256,256,256,2.4600000381469727,2.4600000381469727,2.4600000381469727,16777216,629.760009765625,629.760009765625,629.760009765625,uint16,True
n3b8pfy4,256,256,256,2.4600000381469727,2.4600000381469727,2.4600000381469727,16777216,629.760009765625,629.760009765625,629.760009765625,uint16,True
qcyd52al,256,256,256,2.4600000381469727,2.4600000381469727,2.4600000381469727,16777216,629.760009765625,629.760009765625,629.760009765625,uint16,True
unqr8o1k,256,256,256,2.4600000381469727,2.4600000381469727,2.4600000381469727,16777216,629.760009765625,629.760009765625,629.760009765625,uint16,True
jwv2qnrm,256,256,256,2.4600000381469727,2.4600000381469727,2.4600000381469727,16777216,629.760009765625,629.760009765625,629.760009765625,uint16,True
tn29tnyf,256,256,256,2.4600000381469727,2.4600000381469727,2.4600000381469727,16777216,629.760009765625,629.760009765625,629.760009765625,uint16,True
m7vh30qb,256,256,256,2.4600000381469727,2.4600000381469727,2.4600000381469727,16777216,629.760009765625,629.760009765625,629.760009765625,uint16,True
kern6yjm,256,256,256,2.4600000381469727,2.4600000381469727,2.4600000381469727,16777216,629.760009765625,629.760009765625,629.760009765625,uint16,True
k3tgmalw,256,256,256,2.4600000381469727,2.4600000381469727,2.4600000381469727,16777216,629.760009765625,629.760009765625,629.760009765625,uint16,True
vmb0idd0,256,256,256,2.4600000381469727,2.4600000381469727,2.4600000381469727,16777216,629.760009765625,629.760009765625,629.760009765625,uint16,True
wpj8yi34,256,256,256,2.4600000381469727,2.4600000381469727,2.4600000381469727,16777216,629.760009765625,629.760009765625,629.760009765625,uint16,True
0sqcnf9w,256,256,256,2.4600000381469727,2.4600000381469727,2.4600000381469727,16777216,629.760009765625,629.760009765625,629.760009765625,uint16,True
5n9c70pa,256,256,256,2.4600000381469727,2.4600000381469727,2.4600000381469727,16777216,629.760009765625,629.760009765625,629.760009765625,uint16,True
8jx54peg,256,256,256,2.4600000381469727,2.4600000381469727,2.4600000381469727,16777216,629.760009765625,629.760009765625,629.760009765625,uint16,True
jks4i2nr,256,256,256,2.4600000381469727,2.4600000381469727,2.4600000381469727,16777216,629.760009765625,629.760009765625,629.760009765625,uint16,True
1p02jyv6,256,256,256,2.4600000381469727,2.4600000381469727,2.4600000381469727,16777216,629.760009765625,629.760009765625,629.760009765625,uint16,True
yjoaoejv,256,256,256,2.4600000381469727,2.4600000381469727,2.4600000381469727,16777216,629.760009765625,629.760009765625,629.760009765625,uint16,True
9lhalckz,256,256,256,2.4600000381469727,2.4600000381469727,2.4600000381469727,16777216,629.760009765625,629.760009765625,629.760009765625,uint16,True
3vwlo7am,256,256,256,2.4600000381469727,2.4600000381469727,2.4600000381469727,16777216,629.760009765625,629.760009765625,629.760009765625,uint16,True
mpq0hzyj,256,256,256,2.4600000381469727,2.4600000381469727,2.4600000381469727,16777216,629.760009765625,629.760009765625,629.760009765625,uint16,True
b48wumh9,256,256,256,2.4600000381469727,2.4600000381469727,2.4600000381469727,16777216,629.760009765625,629.760009765625,629.760009765625,uint16,True
nklybwgm,256,256,256,2.4600000381469727,2.4600000381469727,2.4600000381469727,16777216,629.760009765625,629.760009765625,629.760009765625,uint16,True
p9a9uri7,256,256,256,2.4600000381469727,2.4600000381469727,2.4600000381469727,16777216,629.760009765625,629.760009765625,629.760009765625,uint16,True
ev4dh9ug,256,256,256,2.4600000381469727,2.4600000381469727,2.4600000381469727,16777216,629.760009765625,629.760009765625,629.760009765625,uint16,True
f10oo1pv,256,256,256,2.4600000381469727,2.4600000381469727,2.4600000381469727,16777216,629.760009765625,629.760009765625,629.760009765625,uint16,True
lnd581lt,256,256,256,2.4600000381469727,2.4600000381469727,2.4600000381469727,16777216,629.760009765625,629.760009765625,629.760009765625,uint16,True
o4rq3q7g,256,256,256,2.4600000381469727,2.4600000381469727,2.4600000381469727,16777216,629.760009765625,629.760009765625,629.760009765625,uint16,True
ktmqg6nx,256,256,256,2.4600000381469727,2.4600000381469727,2.4600000381469727,16777216,629.760009765625,629.760009765625,629.760009765625,uint16,True
9owwew9v,256,256,256,2.4600000381469727,2.4600000381469727,2.4600000381469727,16777216,629.760009765625,629.760009765625,629.760009765625,uint16,True
08liuqdn,256,256,256,2.4600000381469727,2.4600000381469727,2.4600000381469727,16777216,629.760009765625,629.760009765625,629.760009765625,uint16,True
05xt54fn,256,256,256,2.4600000381469727,2.4600000381469727,2.4600000381469727,16777216,629.760009765625,629.760009765625,629.760009765625,uint16,True
5g77lk6h,256,256,256,2.4600000381469727,2.4600000381469727,2.4600000381469727,16777216,629.760009765625,629.760009765625,629.760009765625,uint16,True
qiv929se,256,256,256,2.4600000381469727,2.4600000381469727,2.4600000381469727,16777216,629.760009765625,629.760009765625,629.760009765625,uint16,True
vl7fq8ab,256,256,256,2.4600000381469727,2.4600000381469727,2.4600000381469727,16777216,629.760009765625,629.760009765625,629.760009765625,uint16,True
y595cpjz,256,256,256,2.4600000381469727,2.4600000381469727,2.4600000381469727,16777216,629.760009765625,629.760009765625,629.760009765625,uint16,True
e1xtar0k,256,256,256,2.4600000381469727,2.4600000381469727,2.4600000381469727,16777216,629.760009765625,629.760009765625,629.760009765625,uint16,True
o31nzsxp,256,256,256,2.4600000381469727,2.4600000381469727,2.4600000381469727,16777216,629.760009765625,629.760009765625,629.760009765625,uint16,True
efj31ego,256,256,256,2.4600000381469727,2.4600000381469727,2.4600000381469727,16777216,629.760009765625,629.760009765625,629.760009765625,uint16,True
m62hdxc6,256,256,256,2.4600000381469727,2.4600000381469727,2.4600000381469727,16777216,629.760009765625,629.760009765625,629.760009765625,uint16,True
rijkq2zu,256,256,256,2.4600000381469727,2.4600000381469727,2.4600000381469727,16777216,629.760009765625,629.760009765625,629.760009765625,uint16,True
v1fkhnnk,256,256,256,2.4600000381469727,2.4600000381469727,2.4600000381469727,16777216,629.760009765625,629.760009765625,629.760009765625,uint16,True
8fwrpk0z,256,256,256,2.4600000381469727,2.4600000381469727,2.4600000381469727,16777216,629.760009765625,629.760009765625,629.760009765625,uint16,True
fknwbhkv,256,256,256,2.4600000381469727,2.4600000381469727,2.4600000381469727,16777216,629.760009765625,629.760009765625,629.760009765625,uint16,True
jz09owgm,256,256,256,2.4600000381469727,2.4600000381469727,2.4600000381469727,16777216,629.760009765625,629.760009765625,629.760009765625,uint16,True
f4ln5rgs,256,256,256,2.4600000381469727,2.4600000381469727,2.4600000381469727,16777216,629.760009765625,629.760009765625,629.760009765625,uint16,True
g6a8mlik,256,256,256,2.4600000381469727,2.4600000381469727,2.4600000381469727,16777216,629.760009765625,629.760009765625,629.760009765625,uint16,True
22xmq664,256,256,256,2.4600000381469727,2.4600000381469727,2.4600000381469727,16777216,629.760009765625,629.760009765625,629.760009765625,uint16,True
42sihxod,256,256,256,2.4600000381469727,2.4600000381469727,2.4600000381469727,16777216,629.760009765625,629.760009765625,629.760009765625,uint16,True
lctt058c,256,256,256,2.4600000381469727,2.4600000381469727,2.4600000381469727,16777216,629.760009765625,629.760009765625,629.760009765625,uint16,True
uij0yxiy,256,256,256,2.4600000381469727,2.4600000381469727,2.4600000381469727,16777216,629.760009765625,629.760009765625,629.760009765625,uint16,True
qbvtdg3c,256,256,256,2.4600000381469727,2.4600000381469727,2.4600000381469727,16777216,629.760009765625,629.760009765625,629.760009765625,uint16,True
6scivuqt,256,256,256,2.4600000381469727,2.4600000381469727,2.4600000381469727,16777216,629.760009765625,629.760009765625,629.760009765625,uint16,True
2lwhedht,256,256,256,2.4600000381469727,2.4600000381469727,2.4600000381469727,16777216,629.760009765625,629.760009765625,629.760009765625,uint16,True
hruu5e51,256,256,256,2.4600000381469727,2.4600000381469727,2.4600000381469727,16777216,629.760009765625,629.760009765625,629.760009765625,uint16,True
h3wqa1vr,256,256,256,2.4600000381469727,2.4600000381469727,2.4600000381469727,16777216,629.760009765625,629.760009765625,629.760009765625,uint16,True
gss8k5ij,256,256,256,2.4600000381469727,2.4600000381469727,2.4600000381469727,16777216,629.760009765625,629.760009765625,629.760009765625,uint16,True
ulp98rl9,256,256,256,2.4600000381469727,2.4600000381469727,2.4600000381469727,16777216,629.760009765625,629.760009765625,629.760009765625,uint16,True
qfcpk7pw,256,256,256,2.4600000381469727,2.4600000381469727,2.4600000381469727,16777216,629.760009765625,629.760009765625,629.760009765625,uint16,True
tg21hslt,256,256,256,2.4600000381469727,2.4600000381469727,2.4600000381469727,16777216,629.760009765625,629.760009765625,629.760009765625,uint16,True
dkvuff12,256,256,256,2.4600000381469727,2.4600000381469727,2.4600000381469727,16777216,629.760009765625,629.760009765625,629.760009765625,uint16,True
4vf89x22,256,256,256,2.4600000381469727,2.4600000381469727,2.4600000381469727,16777216,629.760009765625,629.760009765625,629.760009765625,uint16,True
j7q4kfmm,256,256,256,2.4600000381469727,2.4600000381469727,2.4600000381469727,16777216,629.760009765625,629.760009765625,629.760009765625,uint16,True
0qpop1o8,256,256,256,2.4600000381469727,2.4600000381469727,2.4600000381469727,16777216,629.760009765625,629.760009765625,629.760009765625,uint16,True
m291azhz,256,256,256,2.4600000381469727,2.4600000381469727,2.4600000381469727,16777216,629.760009765625,629.760009765625,629.760009765625,uint16,True
knl2luhh,256,256,256,2.4600000381469727,2.4600000381469727,2.4600000381469727,16777216,629.760009765625,629.760009765625,629.760009765625,uint16,True
s4dilrzq,256,256,256,2.4600000381469727,2.4600000381469727,2.4600000381469727,16777216,629.760009765625,629.760009765625,629.760009765625,uint16,True
8bxy6rkv,256,256,256,2.4600000381469727,2.4600000381469727,2.4600000381469727,16777216,629.760009765625,629.760009765625,629.760009765625,uint16,True
ndxjn7de,256,256,256,2.4600000381469727,2.4600000381469727,2.4600000381469727,16777216,629.760009765625,629.760009765625,629.760009765625,uint16,True
0l1offkh,256,256,256,2.4600000381469727,2.4600000381469727,2.4600000381469727,16777216,629.760009765625,629.760009765625,629.760009765625,uint16,True
diu1jtka,256,256,256,2.4600000381469727,2.4600000381469727,2.4600000381469727,16777216,629.760009765625,629.760009765625,629.760009765625,uint16,True
1c2zl46q,256,256,256,2.4600000381469727,2.4600000381469727,2.4600000381469727,16777216,629.760009765625,629.760009765625,629.760009765625,uint16,True
5gqqlyzj,256,256,256,2.4600000381469727,2.4600000381469727,2.4600000381469727,16777216,629.760009765625,629.760009765625,629.760009765625,uint16,True
0aeoorbt,256,256,256,2.4600000381469727,2.4600000381469727,2.4600000381469727,16777216,629.760009765625,629.760009765625,629.760009765625,uint16,True
6sapbs22,256,256,256,2.4600000381469727,2.4600000381469727,2.4600000381469727,16777216,629.760009765625,629.760009765625,629.760009765625,uint16,True
ruw0u92t,256,256,256,2.4600000381469727,2.4600000381469727,2.4600000381469727,16777216,629.760009765625,629.760009765625,629.760009765625,uint16,True
24d7v911,256,256,256,2.4600000381469727,2.4600000381469727,2.4600000381469727,16777216,629.760009765625,629.760009765625,629.760009765625,uint16,True
pjq50xcx,256,256,256,2.4600000381469727,2.4600000381469727,2.4600000381469727,16777216,629.760009765625,629.760009765625,629.760009765625,uint16,True
msy3paua,256,256,256,2.4600000381469727,2.4600000381469727,2.4600000381469727,16777216,629.760009765625,629.760009765625,629.760009765625,uint16,True
3aipjiyl,256,256,256,2.4600000381469727,2.4600000381469727,2.4600000381469727,16777216,629.760009765625,629.760009765625,629.760009765625,uint16,True
qx1um55f,256,256,256,2.4600000381469727,2.4600000381469727,2.4600000381469727,16777216,629.760009765625,629.760009765625,629.760009765625,uint16,True
1hgav42t,256,256,256,2.4600000381469727,2.4600000381469727,2.4600000381469727,16777216,629.760009765625,629.760009765625,629.760009765625,uint16,True
8llihkpj,256,256,256,2.4600000381469727,2.4600000381469727,2.4600000381469727,16777216,629.760009765625,629.760009765625,629.760009765625,uint16,True
7hme6p4n,256,256,256,2.4600000381469727,2.4600000381469727,2.4600000381469727,16777216,629.760009765625,629.760009765625,629.760009765625,uint16,True
p00nqohn,256,256,256,2.4600000381469727,2.4600000381469727,2.4600000381469727,16777216,629.760009765625,629.760009765625,629.760009765625,uint16,True
3dg60e1e,256,256,256,2.4600000381469727,2.4600000381469727,2.4600000381469727,16777216,629.760009765625,629.760009765625,629.760009765625,uint16,True
rv0lg92m,256,256,256,2.4600000381469727,2.4600000381469727,2.4600000381469727,16777216,629.760009765625,629.760009765625,629.760009765625,uint16,True
jeqa2o4m,256,256,256,2.4600000381469727,2.4600000381469727,2.4600000381469727,16777216,629.760009765625,629.760009765625,629.760009765625,uint16,True
84p4k9dx,256,256,256,2.4600000381469727,2.4600000381469727,2.4600000381469727,16777216,629.760009765625,629.760009765625,629.760009765625,uint16,True
oq8jxlfi,256,256,256,2.4600000381469727,2.4600000381469727,2.4600000381469727,16777216,629.760009765625,629.760009765625,629.760009765625,uint16,True
uefz1c25,256,256,256,2.4600000381469727,2.4600000381469727,2.4600000381469727,16777216,629.760009765625,629.760009765625,629.760009765625,int16,True
xnofg780,256,256,256,2.4600000381469727,2.4600000381469727,2.4600000381469727,16777216,629.760009765625,629.760009765625,629.760009765625,uint16,True
3g5dfrlw,256,256,256,2.4600000381469727,2.4600000381469727,2.4600000381469727,16777216,629.760009765625,629.760009765625,629.760009765625,uint16,True
6jl2l5b5,256,256,256,2.4600000381469727,2.4600000381469727,2.4600000381469727,16777216,629.760009765625,629.760009765625,629.760009765625,uint16,True
6bnvsfa6,256,256,256,2.4600000381469727,2.4600000381469727,2.4600000381469727,16777216,629.760009765625,629.760009765625,629.760009765625,uint16,True
d9er94te,256,256,256,2.4600000381469727,2.4600000381469727,2.4600000381469727,16777216,629.760009765625,629.760009765625,629.760009765625,uint16,True
vwlq6exn,256,256,256,2.4600000381469727,2.4600000381469727,2.4600000381469727,16777216,629.760009765625,629.760009765625,629.760009765625,uint16,True
wzr04hhe,256,256,256,2.4600000381469727,2.4600000381469727,2.4600000381469727,16777216,629.760009765625,629.760009765625,629.760009765625,uint16,True
7icdo5di,256,256,256,2.4600000381469727,2.4600000381469727,2.4600000381469727,16777216,629.760009765625,629.760009765625,629.760009765625,uint16,True
gxl9ysu5,256,256,256,2.4600000381469727,2.4600000381469727,2.4600000381469727,16777216,629.760009765625,629.760009765625,629.760009765625,uint16,True
1epxu7b6,256,256,256,2.4600000381469727,2.4600000381469727,2.4600000381469727,16777216,629.760009765625,629.760009765625,629.760009765625,uint16,True
nbhgfb2f,256,256,256,2.4600000381469727,2.4600000381469727,2.4600000381469727,16777216,629.760009765625,629.760009765625,629.760009765625,uint16,True
lurmw3uq,256,256,256,2.4600000381469727,2.4600000381469727,2.4600000381469727,16777216,629.760009765625,629.760009765625,629.760009765625,uint16,True
hwtek17m,256,256,256,2.4600000381469727,2.4600000381469727,2.4600000381469727,16777216,629.760009765625,629.760009765625,629.760009765625,uint16,True
6j3rtxym,256,256,256,2.4600000381469727,2.4600000381469727,2.4600000381469727,16777216,629.760009765625,629.760009765625,629.760009765625,uint16,True
scnx8eiq,256,256,256,2.4600000381469727,2.4600000381469727,2.4600000381469727,16777216,629.760009765625,629.760009765625,629.760009765625,int16,True
etk5lp9c,256,256,256,2.4600000381469727,2.4600000381469727,2.4600000381469727,16777216,629.760009765625,629.760009765625,629.760009765625,uint16,True
5so79h4h,256,256,256,2.4600000381469727,2.4600000381469727,2.4600000381469727,16777216,629.760009765625,629.760009765625,629.760009765625,uint16,True
a0mvf4s2,256,256,256,2.4600000381469727,2.4600000381469727,2.4600000381469727,16777216,629.760009765625,629.760009765625,629.760009765625,uint16,True
ni8tndfw,256,256,256,2.4600000381469727,2.4600000381469727,2.4600000381469727,16777216,629.760009765625,629.760009765625,629.760009765625,uint16,True
w41f7v4k,256,256,256,2.4600000381469727,2.4600000381469727,2.4600000381469727,16777216,629.760009765625,629.760009765625,629.760009765625,uint16,True
88k686qe,256,256,256,2.4600000381469727,2.4600000381469727,2.4600000381469727,16777216,629.760009765625,629.760009765625,629.760009765625,uint16,True
7ajul7w8,256,256,256,2.4600000381469727,2.4600000381469727,2.4600000381469727,16777216,629.760009765625,629.760009765625,629.760009765625,uint16,True
cof3138i,256,256,256,2.4600000381469727,2.4600000381469727,2.4600000381469727,16777216,629.760009765625,629.760009765625,629.760009765625,uint16,True
2xog4c8j,256,256,256,2.4600000381469727,2.4600000381469727,2.4600000381469727,16777216,629.760009765625,629.760009765625,629.760009765625,uint16,True
6e07fpy1,256,256,256,2.4600000381469727,2.4600000381469727,2.4600000381469727,16777216,629.760009765625,629.760009765625,629.760009765625,uint16,True
aeldwqxk,256,256,256,2.4600000381469727,2.4600000381469727,2.4600000381469727,16777216,629.760009765625,629.760009765625,629.760009765625,uint16,True
e0qc96mj,256,256,256,2.4600000381469727,2.4600000381469727,2.4600000381469727,16777216,629.760009765625,629.760009765625,629.760009765625,uint16,True
9n6eqv5y,256,256,256,2.4600000381469727,2.4600000381469727,2.4600000381469727,16777216,629.760009765625,629.760009765625,629.760009765625,uint16,True
21id9vvn,256,256,256,2.4600000381469727,2.4600000381469727,2.4600000381469727,16777216,629.760009765625,629.760009765625,629.760009765625,uint16,True
5x48pw5k,256,256,256,2.4600000381469727,2.4600000381469727,2.4600000381469727,16777216,629.760009765625,629.760009765625,629.760009765625,uint16,True
0jjsp49c,256,256,256,2.4600000381469727,2.4600000381469727,2.4600000381469727,16777216,629.760009765625,629.760009765625,629.760009765625,uint16,True
d3irvxd2,256,256,256,2.4600000381469727,2.4600000381469727,2.4600000381469727,16777216,629.760009765625,629.760009765625,629.760009765625,uint16,True
zu4ns7nv,256,256,256,2.4600000381469727,2.4600000381469727,2.4600000381469727,16777216,629.760009765625,629.760009765625,629.760009765625,uint16,True
v28ue1my,256,256,256,2.4600000381469727,2.4600000381469727,2.4600000381469727,16777216,629.760009765625,629.760009765625,629.760009765625,uint16,True
6po0m24u,256,256,256,2.4600000381469727,2.4600000381469727,2.4600000381469727,16777216,629.760009765625,629.760009765625,629.760009765625,uint16,True
s73w1yau,256,256,256,2.4600000381469727,2.4600000381469727,2.4600000381469727,16777216,629.760009765625,629.760009765625,629.760009765625,uint16,True
a8d7204j,256,256,256,2.4600000381469727,2.4600000381469727,2.4600000381469727,16777216,629.760009765625,629.760009765625,629.760009765625,uint16,True
3m9iqbq9,256,256,256,2.4600000381469727,2.4600000381469727,2.4600000381469727,16777216,629.760009765625,629.760009765625,629.760009765625,uint16,True
j2h1tlom,256,256,256,2.4600000381469727,2.4600000381469727,2.4600000381469727,16777216,629.760009765625,629.760009765625,629.760009765625,uint16,True
344mw04i,256,256,256,2.4600000381469727,2.4600000381469727,2.4600000381469727,16777216,629.760009765625,629.760009765625,629.760009765625,uint16,True
3dzxlrgn,256,256,256,2.4600000381469727,2.4600000381469727,2.4600000381469727,16777216,629.760009765625,629.760009765625,629.760009765625,uint16,True
jzm3618l,256,256,256,2.4600000381469727,2.4600000381469727,2.4600000381469727,16777216,629.760009765625,629.760009765625,629.760009765625,uint16,True
eu6zu1to,256,256,256,2.4600000381469727,2.4600000381469727,2.4600000381469727,16777216,629.760009765625,629.760009765625,629.760009765625,uint16,True
zhdv5ojz,256,256,256,2.4600000381469727,2.4600000381469727,2.4600000381469727,16777216,629.760009765625,629.760009765625,629.760009765625,uint16,True
to7d835k,256,256,256,2.4600000381469727,2.4600000381469727,2.4600000381469727,16777216,629.760009765625,629.760009765625,629.760009765625,uint16,True
uc9pbtyj,256,256,256,2.4600000381469727,2.4600000381469727,2.4600000381469727,16777216,629.760009765625,629.760009765625,629.760009765625,uint16,True
r39iixha,256,256,256,2.4600000381469727,2.4600000381469727,2.4600000381469727,16777216,629.760009765625,629.760009765625,629.760009765625,uint16,True
iaw4otuo,256,256,256,2.4600000381469727,2.4600000381469727,2.4600000381469727,16777216,629.760009765625,629.760009765625,629.760009765625,uint16,True
4uw590z9,256,256,256,2.4600000381469727,2.4600000381469727,2.4600000381469727,16777216,629.760009765625,629.760009765625,629.760009765625,uint16,True
2jn67lm8,256,256,256,2.4600000381469727,2.4600000381469727,2.4600000381469727,16777216,629.760009765625,629.760009765625,629.760009765625,uint16,True
e49ite92,256,256,256,2.4600000381469727,2.4600000381469727,2.4600000381469727,16777216,629.760009765625,629.760009765625,629.760009765625,uint16,True
srl3vzzx,256,256,256,2.4600000381469727,2.4600000381469727,2.4600000381469727,16777216,629.760009765625,629.760009765625,629.760009765625,uint16,True
t9qubwrp,256,256,256,2.4600000381469727,2.4600000381469727,2.4600000381469727,16777216,629.760009765625,629.760009765625,629.760009765625,uint16,True
8guucm5f,256,256,256,2.4600000381469727,2.4600000381469727,2.4600000381469727,16777216,629.760009765625,629.760009765625,629.760009765625,uint16,True
yczu80zr,256,256,256,2.4600000381469727,2.4600000381469727,2.4600000381469727,16777216,629.760009765625,629.760009765625,629.760009765625,uint16,True
z79hqtyl,256,256,256,2.4600000381469727,2.4600000381469727,2.4600000381469727,16777216,629.760009765625,629.760009765625,629.760009765625,uint16,True
u58ftyla,256,256,256,2.4600000381469727,2.4600000381469727,2.4600000381469727,16777216,629.760009765625,629.760009765625,629.760009765625,uint16,True
vzme9wt0,128,128,56,3.2956700325012207,3.2956700325012207,3.299999952316284,917504,421.84576416015625,421.84576416015625,184.7999973297119,uint16,False
0iv1ggxr,128,128,48,2.397599935531616,2.397599935531616,2.4000000953674316,786432,306.8927917480469,306.8927917480469,115.20000457763672,uint16,False
ed8u8noz,128,128,62,3.2956700325012207,3.2956700325012207,3.299999952316284,1015808,421.84576416015625,421.84576416015625,204.59999704360962,uint16,False
emdmz5rg,128,128,49,2.397599935531616,2.397599935531616,2.4000000953674316,802816,306.8927917480469,306.8927917480469,117.60000467300415,uint16,False
oi9wm1sa,128,128,49,3.2956700325012207,3.2956700325012207,3.299999952316284,802816,421.84576416015625,421.84576416015625,161.69999766349792,uint16,False
v9cng8ta,128,128,60,3.2956700325012207,3.2956700325012207,3.299999952316284,983040,421.84576416015625,421.84576416015625,197.99999713897705,uint16,False
na6u48gw,128,128,53,3.2956700325012207,3.2956700325012207,3.299999952316284,868352,421.84576416015625,421.84576416015625,174.89999747276306,uint16,False
ghm56vu6,128,128,53,3.2956700325012207,3.2956700325012207,3.299999952316284,868352,421.84576416015625,421.84576416015625,174.89999747276306,uint16,False
z5gf3bbt,128,128,56,3.2956700325012207,3.2956700325012207,3.299999952316284,917504,421.84576416015625,421.84576416015625,184.7999973297119,uint16,False
873lkmgs,128,128,57,3.2956700325012207,3.2956700325012207,3.299999952316284,933888,421.84576416015625,421.84576416015625,188.0999972820282,uint16,False
6rv9777t,128,128,57,3.304689884185791,3.304689884185791,3.0,933888,423.00030517578125,423.00030517578125,171.0,uint16,False
nqetmni3,128,128,55,3.304689884185791,3.304689884185791,3.0,901120,423.00030517578125,423.00030517578125,165.0,uint16,False
gom6736z,128,128,54,3.2956700325012207,3.2956700325012207,3.299999952316284,884736,421.84576416015625,421.84576416015625,178.19999742507935,uint16,False
4dsxlsut,128,128,57,3.2956700325012207,3.2956700325012207,3.299999952316284,933888,421.84576416015625,421.84576416015625,188.0999972820282,uint16,False
othlqh7p,128,128,45,2.397599935531616,2.397599935531616,2.4000000953674316,737280,306.8927917480469,306.8927917480469,108.00000429153442,uint16,False
pcaduvl9,128,128,57,2.397599935531616,2.397599935531616,2.4000000953674316,933888,306.8927917480469,306.8927917480469,136.8000054359436,uint16,False
11zsb8lv,128,128,43,3.2956700325012207,3.2956700325012207,3.299999952316284,704512,421.84576416015625,421.84576416015625,141.89999794960022,uint16,False
6tx0tbkg,128,128,49,3.304689884185791,3.304689884185791,3.0,802816,423.00030517578125,423.00030517578125,147.0,uint16,False
8b350sgn,128,128,49,2.397599935531616,2.397599935531616,2.4000000953674316,802816,306.8927917480469,306.8927917480469,117.60000467300415,uint16,False
z6d86zch,128,128,55,3.304689884185791,3.304689884185791,3.0,901120,423.00030517578125,423.00030517578125,165.0,uint16,False
hxa7hy7a,128,128,53,3.2956700325012207,3.2956700325012207,3.299999952316284,868352,421.84576416015625,421.84576416015625,174.89999747276306,uint16,False
i33993n4,128,128,59,3.2956700325012207,3.2956700325012207,3.299999952316284,966656,421.84576416015625,421.84576416015625,194.69999718666077,uint16,False
bfiy5pu5,128,128,64,2.397599935531616,2.397599935531616,2.4000000953674316,1048576,306.8927917480469,306.8927917480469,153.60000610351562,uint16,False
wh50jyoo,128,128,49,3.2956700325012207,3.2956700325012207,3.299999952316284,802816,421.84576416015625,421.84576416015625,161.69999766349792,uint16,False
k63rvwoz,128,128,47,3.304689884185791,3.304689884185791,3.0,770048,423.00030517578125,423.00030517578125,141.0,uint16,False
qxiwe6rg,128,128,62,3.304689884185791,3.304689884185791,3.0,1015808,423.00030517578125,423.00030517578125,186.0,uint16,False
l7jy7otk,128,128,52,3.2956700325012207,3.2956700325012207,3.299999952316284,851968,421.84576416015625,421.84576416015625,171.59999752044678,uint16,False
ude358tr,128,128,65,3.304689884185791,3.304689884185791,3.0,1064960,423.00030517578125,423.00030517578125,195.0,uint16,False
e9qdi3g1,128,128,55,3.304689884185791,3.304689884185791,3.0,901120,423.00030517578125,423.00030517578125,165.0,uint16,False
3iwpfvb7,128,128,63,3.2956700325012207,3.2956700325012207,3.299999952316284,1032192,421.84576416015625,421.84576416015625,207.8999969959259,uint16,False
1ghlu8m8,128,128,55,3.2956700325012207,3.2956700325012207,3.299999952316284,901120,421.84576416015625,421.84576416015625,181.49999737739563,uint16,False
7mhxofkc,128,128,52,3.2956700325012207,3.2956700325012207,3.299999952316284,851968,421.84576416015625,421.84576416015625,171.59999752044678,uint16,False
ggxp5cit,128,128,54,3.2956700325012207,3.2956700325012207,3.299999952316284,884736,421.84576416015625,421.84576416015625,178.19999742507935,uint16,False
uf8cyotw,128,128,58,3.2956700325012207,3.2956700325012207,3.299999952316284,950272,421.84576416015625,421.84576416015625,191.39999723434448,uint16,False
g7nfdinu,128,128,52,3.304689884185791,3.304689884185791,3.0,851968,423.00030517578125,423.00030517578125,156.0,uint16,False
31eiwucx,128,128,60,3.2956700325012207,3.2956700325012207,3.299999952316284,983040,421.84576416015625,421.84576416015625,197.99999713897705,uint16,False
67xkwq0y,128,128,54,3.304689884185791,3.304689884185791,3.0,884736,423.00030517578125,423.00030517578125,162.0,uint16,False
wm9q7ftm,128,128,60,3.2956700325012207,3.2956700325012207,3.299999952316284,983040,421.84576416015625,421.84576416015625,197.99999713897705,uint16,False
fwg895na,128,128,59,3.2956700325012207,3.2956700325012207,3.299999952316284,966656,421.84576416015625,421.84576416015625,194.69999718666077,uint16,False
2fqztio4,128,128,55,3.2956700325012207,3.2956700325012207,3.299999952316284,901120,421.84576416015625,421.84576416015625,181.49999737739563,uint16,False
m7pp0pnn,128,128,52,3.2956700325012207,3.2956700325012207,3.299999952316284,851968,421.84576416015625,421.84576416015625,171.59999752044678,uint16,False
lo0hhgh5,128,128,49,3.2956700325012207,3.2956700325012207,3.299999952316284,802816,421.84576416015625,421.84576416015625,161.69999766349792,uint16,False
xw6t1oxh,128,128,53,3.304689884185791,3.304689884185791,3.0,868352,423.00030517578125,423.00030517578125,159.0,uint16,False
fdxk31wb,128,128,53,3.304689884185791,3.304689884185791,3.0,868352,423.00030517578125,423.00030517578125,159.0,uint16,False
htfnsgpy,128,128,52,3.304689884185791,3.304689884185791,3.0,851968,423.00030517578125,423.00030517578125,156.0,uint16,False
8257ge0q,128,128,128,3.5909500122070312,3.5909500122070312,3.5909500122070312,2097152,459.6416015625,459.6416015625,459.6416015625,uint16,True
uz2z0kdn,128,128,45,2.0,2.0,4.0,737280,256.0,256.0,180.0,uint16,False
upcj8mo7,122,122,112,2.4600000381469727,2.4600000381469727,2.4600000381469727,1667008,300.12000465393066,300.12000465393066,275.52000427246094,uint16,True
65efuxq9,134,134,112,2.4600000381469727,2.4600000381469727,2.4600000381469727,2011072,329.64000511169434,329.64000511169434,275.52000427246094,uint16,True
njc2goui,132,132,112,2.4600000381469727,2.4600000381469727,2.4600000381469727,1951488,324.7200050354004,324.7200050354004,275.52000427246094,uint16,True
fezac2ex,128,128,128,3.5909500122070312,3.5909500122070312,3.5909500122070312,2097152,459.6416015625,459.6416015625,459.6416015625,int16,True
va5e742g,134,134,112,2.4600000381469727,2.4600000381469727,2.4600000381469727,2011072,329.64000511169434,329.64000511169434,275.52000427246094,uint16,True
rrdnwt2f,134,134,112,2.4600000381469727,2.4600000381469727,2.4600000381469727,2011072,329.64000511169434,329.64000511169434,275.52000427246094,uint16,True
es5cs9ui,130,130,112,2.4600000381469727,2.4600000381469727,2.4600000381469727,1892800,319.80000495910645,319.80000495910645,275.52000427246094,uint16,True
14nijcp5,126,126,112,2.4600000381469727,2.4600000381469727,2.4600000381469727,1778112,309.96000480651855,309.96000480651855,275.52000427246094,uint16,True
2ay7ov50,134,134,112,2.4600000381469727,2.4600000381469727,2.4600000381469727,2011072,329.64000511169434,329.64000511169434,275.52000427246094,uint16,True
ew25x1fv,134,134,112,2.4600000381469727,2.4600000381469727,2.4600000381469727,2011072,329.64000511169434,329.64000511169434,275.52000427246094,uint16,True
k1pbcd6f,156,156,112,2.4600000381469727,2.4600000381469727,2.4600000381469727,2725632,383.76000595092773,383.76000595092773,275.52000427246094,uint16,True
xnoq37kt,140,140,112,2.4600000381469727,2.4600000381469727,2.4600000381469727,2195200,344.4000053405762,344.4000053405762,275.52000427246094,uint16,True
ll8sn5yz,124,124,112,2.4600000381469727,2.4600000381469727,2.4600000381469727,1722112,305.0400047302246,305.0400047302246,275.52000427246094,uint16,True
7vxuqdrm,136,136,112,2.4600000381469727,2.4600000381469727,2.4600000381469727,2071552,334.5600051879883,334.5600051879883,275.52000427246094,uint16,True
swjjjksl,132,132,112,2.4600000381469727,2.4600000381469727,2.4600000381469727,1951488,324.7200050354004,324.7200050354004,275.52000427246094,uint16,True
66uml3so,130,130,112,2.4600000381469727,2.4600000381469727,2.4600000381469727,1892800,319.80000495910645,319.80000495910645,275.52000427246094,uint16,True
jpx16f1k,164,164,112,2.4600000381469727,2.4600000381469727,2.4600000381469727,3012352,403.4400062561035,403.4400062561035,275.52000427246094,uint16,True
yntl2ug0,164,164,112,2.4600000381469727,2.4600000381469727,2.4600000381469727,3012352,403.4400062561035,403.4400062561035,275.52000427246094,uint16,True
5wh23gxr,126,126,112,2.4600000381469727,2.4600000381469727,2.4600000381469727,1778112,309.96000480651855,309.96000480651855,275.52000427246094,uint16,True
irjutfvj,128,128,128,3.5909500122070312,3.5909500122070312,3.5909500122070312,2097152,459.6416015625,459.6416015625,459.6416015625,int16,True
839ag77q,128,128,45,2.0,2.0,4.0,737280,256.0,256.0,180.0,uint16,False
9vjuhbp9,128,128,128,4.419600009918213,4.419600009918213,4.419600009918213,2097152,565.7088012695312,565.7088012695312,565.7088012695312,uint16,True
vrnegn2b,118,118,112,2.4600000381469727,2.4600000381469727,2.4600000381469727,1559488,290.2800045013428,290.2800045013428,275.52000427246094,uint16,True
4jtj27yh,128,128,128,3.5909500122070312,3.5909500122070312,3.5909500122070312,2097152,459.6416015625,459.6416015625,459.6416015625,int16,True
6uamwjpi,152,152,112,2.4600000381469727,2.4600000381469727,2.4600000381469727,2587648,373.92000579833984,373.92000579833984,275.52000427246094,uint16,True
wujt4ftl,140,140,112,2.4600000381469727,2.4600000381469727,2.4600000381469727,2195200,344.4000053405762,344.4000053405762,275.52000427246094,uint16,True
h33hw8d0,122,122,112,2.4600000381469727,2.4600000381469727,2.4600000381469727,1667008,300.12000465393066,300.12000465393066,275.52000427246094,uint16,True
9jrd4hqf,128,128,128,4.419600009918213,4.419600009918213,4.419600009918213,2097152,565.7088012695312,565.7088012695312,565.7088012695312,int16,True
ghdiluvn,128,128,128,3.5909500122070312,3.5909500122070312,3.5909500122070312,2097152,459.6416015625,459.6416015625,459.6416015625,int16,True
hdczp0nw,128,128,112,2.4600000381469727,2.4600000381469727,2.4600000381469727,1835008,314.8800048828125,314.8800048828125,275.52000427246094,uint16,True
ntj5r2sl,146,146,112,2.4600000381469727,2.4600000381469727,2.4600000381469727,2387392,359.160005569458,359.160005569458,275.52000427246094,uint16,True
rw4vnzvz,166,166,112,2.4600000381469727,2.4600000381469727,2.4600000381469727,3086272,408.36000633239746,408.36000633239746,275.52000427246094,uint16,True
n2hloiki,126,126,112,2.4600000381469727,2.4600000381469727,2.4600000381469727,1778112,309.96000480651855,309.96000480651855,275.52000427246094,uint16,True
vqa7izq2,128,128,45,2.0,2.0,4.0,737280,256.0,256.0,180.0,uint16,False
nmnr06dj,128,128,45,2.0,2.0,4.0,737280,256.0,256.0,180.0,uint16,False
in9rg4xv,130,130,112,2.4600000381469727,2.4600000381469727,2.4600000381469727,1892800,319.80000495910645,319.80000495910645,275.52000427246094,uint16,True
349n1d6d,136,136,112,2.4600000381469727,2.4600000381469727,2.4600000381469727,2071552,334.5600051879883,334.5600051879883,275.52000427246094,uint16,True
zbc7qk4k,128,128,45,2.0,2.0,4.0,737280,256.0,256.0,180.0,uint16,False
6ilsidbx,160,160,112,2.4600000381469727,2.4600000381469727,2.4600000381469727,2867200,393.6000061035156,393.6000061035156,275.52000427246094,uint16,True
287gt76i,128,128,45,2.0,2.0,4.0,737280,256.0,256.0,180.0,uint16,False
3hzcd3ge,128,128,128,4.419600009918213,4.419600009918213,4.419600009918213,2097152,565.7088012695312,565.7088012695312,565.7088012695312,int16,True
q10f7ia4,128,128,45,2.0,2.0,4.0,737280,256.0,256.0,180.0,uint16,False
1sascebf,128,128,128,3.5909500122070312,3.5909500122070312,3.5909500122070312,2097152,459.6416015625,459.6416015625,459.6416015625,int16,True
e54ukigd,162,162,112,2.4600000381469727,2.4600000381469727,2.4600000381469727,2939328,398.52000617980957,398.52000617980957,275.52000427246094,uint16,True
ix1cnaq2,156,156,112,2.4600000381469727,2.4600000381469727,2.4600000381469727,2725632,383.76000595092773,383.76000595092773,275.52000427246094,uint16,True
yotos87m,146,146,112,2.4600000381469727,2.4600000381469727,2.4600000381469727,2387392,359.160005569458,359.160005569458,275.52000427246094,uint16,True
vz01sosr,128,128,128,3.5909500122070312,3.5909500122070312,3.5909500122070312,2097152,459.6416015625,459.6416015625,459.6416015625,int16,True
2hvnkvon,144,144,112,2.4600000381469727,2.4600000381469727,2.4600000381469727,2322432,354.24000549316406,354.24000549316406,275.52000427246094,uint16,True
nlhapwf5,140,140,112,2.4600000381469727,2.4600000381469727,2.4600000381469727,2195200,344.4000053405762,344.4000053405762,275.52000427246094,uint16,True
20xkiaip,128,128,128,3.5909500122070312,3.5909500122070312,3.5909500122070312,2097152,459.6416015625,459.6416015625,459.6416015625,int16,True
rqq5qob8,144,144,112,2.4600000381469727,2.4600000381469727,2.4600000381469727,2322432,354.24000549316406,354.24000549316406,275.52000427246094,uint16,True
67kbqnxp,162,162,112,2.4600000381469727,2.4600000381469727,2.4600000381469727,2939328,398.52000617980957,398.52000617980957,275.52000427246094,uint16,True
vmsr75rm,178,178,112,2.4600000381469727,2.4600000381469727,2.4600000381469727,3548608,437.88000679016113,437.88000679016113,275.52000427246094,uint16,True
g7f9fzja,128,128,128,4.419600009918213,4.419600009918213,4.419600009918213,2097152,565.7088012695312,565.7088012695312,565.7088012695312,uint16,True
hsao2qwk,128,128,128,3.5909500122070312,3.5909500122070312,3.5909500122070312,2097152,459.6416015625,459.6416015625,459.6416015625,uint16,True
bsepr1b2,128,128,128,4.419600009918213,4.419600009918213,4.419600009918213,2097152,565.7088012695312,565.7088012695312,565.7088012695312,uint16,True
0uc87nxp,138,138,112,2.4600000381469727,2.4600000381469727,2.4600000381469727,2132928,339.4800052642822,339.4800052642822,275.52000427246094,uint16,True
0jf6dnob,150,150,112,2.4600000381469727,2.4600000381469727,2.4600000381469727,2520000,369.0000057220459,369.0000057220459,275.52000427246094,uint16,True
k8hup3ft,146,146,112,2.4600000381469727,2.4600000381469727,2.4600000381469727,2387392,359.160005569458,359.160005569458,275.52000427246094,uint16,True
j6ac4jrc,130,130,112,2.4600000381469727,2.4600000381469727,2.4600000381469727,1892800,319.80000495910645,319.80000495910645,275.52000427246094,uint16,True
q97rcq6w,144,144,112,2.4600000381469727,2.4600000381469727,2.4600000381469727,2322432,354.24000549316406,354.24000549316406,275.52000427246094,uint16,True
948ju63l,128,128,128,4.419600009918213,4.419600009918213,4.419600009918213,2097152,565.7088012695312,565.7088012695312,565.7088012695312,int16,True
xsy4vy32,128,128,45,2.0,2.0,4.0,737280,256.0,256.0,180.0,uint16,False
i3pj7k99,128,128,45,2.0,2.0,4.0,737280,256.0,256.0,180.0,uint16,False
bv2j3t4h,144,144,112,2.4600000381469727,2.4600000381469727,2.4600000381469727,2322432,354.24000549316406,354.24000549316406,275.52000427246094,uint16,True
8qfdtn0p,134,134,112,2.4600000381469727,2.4600000381469727,2.4600000381469727,2011072,329.64000511169434,329.64000511169434,275.52000427246094,uint16,True
lcfr7cl6,144,144,112,2.4600000381469727,2.4600000381469727,2.4600000381469727,2322432,354.24000549316406,354.24000549316406,275.52000427246094,uint16,True
p3frb7ei,128,128,45,2.0,2.0,4.0,737280,256.0,256.0,180.0,uint16,False
5r8vo4kv,128,128,128,4.419600009918213,4.419600009918213,4.419600009918213,2097152,565.7088012695312,565.7088012695312,565.7088012695312,int16,True
fflncc2a,126,126,112,2.4600000381469727,2.4600000381469727,2.4600000381469727,1778112,309.96000480651855,309.96000480651855,275.52000427246094,uint16,True
trd83x9a,128,128,128,4.419600009918213,4.419600009918213,4.419600009918213,2097152,565.7088012695312,565.7088012695312,565.7088012695312,int16,True
ge9ny3mu,140,140,112,2.4600000381469727,2.4600000381469727,2.4600000381469727,2195200,344.4000053405762,344.4000053405762,275.52000427246094,uint16,True
b6lbu9w3,130,130,112,2.4600000381469727,2.4600000381469727,2.4600000381469727,1892800,319.80000495910645,319.80000495910645,275.52000427246094,uint16,True
ggo9dvws,146,146,112,2.4600000381469727,2.4600000381469727,2.4600000381469727,2387392,359.160005569458,359.160005569458,275.52000427246094,uint16,True
3kcvjxzd,140,140,112,2.4600000381469727,2.4600000381469727,2.4600000381469727,2195200,344.4000053405762,344.4000053405762,275.52000427246094,uint16,True
vyb4xz3m,128,128,128,4.419600009918213,4.419600009918213,4.419600009918213,2097152,565.7088012695312,565.7088012695312,565.7088012695312,uint16,True
