uid,is_pathologic,cnn3d_seedavg,cnn3d_m4avg,cnn3d_focal2,r3d18_crop,cnn3d_frame3d,effb0_mip_ref40_stta,effb0_mip_catavgmax_mlp_stta,effb0_mipasym_stta,effb0_frame_mip_stta,fusion3d_m4,fusion3d_crop_frame,slicevoter_m4,slicevoter_crop_stta,ensemble_pred
01nouhtc,0.0,0.0432619333999999,0.040433231,0.22312167,0.026918024,0.21942526,0.0126548772677779,0.071835920214653,0.0902446806430816,0.1029375493526458,0.09074795,0.09497313,0.023807254,0.0086477017030119,0.08069301396778232
0224wk0y,1.0,0.999743552,0.99983979,0.9698421,0.99875116,0.9946765,1.0,0.9999693632125854,0.9999957084655762,1.0,0.9997793,0.9999759,0.93170094,0.9573183655738832,0.9885838984040034
049enulq,0.0,0.126879294,0.1869142949999999,0.26879865,0.22478881,0.14872679,0.1669615805149078,0.2404697686433792,0.1969181597232818,0.3135870695114136,0.0830019,0.06131912,0.033742163,0.2363963574171066,0.17603876598539145
04x0qzfh,0.0,0.0853722631999999,0.1402853615,0.30522126,0.07083732,0.16463235,0.2398310899734497,0.1470172107219696,0.2946299016475677,0.2851695716381073,0.16148183,0.14188033,0.03221343,0.0095010679215192,0.15985176820020106
05xt54fn,0.0,0.0295795624,0.0233183567499999,0.22678149,0.025618872,0.022600938,0.3856063187122345,0.4308875203132629,0.1508389115333557,0.2913395762443542,0.056237847,0.008398589,0.061824754,0.1091121137142181,0.14016498843595582
06akt7zq,1.0,0.983784292,0.98982205,0.9185519,0.9876655,0.74525654,0.9874117374420166,0.9669998288154602,0.9833013415336608,0.999999225139618,0.90919185,0.93729675,0.9657937,0.9942131638526917,0.9514836656649099
06nkwfg3,0.0,0.0671481474,0.287408825,0.25568137,0.15124997,0.7964301,0.2330090403556823,0.3457574546337127,0.6013097763061523,0.828746497631073,0.59005547,0.19920531,0.09382479,0.1055446043610572,0.3504131812067444
07gbasf5,0.0,0.332401254,0.378168975,0.46545386,0.24645796,0.87561464,0.9997514486312866,0.9100664258003236,0.8538455367088318,0.8708837032318115,0.59898657,0.6412765,0.5646107,0.6183716058731079,0.642760706095797
07s387j5,0.0,0.0868092442,0.118756009,0.2707643,0.033356663,0.24891755,0.0926580652594566,0.1060660555958747,0.2667260468006134,0.1230937838554382,0.1333733,0.09329578,0.039789207,0.0453327037394046,0.12761066988082984
085rntdr,1.0,0.99989008,0.9999283125,0.9872304,0.9998828,0.9990954,1.0,0.99988055229187,1.0,1.0,0.99962664,0.99983406,0.873377,0.9503043293952942,0.9853112749374742
08liuqdn,1.0,0.620277432,0.33582995,0.5293384,0.26555318,0.44678307,0.0283756498247385,0.1462238579988479,0.1568687260150909,0.2654636800289154,0.5163911,0.409406,0.16565178,0.6181749701499939,0.3464875227705836
08uhbxlb,1.0,0.286437296,0.2653770575,0.26974946,0.09284485,0.3705891,0.0371927842497825,0.18161341547966,0.0422219857573509,0.5438159108161926,0.44113407,0.3593318,0.704846,0.4165576100349426,0.308593179987533
09lzrk79,0.0,0.0439341544,0.01683051075,0.21776715,0.041745268,0.024319686,0.0161190740764141,0.0723111853003501,0.0618349127471447,0.003256021765992,0.03165472,0.038071245,0.02573932,0.0651698261499404,0.050673313399218566
09vs9kkh,1.0,0.1120119856,0.1083230935,0.32891273,0.55170864,0.22617032,0.1770315319299698,0.2264629602432251,0.4172379672527313,0.1793502122163772,0.254907,0.14979091,0.65178037,0.769892156124115,0.3195061443743399
0aeoorbt,1.0,0.981473758,0.993965975,0.8067899,0.98310566,0.99813175,0.9999977350234984,0.9986281991004944,0.9993788599967957,1.0,0.98262596,0.9853393,0.89102423,0.922091543674469,0.964811682368866
0bq1s9ry,1.0,0.987177148,0.996060095,0.87685776,0.97290564,0.9727428,0.9999082684516908,0.9692994952201844,0.991652011871338,0.9373523592948914,0.99623346,0.9941699,0.9748423,0.9719161987304688,0.9723936489668132
0dk0get8,0.0,0.112627352,0.11056838575,0.28645277,0.11217357,0.20886864,0.2552392184734344,0.3417108654975891,0.3795855939388275,0.0582590550184249,0.20985106,0.09948255,0.46577537,0.2671493291854858,0.22367259691259705
0dl5e11e,1.0,0.99999088,0.999964075,0.9970437,0.9998864,0.99501634,1.0,0.9997261166572572,1.0,1.0,0.9999705,0.999988,0.97111106,0.9554048776626588,0.993699919178455
0ezzf8s2,1.0,0.999934448,0.99976436,0.98471224,0.9986669,0.9987527,0.9960415363311768,0.9998653531074524,1.0,1.0,0.99951345,0.9999848,0.8802109,0.9216079711914062,0.9830040506638489
0fgzvrct,1.0,0.467437894,0.2949256,0.52971387,0.21816133,0.29984695,0.6698272824287415,0.5482196807861328,0.4753050208091736,0.6126319169998169,0.35908684,0.4666447,0.5910192,0.4752605557441711,0.46216006467446435
0i4x6g1e,0.0,0.0307538016,0.0219803685,0.12895043,0.0047805016,0.040241264,0.0065487693063914,0.002112855669111,0.0029950202442705,0.0006063957116566,0.028277487,0.022304203,0.0022490395,0.0047695222310721,0.022813050643269356
0i6g61pc,0.0,0.1207357402,0.22860262125,0.3277486,0.16619836,0.3271428,0.523097813129425,0.6518556475639343,0.4106047451496124,0.0140821244567632,0.19178689,0.16044013,0.05749525,0.018696654587984,0.24603749048751689
0imjyjcm,1.0,0.0655624342,0.09421835,0.25516018,0.072844885,0.08760271,0.0952904447913169,0.1763183176517486,0.0611627176403999,0.0239131040871143,0.054895595,0.07178599,0.023612864,0.0087800584733486,0.08393443468030219
0iv1ggxr,0.0,0.0150372091999999,0.011097695125,0.19308689,0.03388921,0.04534881,0.0036821044050157,0.0189376808702945,0.0143295004963874,0.0097894873470067,0.008766461,0.010942832,0.02856374,0.0177670232951641,0.0316337418260668
0j1oulwo,1.0,0.941870738,0.9547574,0.90766203,0.9876195,0.98585916,1.0,0.9914289712905884,0.9999600648880004,1.0,0.96084094,0.95402104,0.87154096,0.9205433130264282,0.9597001628619243
0jdcli69,1.0,0.998014238,0.99881574,0.94721186,0.9961811,0.9958554,0.9998748302459716,0.9972714185714722,0.9996874928474426,0.9999229907989502,0.9992236,0.9997954,0.9639455,0.9381378293037416,0.9872259538282754
0jf6dnob,0.0,0.103072156,0.1499181475,0.2945215,0.031121869,0.21300301,0.033901359885931,0.0595252551138401,0.0409942865371704,0.2572709918022156,0.1674717,0.19630378,0.012171237,0.0234305579215288,0.12174660390466814
0jjsp49c,1.0,0.7805411,0.701262,0.72400415,0.4425847,0.3900349,0.2989005446434021,0.3852075338363647,0.2189158499240875,0.160400778055191,0.83289206,0.9429213,0.26305842,0.0724466815590858,0.47793615523216393
0kb68rer,0.0,0.0647136941999999,0.08336768,0.24972251,0.035318423,0.1986272,0.0514185279607772,0.1566044837236404,0.0635246410965919,0.2177455723285675,0.23925951,0.07807262,0.09553745,0.1432011127471923,0.12900872500436686
0l1offkh,1.0,0.999814022,0.99850805,0.9843426,0.9998333,0.995246,0.9996933937072754,0.9877241253852844,1.0,0.9999651908874512,0.9983221,0.999265,0.9797964,0.9728824496269226,0.9934916639697642
0lzjjege,1.0,0.6904999600000001,0.8341401199999999,0.6301414,0.7899283,0.85229224,0.5767809152603149,0.7545610666275024,0.7389647960662842,0.3352314233779907,0.9381738,0.6774461,0.60967493,0.5910466313362122,0.6937601294360233
0odwmqx5,1.0,0.8161920659999999,0.7410207275,0.5776199,0.933072,0.38575876,0.4270302653312683,0.6704704165458679,0.5513326525688171,0.517376184463501,0.6834153,0.59327424,0.93349504,0.9411737322807312,0.674710098822322
0pdw5py6,1.0,0.99917719,0.9997144175,0.9688961,0.9999162,0.99937093,1.0,0.9899213314056396,1.0,1.0,0.99994135,0.9998894,0.97292006,0.9417941570281982,0.9901183181487567
0qpop1o8,1.0,0.999179862,0.999304075,0.9478172,0.99882925,0.9921744,0.9999218583106996,0.99517160654068,0.9999945759773254,0.8245148062705994,0.9993732,0.9996997,0.960195,0.9614208340644836,0.9751997206279838
0s0r2sds,1.0,0.498989046,0.6652426625,0.6284412,0.8270819,0.6316208,0.4013282358646393,0.8049023747444153,0.4972178936004638,0.5493800640106201,0.35701734,0.42654774,0.25358686,0.1527238637208938,0.5149292292646949
0sqcnf9w,0.0,0.0483174526,0.0874376662499999,0.25422037,0.06933439,0.14435987,0.0016156908823177,0.0377934575080871,0.0680902972817421,0.4862130284309387,0.08411609,0.10496132,0.08700669,0.1120195463299751,0.12196045148331237
0uc87nxp,1.0,0.1303494348,0.106045215,0.32797772,0.10077893,0.11181631,0.0586178600788116,0.1385916620492935,0.1025605052709579,0.0665271580219268,0.12470004,0.06734252,0.11823821,0.1971813887357711,0.12697899645821237
0vgnxb5j,0.0,0.0366996879999999,0.06332878625,0.19500035,0.05184388,0.39902788,0.0719031393527984,0.0100797293707728,0.526374101638794,0.1615455597639084,0.12323875,0.06743847,0.0046287645,0.0062415250577032,0.13210389414876741
0vtkrrvw,1.0,0.996361946,0.996003065,0.9137856,0.99806404,0.97201025,0.8894701600074768,0.9722213745117188,0.9640372395515442,0.999763011932373,0.99589753,0.9950745,0.9284674,0.9336846470832824,0.9657569818527997
0w10lbt3,0.0,0.0213492798,0.03456102725,0.22300267,0.006594916,0.02210376,0.0022412922699004,0.0451243966817855,0.0055238404311239,0.0074498290196061,0.01957104,0.017343134,0.019738825,0.0006439080461859,0.032711378346046295
0yknfu84,1.0,0.138896982,0.2116321275,0.30863303,0.17212759,0.17336932,0.4945557117462158,0.301819771528244,0.4960960149765014,0.2795777916908264,0.10014252,0.20444441,0.09662122,0.1631973832845688,0.24162414405587357
118qqvae,1.0,0.999633094,0.9994381025,0.9354609,0.9928211,0.9995869,0.961404025554657,0.9962196350097656,0.9999992847442628,1.0,0.9997544,0.9996952,0.96249175,0.9814979434013368,0.9867693115742892
11bd2sce,1.0,0.20914655,0.1326442775,0.31755763,0.17104357,0.03331539,0.1235089898109436,0.1818638890981674,0.3245728611946106,0.6342670321464539,0.14645104,0.1501534,0.5608696,0.6172511577606201,0.27712656827006116
11zsb8lv,1.0,0.99999366,0.99997155,0.9933439,0.99997675,0.99534315,1.0,0.9998160004615784,0.9999998807907104,0.9999998807907104,0.9998733,0.99992025,0.96075296,0.9729869961738586,0.9939981166642644
12pgyme6,1.0,0.999881076,0.99996961,0.98930424,0.9997572,0.9990125,1.0,0.9995682835578918,0.9999787211418152,1.0,0.9999833,0.999998,0.96618754,0.972533404827118,0.9943209135020636
146vey0a,0.0,0.0541683308,0.05084143875,0.1909822,0.027441297,0.08801303,0.0636992380023002,0.0414446666836738,0.1192919611930847,0.232274129986763,0.08507298,0.018086419,0.14123225,0.1498466283082962,0.09710727459416292
14nijcp5,0.0,0.0544259525999999,0.05065196775,0.30105376,0.03214325,0.13288243,0.1745271235704422,0.149268701672554,0.2316997647285461,0.0707815587520599,0.04247438,0.048316017,0.017925581,0.0330532193183898,0.1030156697224609
153sflse,1.0,0.88905549,0.9676574475,0.7515291,0.81508934,0.5099603,0.1715205609798431,0.3582012355327606,0.7819691896438599,0.2803803384304046,0.98443204,0.915875,0.879527,0.8137246966362,0.7014555183633129
15ahdbvz,0.0,0.1869004452,0.1446164174999999,0.33286577,0.05450266,0.37522018,0.0498832501471042,0.1473481059074401,0.0271005257964134,0.0675586462020874,0.4143428,0.38268495,0.08208883,0.0750875696539878,0.18001539618515636
15ikpqah,0.0,0.0403228186,0.042973805,0.21968867,0.059825286,0.13825423,0.0659915804862976,0.1602832376956939,0.0953650325536727,0.2164739966392517,0.08758885,0.05171947,0.06337779,0.1225857734680175,0.10495773388022565
15z8vmuh,0.0,0.102156664,0.100312125,0.33981603,0.13292374,0.061836995,0.0073783220723271,0.1662992089986801,0.1823192536830902,0.0123536204919219,0.04854206,0.049472854,0.065699294,0.1730993241071701,0.11093919164255303
167d6vnx,0.0,0.03600008614,0.0299120185,0.18366684,0.012667321,0.025012597,0.4366649985313415,0.1109317392110824,0.2311986237764358,0.0579140856862068,0.03318517,0.06967215,0.014609241,0.069521889090538,0.10084282768735421
199dxj37,0.0,0.0208624256,0.03311330925,0.1804205,0.16496372,0.057981394,0.0479726828634738,0.1499712467193603,0.0857300236821174,0.1389395296573639,0.012225797,0.0070556733,0.048759453,0.0627935230731964,0.0777530213958086
1b0z3nx3,1.0,0.9997079779999998,0.99999345,0.9934313,0.9995053,0.99838006,0.999994158744812,0.9942187070846558,1.0,0.9998928308486938,0.99999803,0.99988914,0.8875752,0.910862922668457,0.9833421597958939
1bj9rm7p,0.0,0.0574029998,0.03948670525,0.1908719,0.04356888,0.089840494,0.0315120294690132,0.0419694893062114,0.112604521214962,0.0585767924785614,0.025773654,0.08449288,0.36694083,0.3218336999416351,0.11268268272772178
1c2zl46q,0.0,0.086080319,0.1178124875,0.3134917,0.03877615,0.12639874,0.0822613984346389,0.1771537661552429,0.0229215547442436,0.0862560719251632,0.08571237,0.14825162,0.0070948354,0.0054282299242913,0.09981840331412153
1cjfx5li,0.0,0.426248036,0.32810226,0.44797635,0.14279464,0.52395034,0.0165827181190252,0.1423332542181015,0.0935531333088874,0.538195013999939,0.20262118,0.23296684,0.41458628,0.3189670741558075,0.29452900921552005
1el88l12,0.0,0.0716566024,0.08526248525,0.23989633,0.07610502,0.13783838,0.1097159087657928,0.1773554980754852,0.1264184117317199,0.1687420755624771,0.08754392,0.0650285,0.017477538,0.0413982458412647,0.10803376274051843
1epxu7b6,0.0,0.081151114,0.139879415,0.25241768,0.059415206,0.37221938,0.2988006770610809,0.1857204884290695,0.2192280292510986,0.3597984611988067,0.18053536,0.15591408,0.19704168,0.057781595736742,0.19691562820590752
1g463sdy,1.0,0.724004332,0.643378025,0.5810391,0.34460735,0.25640225,0.0441640391945838,0.1627751886844635,0.2054448872804641,0.0096597019582986,0.5145509,0.8077682,0.45959342,0.4035943150520324,0.3966909007053725
1g983ep9,1.0,0.999946026,0.9998890825,0.9875923,0.99916804,0.99932337,1.0,0.996423065662384,0.9999914765357972,0.9932557940483092,0.99985754,0.9999976,0.90848,0.93971049785614,0.986433368661741
1ghlu8m8,1.0,0.487237156,0.43027274,0.37762785,0.6647655,0.19042557,0.2788000106811523,0.5326976180076599,0.8779253959655762,0.6050694584846497,0.11990192,0.34052622,0.78475475,0.7395146489143372,0.49457837215795203
1hgav42t,1.0,0.9998647,0.99984711,0.98618054,0.9998573,0.9961335,0.9999533891677856,0.9814194440841676,1.0,1.0,0.99745524,0.99937904,0.97004026,0.9704807996749878,0.9923545633020724
1ije2xe0,1.0,0.91474273,0.9466964125,0.7749936,0.9714503,0.8949337,0.8483378887176514,0.9237319827079772,0.7874382734298706,0.5077857375144958,0.9398248,0.8797301,0.9297664,0.8989711999893188,0.8629540865276395
1jrj5xfe,0.0,0.020523699,0.0202042054999999,0.2038924,0.011848554,0.0523761,0.1000402048230171,0.0935578197240829,0.3043425679206848,0.0039908532053232,0.013694388,0.010923959,0.033727013,0.0123538142070174,0.0678058137215481
1lfc1nlc,0.0,0.0821403642,0.058712054,0.29333305,0.041477546,0.08190958,0.0560739487409591,0.0629825368523597,0.227296307682991,0.1835121214389801,0.07032485,0.12995464,0.039099876,0.0278708841651678,0.10420675069849675
1nm3v16x,1.0,0.999948872,0.999938785,0.9844184,0.9993701,0.98991024,0.9999995231628418,0.999851405620575,0.999999701976776,0.99680495262146,0.9999147,0.99997103,0.9735019,0.9898531436920166,0.9948831945333886
1p02jyv6,0.0,0.377830232,0.407611,0.40972263,0.4172457,0.6876743,0.4368487596511841,0.5901177525520325,0.6482872366905212,0.4228387475013733,0.564011,0.32804957,0.63145095,0.7301620244979858,0.5116807617610075
1r11q7uw,0.0,0.0294077592,0.0194529762499999,0.18896654,0.0129277315,0.14044404,0.0188805498182773,0.0486283563077449,0.0339038334786891,0.0458661168813705,0.035661884,0.046252966,0.001225334,0.0031475552823394,0.0480588955937247
1sa3y5t3,0.0,0.0394358962,0.0583740184999999,0.1756553,0.04771957,0.038773492,0.1019208133220672,0.0753275528550148,0.0446341820061206,0.0210926476866006,0.04093392,0.016176159,0.014530081,0.0321787483990192,0.05436556776683249
1sascebf,0.0,0.0387905904,0.01673454375,0.2157662,0.014103349,0.020453759,0.0440998449921608,0.0251164529472589,0.1281579732894897,0.0162394307553768,0.036156785,0.025206279,0.0017461749,0.0082118650898337,0.04544486524031691
1t2tala7,0.0,0.0405586336,0.05391534475,0.20318621,0.08031665,0.15867484,0.2189037054777145,0.3146529793739319,0.3796776831150055,0.114246055483818,0.0655414,0.06274384,0.17162584,0.1682867407798767,0.15633307096771892
1v2isqp4,1.0,0.997356728,0.9963169975,0.9104496,0.9419991,0.99464816,1.0,0.9993367195129396,0.9983679056167604,0.9993974566459656,0.9969592,0.99856323,0.86583316,0.8900893926620483,0.9684089730721319
1w1ht7pz,1.0,0.9999903,0.99999595,0.9973806,0.99876046,0.9997563,1.0,0.9993841648101808,0.999997615814209,1.0,0.99999976,0.99990785,0.95990634,0.9580895900726318,0.9933204746690018
1xj7wwud,1.0,0.688175578,0.810597825,0.6433724,0.8858611,0.90043247,0.3871329426765442,0.4876188039779663,0.8643618822097778,0.4038391411304474,0.8713963,0.4580968,0.7567731,0.7923040986061096,0.6884586493539113
20xkiaip,0.0,0.0130160494999999,0.014297802875,0.11447134,0.0056497627,0.0133066485,0.011420295573771,0.0180426053702831,0.0023789384867995,0.0431086868047714,0.011141122,0.0026548705,0.06049008,0.0493332520127296,0.027639342640258042
21b07g2r,1.0,0.495738072,0.632548455,0.48033428,0.5561401,0.29263282,0.919687032699585,0.8658106923103333,0.3179229497909546,0.215063065290451,0.4689451,0.6076416,0.75728846,0.8783621788024902,0.5760088312226012
21id9vvn,0.0,0.0079245577,0.009683429725,0.13355549,0.0020978337,0.05290464,0.0238310191780328,0.0720624923706054,0.0070298500359058,0.0142059894278645,0.009617751,0.012256127,0.021113152,0.0222151800990104,0.02988442401818607
21vmefoz,1.0,0.999973576,0.999970945,0.9874222,0.999878,0.99771667,1.0,0.99815034866333,0.9996986985206604,0.9996148943901062,0.99971926,0.99999624,0.9571693,0.9179695844650269,0.9890214397722403
226parsg,0.0,0.1734733899999999,0.13443048375,0.31650132,0.20804077,0.08309761,0.3486177623271942,0.0774101540446281,0.0699398145079612,0.0103402910754084,0.053433806,0.066030376,0.022220183,0.0073104137554764,0.12083433649697446
22xmq664,1.0,0.9923281540000002,0.99282279,0.89110196,0.99402314,0.9928448,0.9979951977729796,0.947106659412384,1.0,0.9856006503105164,0.99191713,0.9987856,0.9397218,0.8114948868751526,0.9642878283362334
24d7v911,1.0,0.743815756,0.74895566,0.6636578,0.7205508,0.5651051,0.540439248085022,0.7410919666290283,0.766714334487915,0.3494199216365814,0.8318626,0.9159589,0.5475734,0.6186892986297607,0.6733719065744852
2837c6qc,1.0,0.402769564,0.4452505725,0.48757765,0.24625632,0.7014819,0.2519429326057434,0.4980555474758148,0.1203905940055847,0.0343339443206787,0.52458405,0.7197702,0.22549608,0.153480127453804,0.3701068832585866
2853uy8u,0.0,0.40093201,0.369059595,0.50176865,0.5961908,0.6582266,0.179377019405365,0.1350410282611847,0.3770168125629425,0.7897337675094604,0.7109562,0.71921915,0.70293415,0.679269015789032,0.5245942152713836
287gt76i,1.0,0.99914837,0.9995517425,0.9364923,0.9986057,0.9995166,0.9999979734420776,0.9999243021011353,0.9999866485595704,1.0,0.9993013,0.9994465,0.974118,0.9870526194572448,0.9917800812353867
2ay7ov50,0.0,0.0167170502,0.01229206175,0.20060754,0.002481048,0.042646844,0.005992226768285,0.045574702322483,0.0091669587418437,0.0293662007898092,0.01863667,0.0241021,0.031485885,0.0033241051714867,0.03403026098030059
2c9ros7y,0.0,0.263462,0.2331440924999999,0.31457144,0.081918195,0.47362214,0.2427110821008682,0.2098923772573471,0.0984856262803077,0.1872297078371048,0.39598155,0.50140446,0.25400215,0.0985272452235221,0.25807323586147307
2d1jqbex,0.0,0.3008926499999999,0.22250666,0.4307771,0.27443773,0.2378587,0.9247035980224608,0.5872496366500854,0.4143768548965454,0.3136278688907623,0.19009441,0.18467279,0.12852176,0.0724930092692375,0.329400982133007
2elalq26,0.0,0.0330032452,0.02374834125,0.19797513,0.011549976,0.0039792256,0.0174194164574146,0.0248859282582998,0.0107472529634833,0.0086211618036031,0.028069038,0.01231253,0.0011188521,0.0011410135775804,0.028813162400798554
2ezc7fov,1.0,0.994867828,0.99239651,0.90646553,0.97274727,0.9620539,0.9445238709449768,0.9965642690658568,0.9932958483695984,0.9999687671661376,0.9958844,0.996377,0.8530572,0.8629751205444336,0.9593213472377696
2fqztio4,1.0,0.839768572,0.76193365,0.67927325,0.6215351,0.7033901,0.5868508815765381,0.7873528003692627,0.6565263271331787,0.7587351202964783,0.37824246,0.4678803,0.857353,0.6833518147468567,0.6755533366247936
2fvb66h3,1.0,0.67533094,0.7759858749999999,0.608853,0.8366304,0.8306144,0.6178926825523376,0.7756267786026001,0.7473104000091553,0.9988640546798706,0.7565441,0.6839194,0.7114353,0.9177234172821044,0.7643639037020054
2gkfl5xf,0.0,0.018153617,0.0107798366,0.15752682,0.0056463676,0.0027903211,0.0511765852570533,0.0295873042196035,0.0112539855763316,0.0004546674899756,0.011622058,0.0057226233,0.008300073,0.0461566783487796,0.02762853365321105
2hvnkvon,0.0,0.205215388,0.1900526049999999,0.39964652,0.1949518,0.32237974,0.4720097780227661,0.5397095680236816,0.2958389520645141,0.1214387640357017,0.19373071,0.12856355,0.072526745,0.195771187543869,0.2562950236685025
2jn67lm8,0.0,0.0529234184,0.03797333225,0.29673618,0.05261118,0.050243005,0.0273142717778682,0.0290325600653886,0.0176939442753791,0.0318906903266906,0.03125499,0.046029456,0.13102488,0.3192009925842285,0.0864560692830427
2kodwh8n,0.0,0.4843114359999999,0.30923849,0.4456002,0.35118327,0.41479248,0.0215709153562784,0.2154130190610885,0.1148287206888198,0.0317736342549324,0.3461228,0.40661758,0.36386535,0.3875153660774231,0.2994487124183494
2l4x5bwa,1.0,0.3309351719999999,0.4978928925,0.32716227,0.20985276,0.5267573,0.5279390811920166,0.5817257165908813,0.6398980617523193,0.9569833278656006,0.47231385,0.42638186,0.18813537,0.2338380813598632,0.45537044178928326
2ld05nhq,1.0,0.9760759,0.99269286,0.8600906,0.98203003,0.9390558,0.9984534978866576,0.9607419967651368,0.8255795240402222,0.99974924325943,0.9573413,0.97847456,0.88745296,0.8791756629943848,0.9413010719189102
2lngixmc,1.0,0.9994352359999998,0.999741465,0.9563089,0.99942493,0.99580586,0.9998266100883484,0.9934179186820984,0.9965150952339172,1.0,0.99840266,0.99683905,0.92735255,0.9960680603981018,0.9891644104155743
2lwhedht,1.0,0.999984392,0.999971305,0.9923569,0.999859,0.99039775,0.9999143481254578,0.9931633472442628,0.999811053276062,0.5563598275184631,0.99990904,0.9999888,0.9866595,0.9866294860839844,0.9619234422498638
2m71hssb,1.0,0.436972588,0.791499695,0.47789806,0.65980256,0.98868537,0.7274152636528015,0.8187956213951111,0.7499322295188904,1.0,0.8884605,0.8734621,0.8672261,0.8418951630592346,0.7786187885096951
2movs0cd,1.0,0.501371464,0.578860355,0.41561866,0.66302353,0.7307913,0.8261198401451111,0.973987638950348,0.9968334436416626,0.7730906009674072,0.60306466,0.8976406,0.60722584,0.4890387952327728,0.6966666713797924
2p2tixc7,1.0,0.95915936,0.9648531125,0.8233708,0.837957,0.51197356,0.5893627405166626,0.598514199256897,0.4729759097099304,0.8342072367668152,0.9837863,0.96812916,0.84119415,0.9003720283508301,0.7912196582385488
2qc6dr08,1.0,0.999679652,0.9999432425,0.98059815,0.9995725,0.9987826,0.9999996423721312,0.9921109676361084,1.0,1.0,0.9998424,0.9998292,0.9069705,0.9329763054847716,0.985407885970837
2r9pegln,1.0,0.970052292,0.8932656725,0.7523589,0.8712558,0.9045522,0.2524666488170624,0.3965957760810852,0.3902542293071747,0.7804692387580872,0.85049343,0.9429574,0.54248786,0.8426138162612915,0.7222940972095924
2rntjlmz,1.0,0.996688828,0.99604684,0.92232305,0.9409657,0.92387074,0.999399483203888,0.9922516942024232,0.9954909086227416,0.834577739238739,0.99729705,0.98787785,0.9587709,0.9647711515426636,0.9623332257546505
2rzv1sqq,1.0,0.999722864,0.99992422,0.98529196,0.997417,0.9952072,0.9978481531143188,0.9935888051986694,0.992827534675598,1.0,0.9999415,0.9998848,0.8809184,0.8945481777191162,0.9797784319005924
2u9az3ce,1.0,0.701406804,0.5999873275000001,0.50279015,0.8609797,0.8694693,0.5635773539543152,0.5212548971176147,0.8242634534835815,0.875770092010498,0.5942657,0.69460523,0.6427624,0.8680018186569214,0.7014718635940717
2xcb3yym,1.0,0.410510334,0.3925235274999999,0.44828856,0.2363353,0.9712819,0.7752079367637634,0.5301735401153564,0.6105126142501831,0.8773038983345032,0.48964274,0.75380754,0.69658357,0.7504652738571167,0.6109720565246864
2xg8p6be,1.0,0.0980411304,0.1483899524999999,0.2602264,0.20311013,0.7271272,0.097060702741146,0.0702323392033577,0.1372081637382507,0.721643328666687,0.71584785,0.17904696,0.13348264,0.539655327796936,0.31008247115741366
2xog4c8j,1.0,0.999989142,0.9999661125,0.9937306,0.9976423,0.99348295,0.9999935626983644,0.9983451962471008,0.999963641166687,0.992302179336548,0.999993,0.999999,0.9924475,0.9962683320045472,0.9972402704579423
2ygnmby4,0.0,0.0207315945999999,0.01041887985,0.157112,0.015506807,0.023602486,0.1128560081124305,0.1529428660869598,0.0229336880147457,0.0066137630492448,0.0185643,0.006476285,0.005174781,0.013370418921113,0.043561836741114905
2z0ljch2,1.0,0.999981294,0.9999874775,0.99234825,0.9996606,0.9897927,0.9999983310699464,0.9996563196182252,0.999622642993927,1.0,0.9999947,0.9999808,0.9610249,0.967098832130432,0.9930112190240409
2zueugwu,0.0,0.0214665866,0.025619239,0.22093084,0.0068034763,0.015408486,0.0086157275363802,0.0491929240524768,0.0284381285309791,0.0256679784506559,0.023264611,0.016259223,0.00077031244,0.000650821137242,0.03408371954213339
313fpoyi,1.0,0.99878658,0.9998795,0.9523604,0.99975413,0.9989783,0.9999899864196776,0.9960468411445618,0.999988317489624,0.9626314043998718,0.9994811,0.99586153,0.88232446,0.8849539756774902,0.9746951173177866
31eiwucx,0.0,0.7705984899999999,0.8639999225,0.6882367,0.84729886,0.36868244,0.5634489059448242,0.6024397015571594,0.5498102307319641,0.612133264541626,0.6868708,0.9227997,0.5440718,0.5251219272613525,0.657347134041302
31yhxso7,1.0,0.7376998180000001,0.790297405,0.5974854,0.36264676,0.9431788,0.9995632767677308,0.9715693593025208,0.9424265623092652,0.9578753113746644,0.7885851,0.76664674,0.8959886,0.8792386651039124,0.8179385998352381
32orwixz,1.0,0.97831111,0.986139515,0.8781246,0.9791695,0.98776287,0.9997693300247192,0.9868189096450806,1.0,0.9986912608146667,0.9927726,0.9962914,0.84786505,0.8766946792602539,0.9621853711342092
33mg1zaq,1.0,0.999979288,0.9999931225,0.9944127,0.999768,0.9967415,1.0,0.9997860789299012,0.9999653697013856,1.0,0.9999448,0.99999166,0.9494844,0.9456256031990052,0.9912069632561764
344mw04i,1.0,0.1334344,0.2728987925,0.40811604,0.10649488,0.23630157,0.7186567187309265,0.1284252405166626,0.6474258899688721,0.3142811357975006,0.26905504,0.38913888,0.16087693,0.1088705211877822,0.2995366183616726
349n1d6d,1.0,0.9562070859999998,0.9904848375,0.7415934,0.9482347,0.99586475,0.996330976486206,0.9987095594406128,0.99945330619812,0.9999971389770508,0.9831493,0.98535573,0.96845675,0.9556943774223328,0.9630409163095631
356wafft,0.0,0.0606190168,0.09104519975,0.23327017,0.031949606,0.07200833,0.0514084286987781,0.0579801574349403,0.0779169425368309,0.4505158960819244,0.08082946,0.06771517,0.022369506,0.0208930559456348,0.10142468763446988
36u8ueih,1.0,0.992256652,0.97633905,0.9069171,0.91182685,0.6202523,0.9843131303787231,0.9736519455909728,0.9862534999847412,0.731622576713562,0.93111956,0.98907316,0.7849414,0.8570954203605652,0.8958202034637358
39yl9ue4,0.0,0.0257783572,0.1115617055,0.15911843,0.052513443,0.16167292,0.266427993774414,0.1762391477823257,0.1663089096546173,0.2412049919366836,0.09316868,0.096272826,0.1389205,0.1053231507539749,0.13803931196938582
3aipjiyl,1.0,0.996329068,0.999800295,0.96342766,0.9903066,0.9939422,1.0,0.9996504783630372,1.0,1.0,0.9999086,0.999923,0.95428145,0.959377110004425,0.9889956508744202
3b0n9cc7,0.0,0.2132660919999999,0.1710586499999999,0.4896875,0.11143646,0.13436912,0.1240247040987014,0.1799872070550918,0.0565299019217491,0.0478389970958232,0.20689406,0.2393177,0.14518836,0.2267289906740188,0.180486749449645
3c9xqym5,1.0,0.998885134,0.998940325,0.9600371,0.9998213,0.9957338,0.8267484307289124,0.9090443253517152,0.9934386014938354,0.9862771034240724,0.9990691,0.99990416,0.9599092,0.947050154209137,0.9672968257082826
3cup8ijl,0.0,0.1021053372,0.1685086587499999,0.38485214,0.047781933,0.5001823,0.2782950103282928,0.3689342737197876,0.0966523513197898,0.1850162893533706,0.09562124,0.021733578,0.059525304,0.0742381513118743,0.1833420436140858
3dg60e1e,0.0,0.0225413445999999,0.017638064,0.17534225,0.0071764076,0.016852032,0.019095305353403,0.0077845705673098,0.0128436842933297,0.0532239153981208,0.04649464,0.016019564,0.0011463423,0.000925549364183,0.030544897652026632
3dzxlrgn,1.0,0.955775488,0.9005266575,0.7682537,0.80932623,0.8695412,0.8757690191268921,0.7844452261924744,0.929577112197876,0.9568270444869996,0.9686197,0.94241494,0.7619623,0.8392185568809509,0.874019782645015
3e54n6o9,1.0,0.9975225,0.996444325,0.93561053,0.9812474,0.9811014,0.9998699426651,0.998838186264038,0.9481470584869384,0.9989550709724426,0.9973545,0.99709857,0.90706706,0.9694201946258544,0.9775905183087982
3fezez5e,0.0,0.1600248179999999,0.3214862,0.36761016,0.113964975,0.21706614,0.2016718983650207,0.1340476870536804,0.0486832112073898,0.0874037519097328,0.22485626,0.19912186,0.12807056,0.2866918444633484,0.19159225892301326
3g5dfrlw,1.0,0.99084126,0.990625035,0.8800575,0.97117996,0.95470375,0.9077460169792176,0.8529669642448425,0.9924715757369996,0.9414609670639038,0.99505126,0.9977648,0.9242039,0.9789139032363892,0.9521528378662579
3hzcd3ge,1.0,0.999921554,0.999895885,0.98627996,0.9984873,0.99503314,0.9999995231628418,0.997288465499878,0.9999313950538636,1.0,0.99982345,0.9999657,0.93671584,0.9281471967697144,0.9878067604864196
3ifhv1xg,0.0,0.0633435954,0.053969138,0.26990664,0.06545098,0.13188474,0.089064821600914,0.0753107517957687,0.1086453646421432,0.6389688849449158,0.06368377,0.081136614,0.060166523,0.084205575287342,0.13736441528239104
3iwpfvb7,1.0,0.999998136,0.99999884,0.99817556,0.9994817,0.99100775,1.0,0.9992764592170716,1.0,0.9999647736549376,0.9999948,0.99999946,0.9828054,0.963266134262085,0.994920504087238
3jczucqm,0.0,0.051250379,0.05199092725,0.26144743,0.098578736,0.056300767,0.1691900193691253,0.1563156545162201,0.0904651954770088,0.0090942978858947,0.031331748,0.024030004,0.20211722,0.1071788147091865,0.10071470716980274
3jonou9i,1.0,0.999992546,0.999991065,0.99804586,0.9998208,0.99867797,1.0,0.998760998249054,1.0,1.0,0.99999905,0.9999926,0.8404684,0.9298561811447144,0.9819694169533667
3jpxgh30,0.0,0.0335530547999999,0.08143193,0.15604277,0.017405387,0.03789722,0.1637556850910186,0.0675548836588859,0.2935310006141662,0.1355755180120468,0.03649383,0.040324904,0.1504867,0.0346472524106502,0.09605385658359751
3k8a7rv4,0.0,0.543647262,0.4388155099999999,0.5303277,0.37516513,0.3172197,0.2843553423881531,0.3808932602405548,0.149220272898674,0.1182895600795745,0.2159929,0.28410208,0.26454628,0.3662555515766144,0.3283715807064286
3kcvjxzd,0.0,0.0408306112,0.03848131875,0.21931836,0.07660775,0.14811382,0.0391620881855487,0.0291649885475635,0.018405120819807,0.3187311589717865,0.04968245,0.07848151,0.008785432,0.0536689944565296,0.08611027714855657
3m9iqbq9,0.0,0.477919964,0.52749478,0.42210627,0.668802,0.43931466,0.3501698672771454,0.2409063130617141,0.9330191612243652,0.557487428188324,0.41848785,0.2076146,0.32240582,0.6341840624809265,0.4769163674024982
3obyghgk,1.0,0.999999638,0.999999195,0.99888647,0.9992269,0.99989843,1.0,0.9999598264694214,1.0,1.0,0.99999994,0.9999989,0.9663164,0.9731038212776184,0.9951834421343877
3p91i3vm,0.0,0.0151145444,0.0117744255,0.15145433,0.004570349,0.016113946,0.0037537969183176,0.0295056160539388,0.0136406468227505,0.0050814724527299,0.020731334,0.014134405,0.0006344957,0.0003648099082056,0.02206724398122634
3pt5r5rc,0.0,0.0154881164,0.009937616625,0.13013798,0.008504708,0.017127382,0.0609747767448425,0.075484313070774,0.0233537647873163,0.027434829622507,0.009832902,0.00510999,0.0020980153,0.0038416392635554,0.029948156447230402
3qlx3f2x,1.0,0.99975489,0.9999454425,0.96733034,0.9998306,0.9982991,1.0,0.9999657273292542,1.0,1.0,0.99982715,0.9999705,0.8441423,0.7783602476119995,0.9682633305724042
3qsqcq30,0.0,0.1922007,0.4031774499999999,0.3186468,0.34798414,0.53789735,0.7893759608268738,0.8719546794891357,0.6859153509140015,0.7179058790206909,0.28560674,0.112733215,0.53187704,0.5905001163482666,0.4912134939691514
3t4y0tb1,0.0,0.0381825472,0.04841435775,0.18802634,0.009231562,0.09265525,0.0960697159171104,0.0282370783388614,0.0605387985706329,0.0663158744573593,0.07964357,0.03671989,0.0023662378,0.0017998048570007,0.057553925145458824
3uvulemx,0.0,0.0470635135999999,0.0589257982499999,0.25915512,0.011394339,0.33598423,0.075361430644989,0.1463792622089386,0.1743125021457672,0.1858305782079696,0.13655514,0.12559605,0.04916178,0.1032597497105598,0.13145996105909413
3vwlo7am,1.0,0.997056366,0.998983965,0.94873154,0.99625623,0.991243,0.9999921917915344,0.9992499947547911,0.999993622303009,1.0,0.99765813,0.9930063,0.9030523,0.9432998895645142,0.9821940407241422
3wp8djkl,0.0,0.00864045294,0.00833357975,0.124035746,0.009917682,0.011185526,0.0002003491972573,0.0022809826768934,0.0146708749234676,3.719440655913786e-06,0.0040962356,0.0021674088,0.0007059533,0.0008184444741345,0.014388996546339133
3xlrfcd6,0.0,0.00803431872,0.005635919275,0.11725788,0.003176136,0.006781779,0.0001265195460291,0.0028765001334249,0.0173914562910795,1.1744556104531512e-05,0.0017997111,0.0016583186,0.00062782294,0.0005465763970278,0.012763437119897372
3y4wpwg3,1.0,0.995511142,0.99864215,0.9530809,0.99877816,0.98159623,0.9999998807907104,0.9990217089653016,0.9998862743377686,0.999934196472168,0.998953,0.9981484,0.96411777,0.9889683723449708,0.9905105618554007
3zkwdeek,1.0,0.901373546,0.774979955,0.7771095,0.50065225,0.79673517,0.24652099609375,0.332983911037445,0.4577175080776214,0.38196662068367,0.8928155,0.6436639,0.44616953,0.2349707782268524,0.5682814742399491
41ibljh7,0.0,0.0184756482599999,0.012568027,0.17897767,0.012096585,0.025614325,0.0118630966171622,0.0117255402728915,0.0365585461258888,0.0080238608643412,0.0069851233,0.014756039,0.001993975,0.0055759632959961,0.026554953825867665
422ta83r,0.0,0.290598618,0.254524365,0.4120587,0.19353646,0.246542,0.1459732949733734,0.240653395652771,0.0847733244299888,0.2026187777519226,0.14148569,0.120824665,0.24993196,0.0520228780806064,0.20273416376066633
42sihxod,0.0,0.0386054132,0.0534811329999999,0.20131737,0.074211,0.17433198,0.0528558604419231,0.0933671370148658,0.1343397200107574,0.1092455014586448,0.031137038,0.045735903,0.019365141,0.0630289688706398,0.08392478199975623
433e1i1p,1.0,0.999993554,0.9999956,0.9983881,0.99999917,0.9994432,1.0,0.9999993443489076,0.9999830722808838,0.9999988079071044,0.99999285,0.99999976,0.9982022,0.9983956813812256,0.9995683896591702
448n7odk,0.0,0.075998104,0.07548841725,0.23124623,0.1926605,0.040157102,0.0067616160959005,0.1028134524822235,0.0698166862130165,0.0165988337248563,0.046066448,0.13165826,0.1876769,0.2364632487297058,0.1087235229612079
458ax40d,0.0,0.0213474976,0.01363044175,0.17530373,0.013199406,0.11586435,0.0059544267132878,0.0596760660409927,0.0402005910873413,0.0457412451505661,0.024943825,0.0170631,0.014341382,0.037404429167509,0.04497465311613053
45bg34iq,0.0,0.1368553998,0.085046707,0.28602308,0.13024166,0.526366,0.0585329681634902,0.0714639797806739,0.3093901574611664,0.140896663069725,0.11901644,0.29197323,0.045826696,0.157792717218399,0.1814942844994965
45bm1enf,0.0,0.0277129432,0.0213342659999999,0.18639329,0.03299493,0.03429871,0.0109997736290097,0.0105131035670638,0.1808656305074691,0.0060244752094149,0.040735707,0.026823591,0.029141968,0.0557930842041969,0.051048574793627254
45ed5ggs,0.0,0.0463782852,0.097576724,0.16588148,0.063134655,0.09891467,0.078508548438549,0.0905685499310493,0.0648824870586395,0.1075400412082672,0.09279376,0.07249502,0.056676827,0.0615724138915538,0.08437872782523531
46ayn2d7,0.0,0.22008635,0.2661219,0.39119095,0.21556771,0.23490551,0.2960866689682007,0.23369100689888,0.4143694341182709,0.2468467056751251,0.3070948,0.3384928,0.6118324,0.6093916296958923,0.3373598357966438
48nysj5y,1.0,0.999961222,0.9999598275,0.9987879,0.9925588,0.9992868,1.0,0.999367356300354,1.0,1.0,0.99996585,0.99997836,0.8028648,0.8171892762184143,0.9699936301552899
48y1o4iz,1.0,0.968824532,0.99483753,0.8686842,0.8970403,0.98691857,0.9744117259979248,0.8432737588882446,0.977446675300598,0.9999761581420898,0.9982583,0.96978205,0.80096054,0.7995516657829285,0.9292281543162914
493wxa73,1.0,0.995936696,0.997289425,0.9214337,0.9913001,0.98450935,0.9833155274391174,0.6988552808761597,0.9688231945037842,0.9944672584533693,0.9966866,0.9995487,0.87423384,0.9422171711921692,0.9498936033434308
4a3yjtu7,1.0,0.980083982,0.98599382,0.9134265,0.99355876,0.9969666,0.8937015533447266,0.9132542610168456,0.7419797778129578,0.9942428469657898,0.99678725,0.97593,0.97919476,0.9941208958625792,0.9507108466925309
4abufwbu,1.0,0.974310214,0.95251471,0.7965976,0.9601395,0.57173634,0.9900336265563964,0.9118859767913818,0.9668379426002502,0.7402970790863037,0.9816047,0.9694477,0.7547673,0.9324051141738892,0.8848136771698634
4c6p1llh,0.0,0.169577478,0.1293122725,0.30366185,0.2547583,0.03415901,0.0717839524149894,0.130099281668663,0.2280532419681549,0.1634118258953094,0.09899482,0.03857927,0.0679136,0.2028729617595672,0.14562906647743723
4cdpqvl0,1.0,0.999991266,0.9999833325,0.9960438,0.99957216,0.99693966,1.0,0.9999986886978148,1.0,1.0,0.9999768,0.9999804,0.94827926,0.954882800579071,0.9919727052136066
4dsxlsut,1.0,0.21829895,0.302348935,0.43107936,0.2032842,0.24247956,0.8259292840957642,0.467680960893631,0.3257430493831634,0.2359196096658706,0.12212823,0.10005109,0.32935914,0.455905944108963,0.3277083317805687
4ex6u86z,1.0,0.99523696,0.9981075075,0.9345739,0.9958892,0.98508173,0.9982936978340148,0.9987642168998718,0.9523699283599854,0.99881112575531,0.9981561,0.9997897,0.9789864,0.9721057415008544,0.9850897082961568
4f2k1xer,1.0,0.420273346,0.72624045,0.48910767,0.45633566,0.8915199,0.4929486215114593,0.7192777395248413,0.6550862789154053,0.945521116256714,0.803679,0.8513856,0.68828154,0.6060461401939392,0.6727463894155662
4fcl5efj,1.0,0.999998798,0.9999994175,0.9982493,0.99994195,0.9945258,1.0,0.9999191761016846,1.0,1.0,0.99999803,0.9999999,0.9841276,0.9934884905815125,0.9977110880525536
4isotn9u,0.0,0.1498448788,0.1276735725,0.32367182,0.04769852,0.96462095,0.2578576803207397,0.530833899974823,0.1761745065450668,0.9205461144447328,0.49158406,0.54893565,0.15236352,0.0688830390572547,0.3662067855109706
4ivsolml,1.0,0.187119438,0.3482838,0.42050105,0.38264707,0.082547575,0.0238727740943431,0.0977712944149971,0.1149807572364807,0.3615244626998901,0.20031233,0.06315665,0.6194655,0.4705458581447601,0.2594406584300362
4jtj27yh,1.0,0.97456828,0.9774278175,0.9267292,0.9873384,0.97307765,0.9850655198097228,0.9806759357452391,0.8622389435768127,0.9999991059303284,0.99237514,0.98970073,0.9248855,0.9810824394226074,0.9657818889272602
4k00ilu6,0.0,0.229202838,0.29382457,0.38700533,0.21077743,0.4474675,0.1398431360721588,0.0715164691209793,0.0384367294609546,0.1853919625282287,0.3963778,0.21199417,0.106160715,0.0785214602947235,0.2151169315751573
4k0lthy2,1.0,0.999512034,0.99989908,0.9734349,0.9852668,0.9828717,0.9995888471603394,0.9995708465576172,0.9993691444396972,0.9911879301071168,0.9997871,0.9998293,0.98756254,0.975355327129364,0.9917873499533951
4k5ogz2u,1.0,0.999733746,0.9999619,0.97225523,0.9996784,0.9971988,0.9999995827674866,0.9779139161109924,0.9999987483024596,0.9972277879714966,0.9999187,0.99986845,0.9338976,0.9212791919708252,0.9845331900273672
4kzrezrd,0.0,0.345352244,0.21618824375,0.41352737,0.34025127,0.5553566,0.1614705920219421,0.4174394011497497,0.2718113660812378,0.163418710231781,0.13770929,0.23138143,0.1743663,0.1140517070889473,0.27248650187105067
4ldimsyj,1.0,0.99999369,0.9999916425,0.9949285,0.99887466,0.9919071,0.9986308813095092,0.9995681643486024,0.9999998211860656,0.9999990463256836,0.9999992,0.9999945,0.94769776,0.9676977396011353,0.9922524336737881
4m0a6mdm,0.0,0.0271995261999999,0.040920805,0.08962199,0.030581942,0.08344467,0.033100701868534,0.0426044650375843,0.0575965568423271,0.0853420868515968,0.065202594,0.041487373,0.1781999,0.0252686627209186,0.06158240565545852
4mqa78ra,1.0,0.570063648,0.514257065,0.56088775,0.27948952,0.164718,0.4551057815551758,0.2118895500898361,0.3713136613368988,0.400298535823822,0.5927137,0.46578032,0.72424376,0.6986349821090698,0.4622612518396002
4n89qkns,0.0,0.644494816,0.5131279224999999,0.53126377,0.16374235,0.31209496,0.6390882730484009,0.7045578360557556,0.290566086769104,0.1199242919683456,0.40708193,0.2798623,0.21735679,0.0303612239658832,0.37334788848519157
4orac8cy,0.0,0.1170689152,0.1267179675,0.30198705,0.02080026,0.2215574,0.1060237437486648,0.1784903407096862,0.0118627743795514,0.0220864545553922,0.1917454,0.09037615,0.016883638,0.0424179881811142,0.11138600632880069
4po1i3ms,1.0,0.9999905,0.9999022225,0.99315345,0.99946207,0.99718976,1.0,0.9998056292533876,0.9999456405639648,0.9994788765907288,0.9999486,0.99998796,0.9844456,0.9932871460914612,0.9974304965384265
4qxxva2i,0.0,0.0456695107999999,0.048506894,0.25804552,0.047969643,0.14765023,0.0284497905522584,0.1126171573996543,0.0274889264255762,0.0148790013045072,0.06377705,0.035582706,0.0028402528,0.003254780313,0.06436395866115353
4regb1aj,1.0,0.999977504,0.999922155,0.9985451,0.99999547,0.99896216,1.0,0.9969147443771362,1.0,0.9992626905441284,0.9999788,0.9999764,0.9810797,0.9808486104011536,0.996573948794032
4sx27dcb,1.0,0.995075092,0.99812345,0.93342245,0.99691767,0.99623513,0.9999372363090516,0.9981858730316162,0.9999209046363832,1.0,0.99873775,0.99194103,0.93896866,0.945408582687378,0.9840671406664946
4t60ploz,1.0,0.91104413,0.96389141,0.75128275,0.96189296,0.9817461,0.9997017979621888,0.9983788728713988,0.9255715012550354,0.8832213282585144,0.9895106,0.9701426,0.8543968,0.9011951684951782,0.9301520014494089
4u9bxf44,1.0,0.64960632,0.699688975,0.62870026,0.35655975,0.8419523,0.2986747324466705,0.6542822122573853,0.8279916048049927,0.8761054277420044,0.6081982,0.4184149,0.3825723,0.4166249632835388,0.5891824573488148
4uw590z9,0.0,0.0905740926,0.143770795,0.25398585,0.03611584,0.52368075,0.0860457345843315,0.1488158702850341,0.2720102667808532,0.0785352513194084,0.1025936,0.2762156,0.0033282507,0.0021053624805063,0.1552136356730872
4vf89x22,0.0,0.282671822,0.40288108,0.39645624,0.29270968,0.46452713,0.4171495735645294,0.3615547120571136,0.1588794589042663,0.4404178559780121,0.4433936,0.20924282,0.57433,0.7383847832679749,0.39866144275168436
4wsqt26q,0.0,0.080547079,0.0433352605,0.30620223,0.06911007,0.02569289,0.0449582003057003,0.0570721328258514,0.1046653762459755,0.0024349854793399,0.066133134,0.040838763,0.03542708,0.0071529522538185,0.06796693489312967
4xekz83y,0.0,0.0184350484,0.02490404725,0.16359149,0.0078074774,0.043123655,0.022407840937376,0.0229769367724657,0.0133123639971017,0.1123214438557624,0.01790975,0.01402475,0.0064302674,0.0035501569509506,0.036215017535665875
4xyf9igf,1.0,0.9745477,0.9786454125,0.84466267,0.9337347,0.9257325,0.5692199468612671,0.8877843618392944,0.9999794960021972,0.8696300387382507,0.8186619,0.8127299,0.8351029,0.8901987075805664,0.8723561718093522
50i6gbxq,0.0,0.020311029,0.0215794795,0.12973508,0.0050022737,0.026592527,0.0466550104320049,0.0985886082053184,0.0320127978920936,0.0364928804337978,0.024446508,0.004756094,0.01362288,0.0225028879940509,0.03709985047363583
513bb6f0,0.0,0.1396208339999999,0.1179171125,0.3504718,0.13967422,0.19245714,0.1569287478923797,0.1458833962678909,0.2085987776517868,0.2264971882104873,0.0815678,0.09102002,0.028253065,0.1254036426544189,0.15417644185976642
516sp18o,1.0,0.957151646,0.943692475,0.8812648,0.7728317,0.64312077,0.9846946597099304,0.97389155626297,0.8626075983047485,0.3855152726173401,0.93346477,0.9907677,0.8948183,0.7821266055107117,0.8466113733389001
51ob537q,1.0,0.7827777599999999,0.9837825175,0.5834662,0.7888465,0.96166134,0.5144689679145813,0.7619267106056213,0.7394110560417175,0.9854041934013368,0.9864398,0.94161284,0.78111434,0.689346194267273,0.8077121861331176
53ayeqah,1.0,0.999063402,0.998522205,0.95386493,0.99629486,0.9980873,0.9999997615814208,0.9998786449432372,0.999988615512848,0.9999994039535522,0.99819756,0.99730223,0.9691493,0.9701129794120787,0.9908046174513973
53lc58dr,1.0,0.912952064,0.9937250025,0.87179786,0.97418267,0.97981286,0.9996602535247804,0.9994422793388368,0.9891587495803832,0.9462251663208008,0.99296534,0.967394,0.91872686,0.9095727205276488,0.958124294291727
53x1f8s0,1.0,0.98710553,0.98894396,0.83290094,0.80807066,0.9434734,0.7380784153938293,0.9260056614875792,0.74958735704422,0.9966803193092346,0.99415994,0.9933076,0.8343577,0.9085952639579772,0.9000974420917571
5407k5w1,1.0,0.0981697828,0.197828435,0.32947123,0.15029655,0.1972799,0.4805836081504822,0.4286783933639526,0.4377577900886535,0.0736996904015541,0.11426998,0.20565307,0.25673828,0.1399070471525192,0.2392564428428586
55izolnn,1.0,0.963711206,0.983150185,0.864495,0.94777936,0.9675343,0.9884836077690125,0.9199578166007996,0.9963501691818236,0.999996781349182,0.94926775,0.9662719,0.96870095,0.9661410450935364,0.9601415439226426
55j2o7s3,0.0,0.0166671956,0.0157843075,0.1377165,0.006844818,0.037151866,0.0708703100681305,0.2164155542850494,0.0381856262683868,0.0110904825851321,0.026114365,0.010498473,0.017574916,0.0336425378918647,0.049119765553735664
576mouze,0.0,0.518280724,0.340832655,0.42983127,0.49410203,0.08441207,0.0698107406497001,0.4094667732715606,0.3925756812095642,0.0161550492048263,0.06953651,0.16770282,0.22110668,0.2632812559604645,0.26746878917662426
59c81do6,1.0,0.995026154,0.996588875,0.88208234,0.957162,0.9852375,0.9999927282333374,0.9793179035186768,0.933606743812561,1.0,0.99749005,0.9672071,0.89275885,0.9591270685195924,0.9650458702372436
5bwikotc,0.0,0.07300984,0.0489427754999999,0.20009208,0.07634019,0.023750696,0.0824807435274124,0.0387982837855815,0.1973388493061065,0.0113302217796444,0.06851252,0.038181245,0.012529637,0.0381216928362846,0.06995605959500224
5cf72gnn,0.0,0.0517890672,0.0226219135,0.23355556,0.012863141,0.008916127,0.0113609721884131,0.0102752214297652,0.1255541294813156,0.0120026795193552,0.012965376,0.014700325,0.012875377,0.0116810975596308,0.04162776822142152
5cri8bix,0.0,0.1804938019999999,0.1732783725,0.3461705,0.30583632,0.068546414,0.5491152405738831,0.4786204099655151,0.6278781294822693,0.6995055675506592,0.16763878,0.28980404,0.10706158,0.3628669083118438,0.3351396972603209
5d0p92k3,1.0,0.199335132,0.4312924175,0.33858317,0.32838637,0.8526875,0.1708770841360092,0.1485539078712463,0.1753334254026413,0.4324064254760742,0.24816675,0.30111378,0.06796241,0.2030366510152816,0.29982577103086566
5e8osaq3,0.0,0.02345284,0.014840681625,0.14388189,0.014254423,0.02664756,0.0542834103107452,0.0165722519159317,0.0316867679357528,0.0541318245232105,0.029650547,0.011725557,0.0027242682,0.0052126212976872,0.0330049725237175
5eltfebe,1.0,0.992903648,0.99538796,0.89858365,0.9596385,0.9762052,0.9968219995498656,0.9980628490447998,0.990528404712677,0.9900234937667848,0.98752147,0.9936916,0.9362928,0.9354807138442992,0.9731647914552635
5ep4cwcd,0.0,0.0763042688,0.0601859282499999,0.17050314,0.15172647,0.18485083,0.0358385294675827,0.2899350821971893,0.0191569328308105,0.3899921774864197,0.1047353,0.024174105,0.20642516,0.3728778064250946,0.1605158254197767
5g77lk6h,1.0,0.99999574,0.9999908925,0.995859,0.9998722,0.98799264,1.0,0.999984622001648,0.9999700784683228,0.9999955296516418,0.9999633,0.9999893,0.98196423,0.9863640069961548,0.996303118432136
5gqqlyzj,0.0,0.3302667099999999,0.41986905,0.5333402,0.26688832,0.07967271,0.4925262928009033,0.5493252277374268,0.4333675801753998,0.0913036987185478,0.43766057,0.18508118,0.2509187,0.1585252732038498,0.3252881163566252
5hrdu4xs,1.0,0.9990773939999998,0.9993143725,0.96699834,0.99862826,0.90927434,0.9829754829406738,0.993629515171051,0.9998985528945924,0.9998536109924316,0.9992982,0.99902034,0.9961145,0.9915946125984192,0.987359809315167
5iqvnb4g,1.0,0.999890718,0.9999228875,0.9889568,0.9918237,0.9994092,1.0,0.9994746446609496,1.0,1.0,0.99998116,0.9999336,0.8710787,0.9229075908660888,0.9825673846943875
5iz31yru,0.0,0.0343315974,0.02559596225,0.18097466,0.030984912,0.0674507,0.1186783462762832,0.0314126834273338,0.0492413230240345,0.0363453812897205,0.033118658,0.04275366,0.012857335,0.0191370081156492,0.05252940206023239
5lxo6qji,1.0,0.997843712,0.9552002725,0.92443293,0.98774314,0.9182826,0.9986208081245422,0.9808922410011292,0.9820562601089478,0.9752374291419984,0.89947164,0.9888991,0.96945286,0.9668143391609192,0.9649959486182721
5m8kb9w4,1.0,0.864682086,0.89119091,0.66868997,0.8724081,0.92148495,0.9934239387512208,0.9767996668815612,0.8464044332504272,0.9051225185394288,0.9684967,0.9846239,0.8972018,0.8364596962928772,0.8943837438242704
5n9c70pa,1.0,0.819484586,0.8263399875,0.64558774,0.64556694,0.71834904,0.9610559344291688,0.940171241760254,0.5635915398597717,0.7993941903114319,0.90021276,0.9451942,0.83976424,0.8662432432174683,0.8054581263906228
5nms6xvq,0.0,0.0997799982,0.088444354,0.31783623,0.04426622,0.072310194,0.1286689937114715,0.0458315759897232,0.2478143274784088,0.3719626367092132,0.049439114,0.06513229,0.02982356,0.1344629377126693,0.13044403321549894
5r8vo4kv,1.0,0.99878182,0.99655221,0.9801277,0.9991787,0.99519455,0.9999197125434875,0.9977166652679444,0.9972809553146362,0.9997804760932922,0.9914336,0.9974449,0.95301056,0.928297996520996,0.9872861419800275
5so79h4h,0.0,0.165739732,0.135843101,0.51291895,0.33057246,0.5276413,0.2588955163955688,0.7014316916465759,0.0243666879832744,0.0772513151168823,0.19136754,0.09889862,0.3164945,0.2094426751136779,0.27314339148122924
5tgsq7ai,1.0,0.039893777,0.0686462774999999,0.18795118,0.060414243,0.34446424,0.0997470840811729,0.041539367288351,0.0418598130345344,0.097516544163227,0.16649278,0.059981078,0.175318,0.0763989835977554,0.11232487443577238
5wh23gxr,1.0,0.999060802,0.995183685,0.9511051,0.99665725,0.95166373,0.855964720249176,0.9587360620498656,0.8425487875938416,0.9993095993995668,0.99672735,0.99871826,0.93718874,0.955610454082489,0.9568057338749956
5x48pw5k,1.0,0.99956638,0.9988716975,0.95657724,0.9977617,0.99888074,0.9994417428970336,0.9994977116584778,0.918943464756012,1.0,0.99992305,0.9999556,0.97118723,0.959608793258667,0.9846318730823223
5xyfc4kl,1.0,0.99997067,0.9999578075,0.99405587,0.9988044,0.9006653,0.9999998807907104,0.9982635974884032,1.0,1.0,0.9999236,0.9999691,0.9808942,0.9887114763259888,0.9893240785626456
61nhvcfw,0.0,0.0119875858,0.01629369025,0.11868414,0.005787777,0.02315345,0.1281428784132003,0.1521323472261428,0.2229359298944473,0.0409166514873504,0.04268007,0.008101968,0.011922559,0.0055440091527998,0.060637158171072354
63yk03o4,1.0,0.469080934,0.4646717274999999,0.5198382,0.3217311,0.8402107,0.9706392884254456,0.9453136324882508,0.949219048023224,0.8898646235466003,0.4724973,0.4613691,0.6330678,0.703780472278595,0.664714148174009
64yfds0d,0.0,0.020771084,0.0229628409999999,0.118145555,0.0067845583,0.033402637,0.0017228074138984,0.0040547354146838,0.0104929553344845,0.0019817929714918,0.021390475,0.010063084,0.0022018189,0.0014126122696325,0.019645150508014686
65efuxq9,1.0,0.9998897139999998,0.9998813775,0.9858854,0.9982481,0.9995766,1.0,0.9925093650817872,0.9996748566627502,1.0,0.9998383,0.99958175,0.91164106,0.9443033933639526,0.9870021474314222
66uml3so,0.0,0.096777922,0.0903803825,0.29361147,0.06470348,0.34935254,0.156537726521492,0.2052174657583236,0.1878196746110916,0.150512009859085,0.115063086,0.0775716,0.08771522,0.0882048830389976,0.15103595848376844
66vw9b0m,0.0,0.203326234,0.2266613224999999,0.39183483,0.11598234,0.25205508,0.1747855246067047,0.0425022356212139,0.1598899066448211,0.0821088254451751,0.19895986,0.1537593,0.011770676,0.0093962224200367,0.15561787363368856
67kbqnxp,1.0,0.578198116,0.6762299575,0.5788778,0.39419994,0.7192457,0.2033924013376236,0.2650913000106811,0.3152669072151184,0.4357889890670776,0.5141378,0.5707717,0.34012806,0.5073769688606262,0.46913120307624057
67xkwq0y,0.0,0.0770256436,0.048067607,0.2588894,0.04126031,0.23894471,0.1340604573488235,0.2605324387550354,0.0792953222990036,0.0725396424531936,0.06774924,0.04497234,0.04692309,0.0808034464716911,0.11162028060982672
68q0j9m4,1.0,0.818744046,0.8785855850000001,0.69833815,0.7709278,0.9451295,0.6903673410415649,0.8271332383155823,0.7615286707878113,0.8203103542327881,0.8860047,0.86479795,0.68670017,0.7578632235527039,0.8004946714561885
69ugnekr,0.0,0.718332358,0.7244907624999999,0.74199694,0.32739398,0.31214908,0.4790782332420349,0.6410543322563171,0.1608705371618271,0.0713681504130363,0.52806705,0.61044466,0.43298852,0.4155333936214447,0.47413599978420456
6bnvsfa6,1.0,0.99204012,0.99676435,0.8901453,0.9979737,0.9577656,0.9974277019500732,0.9984784722328186,0.7872305512428284,0.9652704000473022,0.9976766,0.99861604,0.9736975,0.9618974328041076,0.9626910590982407
6c2cu7on,1.0,0.7098499500000001,0.6233820725,0.58657324,0.6924887,0.75960577,0.7196763157844543,0.4893257021903991,0.7089742422103882,0.2521164417266845,0.6526042,0.36216342,0.66083854,0.7348657846450806,0.6117280291582313
6e07fpy1,0.0,0.0519089186,0.04815412875,0.2616279,0.1514144,0.04371643,0.0020711629185825,0.0186813995242118,0.0184661224484443,0.0199646484106779,0.022528112,0.0499619,0.012992101,0.0092424619942903,0.05467151428047745
6g5g79or,1.0,0.9647261,0.989891535,0.8639555,0.92634374,0.9865522,0.9239825010299684,0.7881618738174438,0.8622384071350098,0.9861604571342468,0.99717414,0.9777503,0.9101784,0.9097614288330078,0.9297597371499752
6ilsidbx,1.0,0.99967199,0.99919975,0.9701564,0.99914885,0.9993421,0.999946117401123,0.9516899585723876,0.9986542463302612,1.0,0.9977258,0.999946,0.96773285,0.9717803001403807,0.9888456432649348
6j3rtxym,0.0,0.0420864259999999,0.04211106025,0.134453,0.03855336,0.056191344,0.0514561012387275,0.1336726993322372,0.0799122899770736,0.0945376902818679,0.08840422,0.1033075,0.015123518,0.0125959375873208,0.06864654974363284
6jl2l5b5,0.0,0.142108336,0.1797573725,0.39847693,0.3104578,0.29665354,0.2910007834434509,0.4531142711639404,0.6789895296096802,0.8044800162315369,0.16226846,0.20977873,0.41020465,0.48256716132164,0.37075827540540374
6k8djzr5,1.0,0.261894828,0.2166508174999999,0.38962922,0.3827249,0.41586947,0.0118934009224176,0.4114522337913513,0.5833485722541809,0.3135303556919098,0.34439626,0.3442092,0.4775759,0.3132400512695312,0.34357040072533773
6kf1622v,1.0,0.99591272,0.99432598,0.95713353,0.9970708,0.98746485,1.0,0.9989794492721558,0.9999952912330629,0.9999215602874756,0.98518157,0.9881276,0.8574561,0.9291669130325316,0.9762104126019404
6khub2rt,0.0,0.0238201818,0.018809194,0.1882751,0.0077782273,0.0708732,0.0018593110144138,0.0253818295896053,0.0071268542669713,0.0085042985156178,0.014787134,0.019056719,0.0091017885,0.0107262171804904,0.03123846578208451
6n6975j2,1.0,0.831734872,0.86667099,0.68374467,0.90302324,0.95568967,0.9491952657699584,0.9366519451141356,0.7252376079559326,0.7803615927696228,0.8411101,0.8956337,0.51240396,0.7341554760932922,0.8165856222848418
6nouhfj7,0.0,0.2119634259999999,0.15889654625,0.25971985,0.075642556,0.23936328,0.2091621309518814,0.2564512491226196,0.0923001691699028,0.1574215590953827,0.3844514,0.23459023,0.08841967,0.0705325156450271,0.1876088140180626
6o3z0ani,1.0,0.99771667,0.9982144125,0.9429257,0.93616843,0.98661786,0.944550633430481,0.9943802952766418,0.9658428430557252,0.9991552829742432,0.9970187,0.9949278,0.7652013,0.911906599998474,0.9565097328642743
6po0m24u,0.0,0.033297222,0.0201064045,0.20001672,0.022354972,0.044956237,0.0039266776293516,0.0103452978655695,0.0272464603185653,0.0645662248134613,0.03764593,0.03987217,0.11657568,0.0894157737493515,0.05464044383663841
6prr7mza,1.0,0.1499078211999999,0.10211752275,0.2827427,0.2080797,0.2916623,0.1910813599824905,0.2474340498447418,0.1650143265724182,0.66583251953125,0.13296428,0.049965583,0.25733733,0.2834523320198059,0.2328916788385159
6q8sjy5o,0.0,0.0165037508,0.01182044025,0.14489213,0.004657593,0.014456398,0.0329846367239952,0.0592394806444644,0.0241758953779935,0.0184943489730358,0.024373313,0.010591894,0.030904766,0.0313462764024734,0.03264930178245864
6qd0771h,1.0,0.99990792,0.999756635,0.9909427,0.99806476,0.99902856,1.0,0.9975506663322448,0.9999868273735046,1.0,0.99975324,0.99998397,0.9560547,0.9505919218063354,0.9916630692701605
6qlz2rwg,1.0,0.999990316,0.9999949,0.9934486,0.9999114,0.9978429,1.0,0.9994756579399108,0.9999053478240968,1.0,0.9999938,0.9999977,0.89797246,0.9601796865463256,0.9883623667931026
6rv9777t,0.0,0.11455414,0.1202587239999999,0.32869154,0.026558839,0.26284188,0.0795671939849853,0.2089074552059173,0.1139618009328842,0.3409040868282318,0.2670635,0.21360737,0.0049522743,0.0015962526667863,0.16026654283990807
6sapbs22,1.0,0.816774216,0.8499108225,0.6979804,0.95944697,0.7466638,0.9743134379386902,0.941599190235138,0.7025624513626099,0.9275949001312256,0.72370464,0.82944304,0.47788888,0.5513184666633606,0.7845539396023864
6scivuqt,1.0,0.645144892,0.80601116,0.5741171,0.7997987,0.34194756,0.9870055913925172,0.8761594295501709,0.7931935787200928,0.7453846335411072,0.75103354,0.7432252,0.55828285,0.82187819480896,0.7263986484625269
6szn9dde,1.0,0.999905166,0.99969828,0.9813795,0.99992883,0.99927604,1.0,0.9986265301704408,1.0,1.0,0.999781,0.9998622,0.8704101,0.942538321018219,0.9839540743991277
6tx0tbkg,0.0,0.652816688,0.8211020849999999,0.6420438,0.92478174,0.85608995,0.7855862379074097,0.9356447458267212,0.7447503209114075,0.9901592135429382,0.9289508,0.8017348,0.8360636,0.8086601495742798,0.8252603177509813
6uamwjpi,1.0,0.670876182,0.711131275,0.63826257,0.48951435,0.8583781,0.1221307143568992,0.2943569719791412,0.0795435681939125,0.6162247657775879,0.75378203,0.49876946,0.46551597,0.3523226082324981,0.5039083511953876
6xvaj2k8,1.0,0.660351292,0.4349412125,0.45730978,0.67577314,0.33443767,0.3901032507419586,0.6382002234458923,0.7704926133155823,0.2921017408370971,0.27150673,0.42225882,0.052265283,0.1224899441003799,0.42478705384160853
6ys445gd,0.0,0.430298174,0.3895139374999999,0.5152738,0.15894091,0.3697046,0.3856531679630279,0.4234524369239807,0.8888193368911743,0.7050562500953674,0.14922449,0.10072492,0.21580987,0.2400062084197998,0.38249831552256547
6zs62ywe,1.0,0.999994754,0.9999869,0.99932253,0.999833,0.99914265,1.0,0.9999873638153076,0.999796986579895,0.9987109303474426,0.99999815,1.0,0.97021234,0.9672700762748718,0.9949425908475015
700ucrgb,0.0,0.85570218,0.578509785,0.77754974,0.8546418,0.6698276,0.583763062953949,0.2764248549938202,0.9020116329193116,0.3897110521793365,0.5435488,0.8054537,0.35311103,0.4895989000797272,0.6215272413943189
70ebpy9e,0.0,0.0231414257999999,0.01927479225,0.18532586,0.023801588,0.06701371,0.0304973386228084,0.0508307926356792,0.0170871838927268,0.0499918572604656,0.05629068,0.011294641,0.010154575,0.0067191710695624,0.04241720119471095
70s1f537,0.0,0.162329284,0.1757104675,0.3559028,0.12492187,0.62900853,0.0283552706241607,0.0589877106249332,0.1350517570972442,0.3776975274085998,0.44102252,0.5045722,0.19787024,0.1741226613521576,0.2588886798928535
71w1wudc,0.0,0.01135728272,0.00589941645,0.1263115,0.004530648,0.37826228,0.0089837377890944,0.0211553163826465,0.0055961520411074,0.0928382202982902,0.022312151,0.020631079,0.0023501837,0.0002012797049246,0.05387917285277409
7493dxwo,1.0,0.99992389,0.999846075,0.99264973,0.999897,0.9926647,1.0,0.999971568584442,0.9574502110481262,0.9975705146789552,0.9998452,0.99998814,0.9570153,0.9726576805114746,0.9899599238325383
750cehlx,1.0,0.994405694,0.994701275,0.91541815,0.9573163,0.8241321,0.9024031758308412,0.9624695777893066,0.9811549186706544,0.9062214493751526,0.9967023,0.99764854,0.9354186,0.9749327301979064,0.9494557546818354
77jzc58c,1.0,0.998990108,0.999797425,0.96149766,0.97809005,0.99876785,1.0,0.9997966289520264,1.0,1.0,0.9999459,0.99764323,0.83592856,0.8088825345039368,0.9676413035735356
7875aud9,1.0,0.094131738,0.0889487175,0.28103703,0.04390043,0.032496452,0.1014317348599433,0.0695980116724968,0.0405896455049514,0.0473474040627479,0.042261392,0.0374114,0.0007455074,0.0063325040973722,0.06817168977673166
78v0bjwk,1.0,0.99791602,0.9987852125,0.9640584,0.997802,0.987576,0.9999220371246338,0.998674750328064,0.9830067753791808,1.0,0.99490887,0.9959363,0.9550153,0.8964285850524902,0.9823099423372591
79kvls9m,0.0,0.397156832,0.3822661925,0.4669389,0.37834525,0.31684592,0.6249843835830688,0.50689297914505,0.4519658386707306,0.103182628750801,0.29201728,0.30282027,0.21577233,0.0904319211840629,0.3484323635256703
7ajul7w8,1.0,0.6114650380000001,0.417681295,0.47732747,0.3951809,0.1775496,0.0612158812582492,0.0622651614248752,0.3436932861804962,0.0368884205818176,0.35385162,0.3297735,0.73945534,0.7924436330795288,0.36913778042499745
7c7bo119,0.0,0.0189108442,0.01904574275,0.14733203,0.038819365,0.049034685,0.00678521534428,0.0237684566527605,0.0206282921135425,0.0149472784250974,0.013481631,0.0109901205,0.05019179,0.0660641118884086,0.036923043298006844
7dypmlva,1.0,0.99998113,0.99995915,0.99416625,0.999973,0.99907005,1.0,0.999954104423523,0.999935269355774,1.0,0.99995536,0.99999744,0.9966099,0.9937074780464172,0.9987159332173626
7fxzv4u3,0.0,0.691460642,0.6158485425,0.58135206,0.6063953,0.21383277,0.4722249507904053,0.2248315960168838,0.3307725489139557,0.1309482455253601,0.5603601,0.6392313,0.26600593,0.7380808591842651,0.46702652653314386
7hme6p4n,0.0,0.2530918219999999,0.147663355,0.44871667,0.1136806,0.22743145,0.0961843654513359,0.192147821187973,0.1421239376068115,0.0768282935023307,0.22831273,0.09603463,0.08147919,0.0880315005779266,0.16859433579433675
7icdo5di,1.0,0.999718322,0.9999142,0.97720146,0.9998009,0.99923694,0.9998517036437988,0.9987483620643616,0.9999939203262328,1.0,0.9999714,0.9999934,0.9644745,0.9805930256843568,0.9938074718245192
7ln23y30,1.0,0.991267062,0.994153375,0.8844385,0.9847256,0.98990464,0.9976407289505004,0.9966541528701782,0.9886289834976196,0.9975689649581908,0.995124,0.98953605,0.9255547,0.9511496424674988,0.9758727999803067
7mhxofkc,1.0,0.999485426,0.999882535,0.967515,0.95124936,0.98699605,0.999999701976776,0.99895441532135,0.9952357411384584,0.99626225233078,0.99995977,0.9994361,0.96138895,0.9665709733963012,0.9863796594759147
7n8la100,1.0,0.4145005859999999,0.5223330850000001,0.44276422,0.39306533,0.96516687,0.680000364780426,0.703546404838562,0.7585483193397522,0.9792250394821168,0.68931705,0.7756269,0.749527,0.7243723273277283,0.6767687305206606
7p9mda9o,0.0,0.0195598432,0.0137982835,0.15662375,0.015062663,0.007077405,0.0047873384319245,0.0693131387233734,0.0373631864786148,0.0067961029708385,0.020532567,0.007864754,0.010213023,0.0064207245595753,0.02887790614340973
7pq4ddv2,0.0,0.0471785544,0.035872581,0.25083798,0.068749964,0.34236294,0.0750442594289779,0.1638559997081756,0.3213039934635162,0.5160126686096191,0.22880301,0.14859405,0.060879175,0.053920492529869,0.1779550513953968
7qhak7md,1.0,0.991764412,0.9986649975000002,0.92829883,0.98780453,0.99767435,0.9999780654907228,0.9570317268371582,0.999575138092041,1.0,0.9864241,0.9673432,0.9392028,0.941811740398407,0.9765825300244869
7srcbplj,1.0,0.998810178,0.9988293675,0.9566537,0.98726046,0.80677944,0.9996477365493774,0.9992064237594604,0.9999850392341614,0.952383518218994,0.99989134,0.9998623,0.97679436,0.9904149770736694,0.9743476031027434
7szpf9s9,0.0,0.190081182,0.3831490025,0.4335192,0.0876455,0.030395772,0.0637436285614967,0.0136408489197492,0.0460243113338947,0.0201044268906116,0.28020364,0.07082309,0.038296133,0.0402165614068508,0.13060333050866177
7tw1puws,1.0,0.9992571,0.999366725,0.9526833,0.9949992,0.9941174,1.0,0.999380588531494,0.999525785446167,1.0,0.9962145,0.99997663,0.9555668,0.9574777483940125,0.988351059797821
7ujodck8,1.0,0.072718442,0.13318325125,0.24654505,0.08366063,0.31172127,0.1242650151252746,0.2401961833238601,0.0764268860220909,0.3761253952980041,0.108905315,0.08509576,0.042007223,0.035315703600645,0.14893585573999035
7vxuqdrm,0.0,0.0232718682,0.0271817524999999,0.2360912,0.008347798,0.14028239,0.0255682859569787,0.0980879142880439,0.0388393700122833,0.0932431742548942,0.04315818,0.04138998,0.026233118,0.0034772725775837,0.06193633106075259
7y2itl8n,1.0,0.999973934,0.999944875,0.9916105,0.9973586,0.99943626,0.9991822242736816,0.9958506226539612,0.9990902543067932,0.9296975135803224,0.99998474,0.999835,0.9663799,0.9767680168151855,0.9888548031253803
7zj3sweb,0.0,0.183069615,0.08987963525,0.28092986,0.044216707,0.01671146,0.0455796644091606,0.0453752838075161,0.246348887681961,0.0606517046689987,0.06823231,0.08740723,0.063260965,0.0942678749561309,0.10199470752105902
8257ge0q,0.0,0.0684155592,0.05954149225,0.22609706,0.03825754,0.16455245,0.1968506425619125,0.3379417955875397,0.0465743727982044,0.3162480890750885,0.18143204,0.054661825,0.08170932,0.1058139652013778,0.14446893474416334
82n2atqy,0.0,0.0909125028,0.18739099,0.32393664,0.25910103,0.7722896,0.0865727216005325,0.2813052833080292,0.3173149824142456,0.387648195028305,0.22729307,0.22804707,0.39283842,0.4037741422653198,0.30449420364741786
832ejx5t,1.0,0.998925616,0.99941076,0.95447046,0.99531853,0.6122391,0.9996079206466676,0.9929978847503662,0.99700266122818,0.968100607395172,0.99951935,0.99996173,0.9526504,0.9731169939041138,0.9571786164557308
83579wrr,1.0,0.984177034,0.9661374525,0.8836447,0.9818189,0.977206,0.9991148114204408,0.986193835735321,0.979838252067566,0.9993140697479248,0.9618485,0.9926027,0.8548194,0.8778130412101746,0.9572714382062639
839ag77q,1.0,0.999264178,0.9985114175,0.937435,0.99929416,0.9994571,0.9999903440475464,0.9998582005500792,0.9995802044868468,0.9999340772628784,0.9986793,0.9996927,0.9956726,0.9865942001342772,0.9933818063062791
83bdw56f,0.0,0.294752276,0.3209087625,0.42665768,0.074247435,0.25865895,0.1818617433309555,0.2081891894340515,0.3605047762393951,0.5607138872146606,0.33486697,0.08689889,0.15069298,0.1898003369569778,0.26528875974431076
84p4k9dx,0.0,0.0548731506,0.07077531875,0.24862893,0.09569952,0.3638378,0.2369423061609268,0.4136084914207458,0.1923611909151077,0.0430658496916294,0.13239416,0.065785825,0.07359322,0.1383068859577179,0.1638363575766252
84z4ur2y,0.0,0.0165929006,0.029670095,0.13771379,0.014069011,0.21531154,0.0293214954435825,0.0468149222433567,0.0846096649765968,0.1324935257434845,0.03635654,0.017631758,0.020752717,0.015126378275454,0.06126648756019035
86z1b98v,0.0,0.6021706699999999,0.7576259425,0.59813106,0.72703516,0.27150977,0.0833367928862571,0.2407921850681305,0.1565175652503967,0.154594212770462,0.73535925,0.22597972,0.51985407,0.7059193849563599,0.4445250602639697
873lkmgs,1.0,0.713647732,0.7984105625,0.67406136,0.9609449,0.80668247,1.0,0.9867329597473145,0.9999971985816956,0.7323086261749268,0.5950905,0.501798,0.9752568,0.9802896976470948,0.8250169082039257
88k686qe,0.0,0.0574865259999999,0.032213058,0.25073212,0.0495134,0.117294505,0.0378539748489856,0.2400065064430236,0.0733460709452629,0.1510062664747238,0.08881767,0.060365878,0.046134308,0.1007915958762168,0.10042783689140099
89i9gx32,0.0,0.0106991246,0.01452845585,0.073099874,0.004651216,0.019056786,0.0076005505397915,0.0170065872371196,0.0079550761729478,0.0001021358111756,0.020447772,0.012288597,0.0040864516,0.0036132112145423,0.015010449078890526
8b25sq8c,0.0,0.0265986186,0.03481705475,0.13026002,0.008306158,0.029203786,0.0609795562922954,0.0749904364347457,0.1011049300432205,0.0138125391677021,0.039705932,0.026227167,0.011041102,0.0080986442044377,0.04347276496095395
8b350sgn,1.0,0.949793156,0.9540128325,0.8514375,0.94791764,0.90767986,0.9983736872673036,0.905028522014618,0.9943538904190063,0.9980356693267822,0.95753276,0.9663128,0.9161302,0.9253717064857484,0.9439984787702662
8bxy6rkv,0.0,0.0688954654,0.108882305,0.27162528,0.055162743,0.25166506,0.0365911424160003,0.1526715159416198,0.1794045567512512,0.0199527200311422,0.08788851,0.06930238,0.17594954,0.0669818893074989,0.11884408521903943
8cgn0t6d,0.0,0.0421049375999999,0.0596407859999999,0.12886317,0.023740381,0.21445355,0.0520488135516643,0.1344299912452697,0.1505869477987289,0.0617865100502967,0.16835406,0.07599713,0.008456251,0.0187033638358116,0.08762814554475164
8cqk4lta,0.0,0.0171959298,0.014922618,0.18676169,0.002942146,0.029968655,0.0038489189464598,0.0190278384834527,0.0048689977265894,0.0031724930740892,0.010536017,0.0096149985,0.014667238,0.0062743593007326,0.02490783844856337
8dalfyo1,0.0,0.1441379559999999,0.15562894,0.22741947,0.16446716,0.23939946,0.6904561519622803,0.5165392756462097,0.1554732769727707,0.1074802055954933,0.21695471,0.14755562,0.21556987,0.2947137057781219,0.2519842924580674
8ditmown,1.0,0.673475182,0.6949769725,0.7246289,0.51095307,0.9437865,0.9146946668624878,0.8180185556411743,0.8466052412986755,0.1935711652040481,0.9307381,0.876135,0.7846807,0.7688341736793518,0.7446998636296721
8fwrpk0z,0.0,0.0257570988,0.019686806125,0.18149954,0.0057612965,0.05449211,0.0173642411828041,0.0034717270173132,0.0221755672246217,0.027426216751337,0.022900723,0.021419562,0.0018969097,0.0008836142951622,0.031133493276633707
8guucm5f,0.0,0.304833808,0.3343270175,0.5199139,0.41263282,0.3598805,0.4927068650722503,0.3466344773769378,0.6662783026695251,0.1034585610032081,0.11061554,0.12952685,0.5070173,0.4742859005928039,0.3663162955549789
8hyexf7j,1.0,0.768340186,0.6075546725,0.5864557,0.9255198,0.9164151,0.4787535965442657,0.973350703716278,0.8659203052520752,0.7584595084190369,0.89655703,0.95221484,0.7867273,0.855093777179718,0.7977971168931828
8jpr7vgr,1.0,0.906586672,0.8121379675,0.71402776,0.8804308,0.39065826,0.9887290000915528,0.8168309330940247,0.6335214972496033,0.6590911746025085,0.85118246,0.94999397,0.8803382,0.8937752842903137,0.7982541522175387
8jx54peg,0.0,0.0088970431,0.0179654476,0.06259143,0.008685105,0.035936788,0.0104795349761843,0.0161982737481594,0.0559218674898147,0.0018404762959107,0.017587101,0.024048641,0.01298271,0.0239334180951118,0.022851372023475452
8l0hg9nc,0.0,0.24607177,0.242086365,0.46260816,0.11817402,0.10307299,0.1451605409383773,0.287699431180954,0.4404678344726562,0.2552659809589386,0.15961003,0.24446592,0.3057493,0.2000554203987121,0.24696059714997218
8llihkpj,1.0,0.997139806,0.9900154425,0.9571949,0.9877414,0.9778551,0.9995115995407104,0.9427157640457152,0.9954251050949096,0.99841570854187,0.98459923,0.9922265,0.97075486,0.9512152671813964,0.9803700525311233
8lxeqlez,0.0,0.0342414804,0.01592706775,0.18014994,0.032841302,0.039972775,0.2144983410835266,0.2595654726028442,0.1789028197526931,0.1614329516887664,0.025222575,0.04686259,0.0032634786,0.0189532991498708,0.09321800715597701
8lymj1qi,0.0,0.0090376079,0.0105925535,0.13371377,0.01743995,0.019817263,0.0488954670727252,0.0518950745463371,0.0104118417948484,0.0126263061538338,0.016870722,0.0041914526,0.009176383,0.003912016749382,0.02681387756285589
8mdd4v30,0.0,0.0527113493999999,0.03826199475,0.23586343,0.034301065,0.000983105,0.0785888060927391,0.0474647246301174,0.1385826617479324,0.0015608977992087,0.012238363,0.009092023,0.001547237,0.0044531458988785,0.05043452333222124
8mtk0rso,0.0,0.189198926,0.1203393825,0.33861396,0.105926886,0.1176327,0.1061484962701797,0.0544640459120273,0.2292627394199371,0.1193524599075317,0.19999337,0.115220666,0.040925592,0.062793530523777,0.13845175034872712
8p6fvdhr,0.0,0.0186516906,0.016873827,0.19353145,0.0013647056,0.094603136,0.001301315263845,0.0148345278576016,0.0082077775150537,0.0140891168266534,0.016926324,0.031801365,0.027665801,0.0096997618675231,0.0345808306562059
8pajssuu,0.0,0.509212338,0.403799385,0.54893756,0.41413105,0.22375914,0.4178631007671356,0.3027451038360595,0.3414374887943268,0.2165008038282394,0.19370499,0.16000961,0.36108193,0.8269999027252197,0.3784755694577678
8qfdtn0p,1.0,0.8930821980000001,0.8423443475000001,0.66989636,0.66909647,0.81368446,0.617879331111908,0.8139961361885071,0.7397311925888062,0.9516001343727112,0.89281297,0.9357901,0.9068469,0.8702194094657898,0.8166907699405939
8ra4dv56,0.0,0.1442626,0.208970255,0.3404606,0.24623774,0.52985376,0.0168261658400297,0.0511515773832798,0.320583164691925,0.2785707414150238,0.12343433,0.13884306,0.17601767,0.1783373206853866,0.21181146038581883
8riec4d1,0.0,0.1441891759999999,0.1597114875,0.33930486,0.073777705,0.015264686,0.0458566509187221,0.0815408378839492,0.1187251210212707,0.0029782459605485,0.07269502,0.07056138,0.01949677,0.0329081825911998,0.09053924022120693
8va8x8l0,1.0,0.8817717479999999,0.9637047725,0.6264811,0.9637727,0.99177516,0.994432806968689,0.9240697026252748,0.944068968296051,0.9999560117721558,0.9253104,0.9877045,0.78980434,0.8200908899307251,0.9086879307763766
917xfh41,0.0,0.050849253,0.0454796165,0.23696509,0.07500729,0.18524443,0.2774791121482849,0.2625676989555359,0.356058269739151,0.538154125213623,0.096772194,0.06560752,0.16148229,0.570206344127655,0.22475947951417308
929u6wtv,1.0,0.97718751,0.98186634,0.7741008,0.9692615,0.9386805,0.9303873777389526,0.9675083160400392,0.9365065097808838,0.9090636372566224,0.9474661,0.9525012,0.828684,0.8812454342842102,0.9226507096231314
92mtr6sn,0.0,0.0186773089999999,0.02706340725,0.14250466,0.022278149,0.1101149,0.0040017934516072,0.1484844386577606,0.0353492461144924,0.0045169312506914,0.036213193,0.026084617,0.006426841,0.0031309095211327,0.04498818424966803
92tp6qaq,1.0,0.999997794,0.9999957625,0.997643,0.9998125,0.9981022,0.9999974370002748,0.9998764991760254,0.9998389482498168,1.0,0.9999985,0.9999485,0.9541682,0.9847758412361144,0.9949349370894024
93wkcs4k,0.0,0.637351518,0.539422795,0.74192584,0.65874386,0.4844788,0.2134749144315719,0.1917699724435806,0.2688215672969818,0.9094879031181335,0.61337197,0.62066555,0.13172838,0.2715403139591217,0.4832910295576454
948ju63l,1.0,0.603259244,0.6111267925,0.5179559,0.25176916,0.8853214,0.7479227781295776,0.605141282081604,0.6334457397460938,0.84486323595047,0.7662717,0.7163341,0.3383029,0.3368999361991882,0.6045087822005333
94sz2kuu,1.0,0.69763953,0.676859145,0.62177575,0.7978864,0.34192282,0.8814635872840881,0.8451705574989319,0.6690813899040222,0.9889276623725892,0.6915616,0.5116745,0.9082208,0.93021160364151,0.7355688727462416
94xfri09,0.0,0.0599500118,0.0296187002499999,0.24092081,0.03260334,0.024813987,0.0703402385115623,0.0599645487964153,0.0916309058666229,0.000224941963097,0.024086975,0.027493056,0.0022160108,0.0001200219921884,0.0510756575369143
96qe3rzs,0.0,0.399319488,0.5403496525,0.46369314,0.46044606,0.22609597,0.117386482656002,0.2453172653913498,0.4177081286907196,0.2191877961158752,0.64228284,0.59280324,0.48706487,0.6393765807151794,0.41931011646685584
9700lfqf,0.0,0.0135420637999999,0.005609342375,0.14277124,0.0070869876,0.0035829123,0.0039942278526723,0.0057943658903241,0.0361186191439628,5.905981015530415e-05,0.018077755,0.0048697595,0.0074170097,0.0196224339306354,0.02065736745405768
9aawe429,0.0,0.1889536819999999,0.2630091525,0.44020465,0.44834203,0.38518727,0.1821208149194717,0.5001128911972046,0.325153648853302,0.1355621367692947,0.14353006,0.16720092,0.886532,0.7384667992591858,0.36956738888449686
9boq0iq2,1.0,0.7051737819999999,0.6287446350000001,0.6044897,0.8047969,0.943258,0.9742392301559448,0.9246450066566468,0.9118106365203856,0.5302744507789612,0.49680498,0.60181665,0.6016606,0.8928453922271729,0.7400430741030085
9bp4m18o,0.0,0.0574924206,0.03607678,0.21335787,0.1330698,0.4586202,0.0690767467021942,0.2372424304485321,0.1650026589632034,0.1748919337987899,0.17974311,0.12679085,0.041986085,0.0441886335611343,0.14904150146721956
9d31k9qm,1.0,0.999995856,0.999986535,0.99483025,0.9990505,0.9933814,0.9985320568084716,0.9994354844093324,0.9999998807907104,0.9999954104423524,0.9999963,0.9999997,0.9885784,0.9938290119171144,0.9975084003520976
9dxoq2vp,1.0,0.999239338,0.99962937,0.9649209,0.99138534,0.9937221,1.0,0.9999534487724304,1.0,1.0,0.9997251,0.9941316,0.97006166,0.9839521050453186,0.9920552278321345
9e7eobjl,1.0,0.99693502,0.9992754325,0.97214913,0.999784,0.9853216,0.9995365738868712,0.9998406171798706,0.9998958706855774,1.0,0.98811257,0.9978099,0.9393517,0.9440412521362304,0.9863117435683499
9ftaxp0w,1.0,0.4205465539999999,0.53031635,0.50522494,0.5338473,0.7547874,0.5209671854972839,0.8150070905685425,0.4181421995162964,0.9033094644546508,0.7402679,0.31053793,0.6951289,0.5867132544517517,0.5949843437298866
9ier7u8h,1.0,0.999913388,0.9999287925,0.98763776,0.99981356,0.99834144,1.0,0.99971741437912,0.9999997615814208,1.0,0.9996815,0.99985564,0.98080313,0.9911828637123108,0.9966824991224177
9jrd4hqf,1.0,0.99993475,0.99991534,0.98536336,0.99721974,0.9983069,0.999999701976776,0.999864101409912,0.9990565180778505,0.9999985694885254,0.99987876,0.9999881,0.9808743,0.9818724393844604,0.9955593752585191
9jrnamz6,1.0,0.999551738,0.99987512,0.9771471,0.99965906,0.9971974,1.0,0.9998338222503662,0.9999997615814208,1.0,0.99918276,0.99857235,0.8667487,0.8455607891082764,0.9756404491814342
9kwv08hh,1.0,0.999986706,0.9999950675,0.99301517,0.99816203,0.9999597,1.0,0.9999614953994752,1.0,1.0,0.99999905,0.9999749,0.9477191,0.9423081278800964,0.9908521766753515
9lhalckz,1.0,0.99999841,0.9999980875,0.99748886,0.9989288,0.99581707,1.0,0.9998999834060668,0.9999997615814208,0.999989688396454,0.99997383,1.0,0.98683864,0.9946132898330688,0.9979648968565838
9mqvayxa,0.0,0.0500940442,0.06413826575,0.26067853,0.049899872,0.09481717,0.0696446448564529,0.1309591084718704,0.0372846499085426,0.0037309848703444,0.053656947,0.047411412,0.007582248,0.0003236226039007,0.066940115358547
9mv9e40k,0.0,0.0280780312,0.024108966,0.1799014,0.026565626,0.0701492,0.0114124426618218,0.0796852111816406,0.0739932581782341,0.0713513493537902,0.046521932,0.043720156,0.14749403,0.0693594813346862,0.06710316030078252
9mx2x18h,0.0,0.5295940100000001,0.4429930425,0.53047407,0.463183,0.37116492,0.4598027765750885,0.4706968367099762,0.3733788132667541,0.0428534187376499,0.63816,0.48390806,0.12841406,0.3209538459777832,0.40427514259748093
9n6eqv5y,0.0,0.22589441,0.3168373399999999,0.37575784,0.18123433,0.106909096,0.6096881031990051,0.668524980545044,0.4419380724430084,0.5976487994194031,0.10521515,0.17327303,0.02181016,0.0267875902354717,0.29627068475707174
9oi0d4dm,1.0,0.8193563420000001,0.89165741,0.66955084,0.643493,0.5866958,0.931751549243927,0.9028263688087464,0.3054339587688446,0.4882901310920715,0.9710146,0.9350851,0.2719575,0.2679824531078338,0.6680842348478019
9owwew9v,0.0,0.02049709306,0.02185094025,0.18080145,0.008642476,0.019123647,0.0051595866680145,0.0039818766526877,0.0279942974448204,0.0166379157453775,0.009425236,0.013501696,0.00029087404,0.0001881778734968,0.025238097441107457
9ptk4gc4,0.0,0.0171731722,0.0150562897499999,0.18076058,0.014992135,0.02844248,0.0171581842005252,0.0525115542113781,0.0333181805908679,0.0448385402560234,0.021031313,0.018099686,0.0013465813,0.0006989375106059,0.03426366415533849
9rbsv55p,1.0,0.999963618,0.999987795,0.99199307,0.99894345,0.9981432,1.0,0.9994680285453796,1.0,0.9999992847442628,0.9999683,0.99999344,0.90334165,0.9522467851638794,0.9880035643622507
9s3w563b,1.0,0.99842806,0.999572875,0.9215585,0.9989724,0.99843305,0.992329239845276,0.9811844825744628,0.8655182719230652,1.0,0.99981487,0.9992944,0.92138636,0.9460685849189758,0.9709661610970599
9t84azyt,0.0,0.594206288,0.529926685,0.60338306,0.40301943,0.30466467,0.8089281916618347,0.5746656656265259,0.3889506459236145,0.0430074296891689,0.41414213,0.31355354,0.20364577,0.4142447113990783,0.43048755517694015
9tze5r5u,0.0,0.856462892,0.9611955025,0.80633134,0.8326456,0.9954609,0.7794772386550903,0.6507443189620972,0.8342462778091431,0.9999993443489076,0.9878893,0.9085469,0.738513,0.8200674653053284,0.8593522873255123
9uu2bl7a,0.0,0.0309869045999999,0.0362843575,0.22770089,0.005536839,0.09305264,0.0714417621493339,0.1911167055368423,0.022463072091341,0.0106068598106503,0.031648695,0.033569403,0.009861009,0.0073356423527002,0.05935421384929751
9vjuhbp9,1.0,0.999447068,0.999710425,0.9726569,0.999894,0.997188,0.9948443174362184,0.96476149559021,0.9672935009002686,1.0,0.99965084,0.99988437,0.97695476,0.9759825468063354,0.9883282479794641
9yecazrp,0.0,0.0491048774,0.0866141434999999,0.2677443,0.041257296,0.33417702,0.015644147992134,0.0893655344843864,0.0174253471195697,0.0232428926974535,0.026854498,0.038401883,0.17210777,0.0793167576193809,0.09548126675484035
9zxqerbk,1.0,0.123952934,0.1507829235,0.31615904,0.1493968,0.1319116,0.5851333737373352,0.3341240584850311,0.2802266478538513,0.1201700046658515,0.121526055,0.22694421,0.06857397,0.053685575723648,0.20481439945890131
a08ekxdr,1.0,0.999372058,0.9999745625,0.98584414,0.9998336,0.99952805,1.0,0.9956323504447936,1.0,1.0,0.99990535,0.99897313,0.92206305,0.945702075958252,0.9882173359156188
a0mvf4s2,1.0,0.99890975,0.99855658,0.95506495,0.9791217,0.9972299,0.7778430581092834,0.9646864533424376,0.682005763053894,0.9974527955055236,0.9991964,0.99858356,0.95583165,0.9687921404838562,0.9440980538842305
a2iz5p3v,1.0,0.999498998,0.9999218225,0.96513253,0.99892324,0.9939589,0.9999995827674866,0.9997765421867372,0.9999585747718812,1.0,0.9986172,0.9990723,0.96997523,0.970401167869568,0.9919411157944759
a3idy3c7,0.0,0.0457624482,0.0371079735,0.23343045,0.038463082,0.27422702,0.0916304141283035,0.1925335377454757,0.3832905888557434,0.2265906929969787,0.043298982,0.074613854,0.09127943,0.0170904900878667,0.13456299719341294
a5xin9dl,1.0,0.99662266,0.9995896575,0.9471859,0.99928856,0.9941472,1.0,0.999186396598816,0.9898300766944884,1.0,0.99965596,0.9997859,0.99002683,0.9891061782836914,0.9926479476213074
a68t2a3a,0.0,0.087548751,0.09051028,0.29957867,0.021409808,0.072533324,0.2169996201992035,0.1346423774957656,0.3773058652877807,0.0014402798842638,0.04070353,0.035773773,0.091103084,0.0683126747608184,0.11829707981752555
a6s5zxqo,0.0,0.0193778613999999,0.00710903125,0.14367953,0.009803478,0.0038493923,0.002879140432924,0.0072056376375257,0.0167612712830305,0.0009451652877032,0.008662894,0.005390065,0.0022716667,0.0081560164690017,0.018160857673860387
a7dorfki,0.0,0.321133512,0.27608878,0.44942287,0.17670804,0.55767405,0.1228351071476936,0.2627205550670624,0.1284296959638595,0.5187472105026245,0.2710594,0.26313573,0.3615204,0.2453867495059967,0.3042201615528643
a8d7204j,0.0,0.305876186,0.2205279975,0.43321195,0.1519795,0.76506436,0.4425132274627685,0.3982284665107727,0.2400563955307006,0.4917360842227936,0.34825864,0.54269814,0.13264306,0.2284391522407531,0.3616333199590607
addqhkga,1.0,0.989836186,0.995356485,0.85079646,0.9965328,0.98586917,0.99890398979187,0.994529128074646,0.9996733665466307,0.9999713897705078,0.9980309,0.99910176,0.9775499,0.9668191075325012,0.9809977417473966
aea84hxx,0.0,0.050913986,0.0975277069999999,0.14767393,0.02465177,0.22174408,0.06755131483078,0.0424899905920028,0.1921421885490417,0.0257948916405439,0.11966586,0.081839204,0.041792266,0.0163460467010736,0.08693332579334169
aeldwqxk,1.0,0.999866558,0.999914115,0.98624194,0.9999526,0.9910092,0.999513864517212,0.9892839193344116,0.9999979734420776,0.9974158406257628,0.99994546,0.9998424,0.9710617,0.9618788361549376,0.9919941851595694
afeyuhz1,1.0,0.998840376,0.9998251475,0.97137237,0.9991064,0.99832535,0.9999925494194032,0.991443395614624,0.9995425343513488,1.0,0.99993753,0.9998706,0.9255528,0.9371549487113952,0.9862279231997515
ahulwjti,0.0,0.1249320028,0.1159583065,0.32171345,0.19120067,0.019351874,0.1465317457914352,0.0508745424449443,0.2493117600679397,0.408657968044281,0.04537213,0.04313326,0.13081506,0.5546998977661133,0.18481174364728564
aietdn1t,1.0,0.5964165899999999,0.7630095499999999,0.5236989,0.28357157,0.88959885,0.4007344543933868,0.2397858500480651,0.50151526927948,0.4488342106342315,0.94431984,0.83738244,0.10066223,0.1710821837186813,0.5154316875441419
akhejla0,0.0,0.0366191545999999,0.05699483275,0.20669104,0.035226636,0.26472872,0.1101746708154678,0.0474506542086601,0.1352223753929138,0.0901974514126777,0.053108677,0.13438179,0.007938471,0.0281795021146535,0.09283953656110562
aofc9lgy,0.0,0.209857116,0.211266939,0.32108575,0.08131598,0.5362921,0.4766814708709717,0.2826255559921264,0.2958520054817199,0.3318772315979004,0.36693233,0.53881675,0.045014773,0.0688547268509864,0.2897286714456696
aragdx5o,1.0,0.4377584540000001,0.393109735,0.5458455,0.3305802,0.32309633,0.7332545518875122,0.5286220908164978,0.7215027213096619,0.1394994258880615,0.25092423,0.30682033,0.25472087,0.2960533797740936,0.40475290912890977
asifpwio,1.0,0.991277858,0.9951971475,0.9541346,0.99028456,0.9988883,0.9935104846954346,0.9658737182617188,0.9995894432067872,0.9997012615203856,0.9933026,0.98682714,0.9219743,0.8678618669509888,0.9737248677027166
asnwywrr,1.0,0.6978499360000001,0.8881113425,0.52021116,0.52695596,0.99357283,0.7728683352470398,0.6110886931419373,0.3054677546024322,0.9957444667816162,0.98413575,0.87041825,0.47458595,0.6496519446372986,0.7146663363777174
atatj9a3,0.0,0.977916346,0.812467725,0.8669771,0.9010854,0.1810937,0.9999862313270568,0.9971811771392822,0.9989221692085266,0.5263230800628662,0.6598004,0.9544134,0.41972744,0.696530282497406,0.7686480347103953
auxbgk2w,1.0,0.2565009,0.2489509824999999,0.37936747,0.2192601,0.15361743,0.5441637635231018,0.7254542112350464,0.3303239047527313,0.1913555115461349,0.1514042,0.12706785,0.3642058,0.3039594888687134,0.30735627787890213
av6763v1,1.0,0.999990266,0.999987875,0.99867105,0.9997891,0.9979471,1.0,0.999951720237732,0.9999948740005492,0.9999945759773254,0.9999953,0.9999998,0.9822184,0.9948477745056152,0.9979527719785556
az39pecn,0.0,0.33819615,0.345070035,0.47478372,0.26854688,0.23757626,0.120912879705429,0.423455536365509,0.5446487665176392,0.4165867567062378,0.39768842,0.16528042,0.48032922,0.6361513137817383,0.37301741215973494
az5uh80q,0.0,0.388538,0.166838624,0.5290114,0.24478541,0.4503402,0.2040069550275802,0.3991395235061645,0.1750801652669906,0.609492301940918,0.1420569,0.34983498,0.11779395,0.2914308309555053,0.3129499415920891
b0oih5cs,1.0,0.993976206,0.998021945,0.8855574,0.969609,0.99257064,1.0,0.9999319911003112,1.0,1.0,0.9931973,0.9968456,0.92807513,0.9524219632148744,0.9777080134857836
b1qx6gvw,0.0,0.093688489,0.10056013875,0.26117146,0.19937132,0.12804727,0.0445712991058826,0.2244621813297271,0.4925524294376373,0.3177318274974823,0.18090208,0.0755901,0.10441332,0.1072449162602424,0.1792543716446901
b2knftu2,1.0,0.999992722,0.99999513,0.99819994,0.99975663,0.996722,1.0,0.9940237998962402,1.0,1.0,0.99999696,0.9999987,0.9352014,0.9672247767448424,0.9916237737416217
b34kuqaa,1.0,0.884702076,0.9323886025,0.6739221,0.81013095,0.86467624,0.7734399437904358,0.7729035019874573,0.1436500251293182,0.099985085427761,0.84126186,0.77350295,0.8581958,0.7626821398735046,0.7070339442083444
b48wumh9,0.0,0.1149735886,0.1184410599999999,0.2615913,0.07509059,0.16781387,0.3329916596412658,0.2019812762737274,0.2090302109718322,0.2397077232599258,0.1534255,0.14397375,0.06961347,0.1408763229846954,0.17150079397934204
b5jfysyz,0.0,0.0332330917999999,0.0425449245,0.20295003,0.032381102,0.045983076,0.0331494212150573,0.0851325914263725,0.0359506867825984,0.0358637757599353,0.18834537,0.058751047,0.016678773,0.0251982901245355,0.06432016766219223
b6lbu9w3,1.0,0.999243354,0.9944722175,0.97032404,0.9926201,0.99032605,0.9964081048965454,0.9600260853767396,0.9990049600601196,0.3533608615398407,0.99947655,0.9991168,0.9745157,0.9685932397842408,0.938268312550576
b7p9jyqn,1.0,0.69739732,0.7772683625000001,0.67943895,0.76090705,0.23399167,0.4689862728118896,0.4031981825828552,0.4408595860004425,0.561936616897583,0.56548035,0.5610652,0.49347678,0.6284345984458923,0.5594185337875895
ba5mf36b,0.0,0.0158648243999999,0.0151680985,0.19806874,0.0058292504,0.07740185,0.0021614558063447,0.0146710900589823,0.0032513649202883,0.0613206028938293,0.018202774,0.03736239,0.014972236,0.0007697735563851,0.03577265004121766
ba75uuzp,0.0,0.0168833858,0.02984860075,0.115392014,0.011628212,0.019277897,0.0137292984873056,0.0245541427284479,0.0125269489362835,0.0026114685460925,0.0117098605,0.007965848,0.001460318,0.0055610528215765,0.021011465197669697
badlypgg,0.0,0.0447370028,0.042078929,0.2550501,0.17902902,0.042939164,0.6334320902824402,0.7543267607688904,0.6253229975700378,0.0943454131484031,0.013340467,0.011436792,0.009492899,0.0051350318826735,0.20851282057326503
bbxux1ox,0.0,0.98045969,0.9684272625,0.762069,0.90918934,0.87728417,0.7666685581207275,0.9227644205093384,0.634434700012207,0.0914144217967987,0.95268494,0.97388744,0.8120602,0.821101725101471,0.8055727590800418
bc2swsoz,1.0,0.874257142,0.9069303675,0.70013857,0.9530914,0.5465909,0.6272761821746826,0.736286997795105,0.7243577837944031,0.9249252080917358,0.7423766,0.76538265,0.6866373,0.6523008346557617,0.7569655335393609
bd2qe4pa,0.0,0.094840274,0.064490971,0.22762641,0.068613455,0.081312485,0.0037189580034464,0.1265646964311599,0.0127403186634182,0.1990362256765365,0.21084982,0.13142437,0.1424407,0.299926221370697,0.12796806962655832
be3yqy5f,1.0,0.98668554,0.98943162,0.82468796,0.99712235,0.9533271,0.9830322861671448,0.9592207074165344,0.9901300668716432,0.9993601441383362,0.9773235,0.9937911,0.8888286,0.8149996399879456,0.9506108165062773
bekgv1bb,1.0,0.999988768,0.99998809,0.99377024,0.99997604,0.9985869,0.9999998211860656,0.9995501041412354,0.999521553516388,0.9999998807907104,0.9998726,0.9999539,0.9550241,0.9864041805267334,0.9948180366295659
bfa37dl9,0.0,0.8139973699999998,0.763108165,0.70080227,0.47116396,0.71820956,0.6080389022827148,0.7610814571380615,0.1294666677713394,0.1000114977359771,0.8289835,0.8890748,0.15914594,0.106029063463211,0.5422394733377925
bfej2xg4,0.0,0.148070029,0.1343420275,0.347376,0.22949536,0.12974666,0.2067504972219467,0.1842131316661834,0.2264215499162674,0.309035062789917,0.088303015,0.093431175,0.20914707,0.2901658415794372,0.19973057074413478
bfiy5pu5,1.0,0.999064828,0.999466665,0.9745792,0.9978546,0.9915488,1.0,0.999816119670868,1.0,0.9999998807907104,0.99859875,0.9988166,0.91712236,0.9613483548164368,0.9875548674990235
bgl2mcxn,1.0,0.999998768,0.999996625,0.99799454,0.9972521,0.9996934,1.0,0.9999642372131348,1.0,1.0,0.9999996,0.9999963,0.9633412,0.9746139049530028,0.9948343903973951
bglmy62x,0.0,0.7615991999999999,0.785109715,0.6301611,0.5107068,0.9303177,0.6832699179649353,0.5756565928459167,0.4682420492172241,0.956879496574402,0.8915801,0.8981328,0.6581185,0.3523683845996856,0.7001647966309357
bhaiiwi0,1.0,0.999978574,0.999972825,0.9964567,0.99978757,0.9997239,1.0,0.9998614192008972,1.0,1.0,0.9999987,0.99986064,0.9815985,0.9885450005531312,0.9973677560580022
bhgpbktm,0.0,0.0459523513999999,0.04906573975,0.21408115,0.13788635,0.2008416,0.0053709275089204,0.015370050445199,0.0331346988677978,0.0197477471083402,0.08435081,0.038721155,0.005880319,0.0105835767462849,0.06622972890973403
bjcdiwzo,1.0,0.85478182,0.923161375,0.77799535,0.8871347,0.6147946,0.7284791469573975,0.7285835146903992,0.9874361753463744,0.467177152633667,0.52996606,0.727008,0.5176089,0.509598433971405,0.7118250175845572
bkvblpxa,0.0,0.30668626,0.2107552475,0.3761416,0.059915237,0.13302499,0.1282349675893783,0.0138517180457711,0.1312676668167114,0.0361958891153335,0.27493846,0.21477404,0.070637256,0.2271273285150528,0.16796543542940362
bl4ce7pk,1.0,0.999636358,0.99990654,0.97682506,0.9995533,0.9932666,0.9994812607765198,0.999437689781189,0.8236218094825745,0.9990608096122742,0.9997871,0.99992096,0.94212997,0.985143542289734,0.9782900769186379
bmae38sr,0.0,0.881910418,0.7797680499999999,0.6753173,0.6309475,0.66774225,0.3049262166023254,0.505387008190155,0.9246357679367064,0.1935653388500213,0.82713914,0.8663628,0.58968043,0.4553280770778656,0.6386700228197749
bpg2r0to,0.0,0.1165389729999999,0.08268956775,0.32526118,0.10039218,0.36494148,0.1061563044786453,0.0744643211364746,0.042737953364849,0.3756486475467682,0.17825082,0.2979422,0.14790635,0.3025922179222107,0.19350170732299596
brmqg1ve,1.0,0.993592514,0.994389875,0.8771167,0.9826616,0.9680542,0.9992027878761292,0.99699604511261,0.9999209046363832,1.0,0.99676335,0.9978981,0.9762776,0.976277232170105,0.9814730699073251
brspj4ki,1.0,0.99996868,0.9999843575,0.9938483,0.999648,0.9980301,1.0,0.9988014101982116,0.9997742772102356,0.9994961023330688,0.99992657,0.9999976,0.99329275,0.9893662929534912,0.9978564184765392
bs7587h9,0.0,0.0963414067999999,0.04118447525,0.343125,0.10072147,0.013118021,0.1086233034729957,0.3019210696220398,0.0366955064237117,0.3994104266166687,0.031313963,0.012171725,0.013283433,0.0040390482172369,0.11553452680020407
bsepr1b2,0.0,0.0440341038,0.036821789,0.2542679,0.013333602,0.059826232,0.1766324639320373,0.1107744574546814,0.1535421162843704,0.0023812786675989,0.03260507,0.06509115,0.001165386,0.0005760398926213,0.07315781454086996
bsvk3x8m,0.0,0.0084425874,0.0101124918499999,0.07907968,0.0037950866,0.0086963605,0.0136360833421349,0.0138228209689259,0.0077384235337376,0.0001949906436493,0.012147973,0.0039336714,0.00049285346,0.0002109939960064,0.012484924361111847
btgdjz0i,0.0,0.71362058,0.6061482325,0.5710742,0.3908509,0.6628096,0.8283510804176331,0.6868282556533813,0.64023756980896,0.6214950084686279,0.44762385,0.42584547,0.32935512,0.5598697066307068,0.5757007364214853
btr23qiu,1.0,0.0536071433999999,0.06875289375,0.16926906,0.121580355,0.8040221,0.011040904559195,0.1043197810649871,0.0121573153883218,0.9882256984710692,0.19110814,0.06327485,0.45961505,0.3257929980754852,0.25944356074685065
bugr6e7g,1.0,0.983040788,0.966235625,0.8931502,0.9896759,0.93444383,0.9197705388069152,0.9651315212249756,0.996864378452301,0.9856677651405334,0.8884417,0.95857644,0.9539852,0.8243457078933716,0.9430253534244689
bv2j3t4h,1.0,0.16404358,0.1009230425,0.34859043,0.16622883,0.058240525,0.1136771440505981,0.1841120421886444,0.1490717679262161,0.3819251954555511,0.101092756,0.038572278,0.036824778,0.0341691486537456,0.1444208859826735
bxanj4x5,1.0,0.62598157,0.6477486425000001,0.56027186,0.52723956,0.9889785,0.7800403833389282,0.7100428342819214,0.9714994430541992,0.9966378808021544,0.90359056,0.7998557,0.9530808,0.8826929330825806,0.7959738974661371
by4ubzcz,0.0,0.2275547239999999,0.1536788425,0.3705155,0.120330244,0.43620163,0.1273429840803146,0.1504576951265335,0.0717292129993438,0.6849867701530457,0.19187775,0.19405773,0.09905501,0.1096132025122642,0.22595394579780784
bzgflig5,1.0,0.8703627660000001,0.8887976125000001,0.6657922,0.72787905,0.34109694,0.7440502047538757,0.6650028228759766,0.4646870195865631,0.2204411327838897,0.7311058,0.7519705,0.30316162,0.5309582948684692,0.608100458720675
bzug0it2,1.0,0.93994095,0.9088491925,0.7336856,0.8462784,0.7824863,0.6300561428070068,0.922809362411499,0.9111436009407043,0.7997605800628662,0.95143914,0.98456305,0.84948874,0.830498456954956,0.8531538088982332
c11ertj5,1.0,0.999913566,0.999807015,0.9890945,0.9999897,0.99534434,1.0,0.999458909034729,0.9999955296516418,0.9967734813690186,0.9952897,0.99973524,0.9508234,0.9908493161201476,0.9936210536288874
c1m3o55i,1.0,0.025374733,0.0317022145,0.20077178,0.010668667,0.05077005,0.0300641469657421,0.0427068583667278,0.0478029698133468,0.2526383996009826,0.020200212,0.07498488,0.030237747,0.0250695776194334,0.06484555660509483
c1y5ayyo,1.0,0.960194434,0.984623315,0.78719544,0.9921766,0.8791511,0.9666810631752014,0.9636086225509644,0.9799308776855468,0.9986374974250792,0.98138267,0.9742088,0.89569414,0.9438074827194214,0.946714772504324
c2guwjp0,0.0,0.4862419799999999,0.47239997,0.49809742,0.5501753,0.11953132,0.5884544849395752,0.1859749853610992,0.4281885325908661,0.3895968198776245,0.38561085,0.5329714,0.38670677,0.2686615884304046,0.40712395547689
c2keivli,1.0,0.9778986,0.99935249,0.92937076,0.9743014,0.9991938,1.0,0.9994657635688782,1.0,1.0,0.9998224,0.9953995,0.880571,0.9065386056900024,0.9739931784045293
c2rh2xk2,1.0,0.999826748,0.9998799775,0.98846495,0.9984839,0.9995483,0.9997427463531494,0.9905293583869934,0.7557751536369324,0.9999594688415528,0.99910665,0.9998781,0.97085595,0.9502720832824708,0.9732556450770078
c37rln36,1.0,0.999980114,0.9999532475,0.9867313,0.9999779,0.99457264,0.9990035891532898,0.9776145815849304,0.9927409291267396,1.0,0.9999716,0.99999297,0.9707496,0.9760090708732604,0.9920997340183246
c50b8y5d,0.0,0.3729933559999999,0.62176337,0.4826703,0.3471333,0.8146293,0.0704338103532791,0.380501925945282,0.4007940590381622,0.8037615418434143,0.8164177,0.53271997,0.48565945,0.3883879482746124,0.5013743101119039
c5rqnsvs,0.0,0.176369678,0.27354236,0.40784034,0.14265116,0.19597551,0.474461555480957,0.5874990224838257,0.5171751379966736,0.0415912792086601,0.36290964,0.21928354,0.150538,0.0970691666007042,0.2805312607516016
c76ub7l8,1.0,0.99771208,0.99857614,0.9306333,0.98939824,0.99875975,0.9405995011329652,0.9994959831237792,1.0,1.0,0.99959433,0.99826753,0.9266199,0.925000786781311,0.9772811954644658
c7jvlcg1,1.0,0.7287993439999999,0.7071359075000001,0.65677416,0.56210643,0.630281,0.958456575870514,0.8441770076751709,0.5407516360282898,0.3197634816169739,0.7782761,0.9219819,0.57439876,0.7277806401252747,0.6885140725243248
c8nog85d,0.0,0.0826025312,0.0556440555,0.26637217,0.029400866,0.062938504,0.017047869041562,0.0429446250200271,0.0712645277380943,0.2810456454753876,0.017257184,0.011629209,0.04221438,0.0143240289762616,0.07651427661164098
c9h42m44,1.0,0.99988987,0.999812795,0.9898499,0.99982285,0.99271905,1.0,0.9863495826721193,1.0,1.0,0.99983525,0.99982035,0.9773311,0.9916520714759828,0.9951599860883156
cagrp2u4,0.0,0.0775744442,0.08135005575,0.22868055,0.16383368,0.026148083,0.0979589521884918,0.0653523728251457,0.1318803578615188,0.0651101469993591,0.12112707,0.199711,0.01020913,0.0498171001672744,0.10144253407629153
ccprhvlz,1.0,0.277303592,0.162834115,0.3671298,0.266842,0.10242792,0.1790175288915634,0.1554463356733322,0.283476322889328,0.0849591866135597,0.14820164,0.09953654,0.31473994,0.3482924401760101,0.21463133548029184
cd31nrxd,0.0,0.0376612556,0.0297924275,0.20692505,0.0071996916,0.5432789,0.0975627526640892,0.2656831741333008,0.3904806077480316,0.716521143913269,0.020750292,0.12901863,0.030111387,0.082237534224987,0.1967094497218214
cd5glqj5,1.0,0.95199558,0.9303756025,0.86082804,0.93312305,0.6615437,0.4875849783420563,0.6393413543701172,0.2984374463558197,0.9140055179595948,0.9150224,0.9602611,0.66317964,0.7695192694664001,0.7680936676149224
cdyk0x65,1.0,0.905687128,0.94598975,0.71743953,0.85229945,0.84477556,0.5938912630081177,0.3259705305099487,0.4499919712543487,0.714623212814331,0.9387427,0.91703033,0.45020777,0.7632873058319092,0.7246105001091274
cgdc5tao,1.0,0.999920132,0.9999315625,0.9896597,0.999994,0.9958608,0.9993979930877686,0.9987652897834778,1.0,0.9999998807907104,0.9996611,0.99993485,0.9882654,0.9809567928314208,0.9963342784771283
cho3xjvo,1.0,0.999994944,0.99999133,0.9965503,0.9999661,0.99664223,0.9999645948410034,0.9989571571350098,0.9960222840309144,1.0,0.99999106,0.9999969,0.98803747,0.9910975098609924,0.9974777599898401
cj4t0sek,0.0,0.0123956067999999,0.0251504969999999,0.09512898,0.008728672,0.35165283,0.0175406392663717,0.0278980787843465,0.0099732829257845,0.4080474078655243,0.11276764,0.029840644,0.022836694,0.0324537307024002,0.0888011310264944
cjg8vuaz,1.0,0.998204322,0.99842926,0.9386632,0.9991677,0.9876391,0.9852154850959778,0.9805057644844056,0.9719316959381104,0.9999985694885254,0.9834104,0.97897065,0.920146,0.9796429872512816,0.9786096257121768
cjwtl9tq,1.0,0.998857648,0.999697,0.9466458,0.9940736,0.9975704,0.9976029396057128,0.9974290132522584,1.0,0.9282819628715516,0.9999315,0.9995001,0.8692707,0.8768773674964905,0.969672079325078
cof3138i,1.0,0.2295768859999999,0.06475454125,0.41527456,0.27744237,0.2184479,0.0722548142075538,0.2692978382110595,0.1340198218822479,0.8197353482246399,0.11987715,0.27660882,0.054125957,0.3022945523262024,0.250285427623208
cpprcjiw,1.0,0.999946786,0.999976225,0.98966324,0.9996933,0.9986307,0.9994508624076844,0.9951595067977904,0.9997625946998596,0.9995489716529846,0.99998134,0.9999973,0.9446782,0.951447606086731,0.9906105102034654
cpsiln3o,1.0,0.959908668,0.943663635,0.80423594,0.8947997,0.77308977,0.8726254105567932,0.9059069752693176,0.6670500636100769,0.8148446679115295,0.9834192,0.99011296,0.72927254,0.8889303803443909,0.8636815315917008
cpweijmm,1.0,0.999664452,0.99994155,0.9711273,0.99990004,0.9988793,1.0,0.9992381930351256,0.9996832609176636,1.0,0.9996362,0.9994998,0.95187145,0.9527276158332824,0.9901667047527748
cqxcs1xs,0.0,0.2587839899999999,0.3106277175,0.42922515,0.30075076,0.5897825,0.3598262369632721,0.1690796166658401,0.1890528947114944,0.8469506502151489,0.2049933,0.15959947,0.5981081,0.5216767191886902,0.3798813157880343
cslqc3c5,0.0,0.0200137658,0.015754482875,0.166969,0.025957357,0.02057761,0.0198767092078924,0.0350710451602935,0.0512678734958171,0.0027086271438747,0.014587122,0.0050683403,0.0021878914,0.0029605554882436,0.029461567682393944
ctwjlsh3,0.0,0.0619982774,0.056975687,0.18324186,0.023495369,0.01890517,0.0696844384074211,0.1276914179325103,0.018632173538208,0.0476301200687885,0.029403707,0.029295463,0.020202871,0.0082954131066799,0.05349630518873907
cua09pci,1.0,0.999797308,0.9999385675,0.95413506,0.99970925,0.996601,1.0,0.9996469020843506,1.0,1.0,0.9999397,0.99987775,0.9316988,0.9693647623062134,0.9885158538377357
cv1ltwbj,0.0,0.0216699748,0.0151807765,0.1943124,0.013903445,0.076344624,0.0263158436864614,0.0813574120402336,0.0503506436944007,0.0286694429814815,0.012797105,0.015630964,0.0017331106,0.0001512142771389,0.04141668896767047
cw2lbm2q,1.0,0.99976046,0.9996420675,0.9758933,0.99667823,0.991645,1.0,0.9999828934669496,0.9995031356811525,0.9474690556526184,0.9996799,0.9998017,0.9875959,0.992554485797882,0.9915542406229694
cw9yil8s,1.0,0.995951152,0.997864025,0.9098077,0.9928776,0.99921477,0.9999982714653016,0.9990690350532532,0.9998199939727784,0.9999991059303284,0.99873054,0.9970304,0.93243223,0.9211774468421936,0.980305551102579
cwbfuk9e,0.0,0.1513001949999999,0.15250661,0.32849807,0.23043105,0.29704362,0.104470208287239,0.1151750460267067,0.4214805066585541,0.1395519226789474,0.34102476,0.3997,0.39680374,0.5354669690132141,0.27795789982035857
cxz2ei92,1.0,0.84126387,0.9270156825,0.6566825,0.88804245,0.2945857,0.9283853769302368,0.7052722573280334,0.9730852842330932,0.903469741344452,0.93218225,0.8153343,0.8292388,0.8952634930610657,0.814601669645914
d05jh2mk,1.0,0.999861072,0.99981145,0.97886974,0.9745424,0.9961312,1.0,0.9978910684585572,0.9999974370002748,0.9999991655349731,0.99985456,0.9985477,0.6764471,0.7618910670280457,0.952603291883606
d0tgsiwg,1.0,0.999947198,0.9999961875,0.9911826,0.99995935,0.9969182,0.9999998807907104,0.9974037408828736,0.9999969005584716,1.0,0.99998045,0.99985325,0.9459476,0.9882199764251708,0.993800265643578
d14ve92m,1.0,0.840857604,0.86248789,0.7061758,0.5127549,0.91684645,0.785055935382843,0.7614129781723022,0.7538219690322876,0.9999988079071044,0.9035795,0.7955541,0.7656169,0.7923128008842468,0.7997288950291372
d2ff5l6b,0.0,0.0392767382,0.0362911965,0.26535675,0.091141775,0.1340506,0.0383821614086627,0.0540070384740829,0.0583622902631759,0.00838955771178,0.034587957,0.07013792,0.030145727,0.0560403876006603,0.07047462301218169
d2sw24wj,1.0,0.8891244319999998,0.9337776125,0.74015,0.60927504,0.9878716,0.8197302222251892,0.8121260404586792,0.993304967880249,1.0,0.98779106,0.9555369,0.6832043,0.5702160596847534,0.844777479596067
d32lx2to,0.0,0.0160522197999999,0.02140687,0.16113456,0.014632611,0.13218151,0.0118430582806468,0.0402068085968494,0.1041553914546966,0.0065423562191426,0.04089156,0.021632958,0.0042223055,0.0037289187312126,0.04451008673711908
d3irvxd2,0.0,0.103190845,0.079323687,0.36752194,0.2987665,0.22571905,0.0618245191872119,0.148793414235115,0.0686366260051727,0.0200611986219882,0.08382592,0.05588142,0.4569669,0.0433407947421073,0.15491175498396884
d44k1j6f,0.0,0.0522046453999999,0.03899762975,0.25500727,0.061949022,0.022454116,0.0142826102674007,0.1456233859062194,0.0297844763845205,0.0031391123775392,0.067363665,0.021055445,0.009484395,0.0056026373058557,0.055919108491656565
d7x48wze,0.0,0.340496642,0.33596838,0.42702377,0.4058524,0.6283908,0.552151620388031,0.4891630709171295,0.4772273302078247,0.3755868077278137,0.3728655,0.36428446,0.45170212,0.6514448523521423,0.45170444258407244
d7yxw1tb,1.0,0.994766652,0.999504475,0.9356492,0.99406576,0.9927573,0.9999998807907104,0.9999596476554872,0.9927587509155272,0.9999152421951294,0.9980129,0.99908906,0.98023856,0.9861799478530884,0.9902228073553255
d84u89yj,1.0,0.999248312,0.999756475,0.96717656,0.9870962,0.9826237,0.8213874101638794,0.9867585301399232,0.8625690340995789,1.0,0.9998071,0.9998584,0.8692084,0.8547170162200928,0.9484773952018056
d8clw3jg,1.0,0.801944194,0.8409067475,0.6905657,0.62887126,0.78817034,0.4571362137794494,0.5436912775039673,0.6646839380264282,0.5431327223777771,0.9338248,0.8327496,0.41828018,0.5513176918029785,0.6688672819223539
d8ur6tia,0.0,0.092973328,0.070910665,0.21602818,0.0957179,0.46095455,0.0672497749328613,0.0990363731980323,0.1419634521007537,0.5025535821914673,0.22850183,0.19707264,0.10558239,0.35246542096138,0.20238539126034574
d9er94te,1.0,0.999964372,0.99991432,0.9868691,0.9982123,0.9971256,1.0,0.9998140931129456,1.0,1.0,0.99996,0.99998534,0.9560628,0.9923455119132996,0.9946346490020188
dbdw2pcn,1.0,0.9995063,0.9986336075,0.95580405,0.9898246,0.9797553,0.9975352883338928,0.9889917373657228,0.9446572065353394,0.802589476108551,0.99899757,0.99987626,0.95769095,0.9869204759597778,0.9692909862925603
de1e1630,1.0,0.9850359,0.9995721,0.91791844,0.99916327,0.999336,0.999998927116394,0.9262269735336304,0.995315670967102,1.0,0.99971557,0.9986601,0.89380765,0.9546076059341432,0.9745659390424054
df7fr91i,1.0,0.4635486,0.4057600524999999,0.50738966,0.26914075,0.5605854,0.7359942197799683,0.5426375865936279,0.8622686266899109,0.3703810274600982,0.57090855,0.83730495,0.546676,0.4801256656646728,0.550209314514483
df7pchcb,1.0,0.998562398,0.999500755,0.9510697,0.99953574,0.9959012,0.9999977350234984,0.998671531677246,0.999965250492096,0.9999859929084778,0.99964243,0.9997157,0.98527133,0.9994173049926758,0.9944028513918457
dfovd79c,1.0,0.83092378,0.7672834824999999,0.6997657,0.7818105,0.05103807,0.6592509150505066,0.25272136926651,0.5946365594863892,0.1852229088544845,0.5434879,0.6173413,0.7099775,0.8488733768463135,0.5801794893849387
dg1wjuii,1.0,0.139493916,0.39242526,0.30164373,0.13911708,0.2796125,0.1672590374946594,0.3555111587047577,0.462751179933548,0.8204097151756287,0.2841796,0.29338866,0.17823291,0.067304216325283,0.2985637664333751
dhgzz0jk,1.0,0.999946438,0.9998909525,0.98590475,0.995113,0.9984604,1.0,0.9996747970581056,1.0,1.0,0.9999758,0.9999642,0.96528697,0.9655030369758606,0.9930551803487666
dhvs41lq,1.0,0.1075428049999999,0.069412148,0.29431486,0.13176471,0.08030361,0.0113865127786993,0.0200757663697004,0.0976642146706581,0.0064871120266616,0.04696118,0.043447092,0.03293304,0.0128365810960531,0.07347151014936709
dhylurtp,0.0,0.378289208,0.4018361849999999,0.5323281,0.11326525,0.2995773,0.2888016104698181,0.6261951327323914,0.4668916761875152,0.7212180495262146,0.4741078,0.19790135,0.07370688,0.0858826786279678,0.3584616323495314
dihsa7he,1.0,0.0805387304,0.16326753,0.260461,0.074859016,0.767223,0.3166154026985168,0.4850361347198486,0.6929336786270142,0.6494163274765015,0.3948956,0.24852574,0.2535963,0.3868230283260345,0.36724549909599347
diu1jtka,0.0,0.1787741002,0.1926360575,0.3155759,0.1596173,0.53665113,0.6509270071983337,0.6879575252532959,0.8096045255661011,0.2506056427955627,0.3461307,0.14661509,0.034220427,0.0746705383062362,0.33722968798611774
dkejp5k7,1.0,0.994125786,0.98662675,0.9028652,0.9677907,0.98739547,0.9976094961166382,0.9995413422584534,0.999850571155548,0.8836054801940918,0.9880156,0.9953167,0.91022563,0.9481945633888244,0.966243329931812
dkvuff12,1.0,0.995074154,0.9964110175,0.8847718,0.99236465,0.99695134,0.9793708324432372,0.9492693543434144,0.98562490940094,0.9999958276748656,0.9978659,0.99879706,0.87079024,0.9316822290420532,0.9676130241849622
dl7fkndg,0.0,0.1129295335999999,0.0696361515,0.2852794,0.16345108,0.013474289,0.010494215413928,0.0011955816298723,0.0043974998407065,0.0014105713926255,0.04718989,0.051633637,0.05100099,0.1415439844131469,0.0733566787530984
dn1mxf1p,0.0,0.08489193,0.0725161905,0.28587288,0.062361877,0.12889881,0.4548839926719665,0.4057122766971588,0.3029379844665527,0.1213709861040115,0.11152756,0.08255383,0.09604681,0.2507892549037933,0.1892587986418064
do0d3fvn,1.0,0.999954464,0.9998331475,0.99148905,0.99972105,0.99753046,0.9999591708183287,0.9999030828475952,1.0,1.0,0.9993697,0.99995196,0.92658037,0.8892518281936646,0.9848878679507376
do7002g3,1.0,0.99100926,0.9960262725,0.88933665,0.950007,0.9325073,0.9998064637184144,0.7821767330169678,0.9905182123184204,0.910741090774536,0.99371606,0.99781084,0.92126465,0.9443514943122864,0.946097848203125
dpdxujjc,0.0,0.0620785619999999,0.10375004325,0.23654023,0.08049242,0.48659426,0.0718971043825149,0.0484556294977664,0.1317522525787353,0.0851870253682136,0.0533835,0.089826584,0.085483246,0.0933797135949134,0.12529389005170338
dtbh55rb,0.0,0.1885180099999999,0.1494182615,0.3533056,0.15555269,0.056324642,0.0840613394975662,0.0245108474045991,0.1639441847801208,0.3522605001926422,0.12822846,0.16834198,0.20352073,0.2308595329523086,0.17375744448671054
dvlnknd6,0.0,0.558174516,0.5424941925,0.45463267,0.47779977,0.17892206,0.2029112875461578,0.1912416815757751,0.4951376020908355,0.5468149185180664,0.5868796,0.29466718,0.349648,0.598642110824585,0.42138196838887837
dwwo8nbh,1.0,0.998827156,0.9988420975,0.961593,0.9937599,0.9996288,0.9999976754188538,0.9986807703971864,0.999999701976776,0.999999701976776,0.99968445,0.999959,0.86930823,0.9267326593399048,0.9805393645119957
dyms1mwn,1.0,0.999706704,0.9996567325,0.96421814,0.9932809,0.9908886,0.9994694590568542,0.9984490871429444,0.9041330218315125,0.9954938888549804,0.9996658,0.9996716,0.9658874,0.9753183126449584,0.9835261266177885
dyt9moge,0.0,0.029374351,0.03734612325,0.15478685,0.036831506,0.17729838,0.121055968105793,0.0995862185955047,0.0553755015134811,0.0518931895494461,0.15534166,0.04647394,0.1645897,0.1874072849750518,0.10133543638379053
dzr1yxr2,1.0,0.997615,0.999031305,0.930007,0.9957354,0.9990783,0.9902785420417786,0.9871772527694702,0.9999830722808838,0.9969696998596193,0.99899215,0.9978136,0.8903124,0.8742191791534424,0.9736317616234764
e088o98b,0.0,0.032054374,0.05760340425,0.22175716,0.121814474,0.22963428,0.1510206013917923,0.1163012981414794,0.3509899079799652,0.1978833526372909,0.06908781,0.074707404,0.063886836,0.0869139581918716,0.13643498927633843
e0qc96mj,1.0,0.999759252,0.999953225,0.97990066,0.9997039,0.9979546,0.9999998807907104,0.9999596476554872,0.99971604347229,0.9999995827674866,0.999709,0.99992645,0.9367236,0.9119321703910828,0.9865566575783739
e13n3bzt,0.0,0.055317706,0.03984449875,0.21874821,0.04723717,0.46145684,0.0126335006207227,0.1727030724287033,0.0093554686754941,0.0865787491202354,0.18035471,0.090640396,0.013902323,0.0258709453046321,0.10881873768459906
e1xtar0k,1.0,0.871368822,0.902161785,0.6626359,0.8217386,0.75471336,0.7015437483787537,0.9146958589553832,0.9995782375335692,0.9118320941925048,0.9638442,0.9616319,0.8634106,0.8149731159210205,0.8572406324600947
e27zeoqg,1.0,0.99981584,0.999810725,0.9864309,0.99985576,0.9952749,0.9999988079071044,0.9993621706962584,0.9999804496765136,0.9999576210975648,0.9999199,0.99999386,0.98761296,0.9806201457977296,0.9960487723211671
e2gjr81b,0.0,0.308131206,0.3797387275,0.3825815,0.3312678,0.75590837,0.3261946141719818,0.4032672643661499,0.101290538907051,0.3496219217777252,0.4176179,0.668319,0.3922792,0.3633859753608703,0.39843107831413677
e49ite92,1.0,0.470219618,0.5437853724999999,0.5039624,0.4552691,0.55519927,0.7017570734024048,0.7923372387886047,0.4209219217300415,0.743463933467865,0.49374485,0.7373471,0.32241005,0.1850973218679428,0.5327319422889891
e54ukigd,0.0,0.056913012,0.035177277,0.2558579,0.021614451,0.03121379,0.0041301064193248,0.0450315736234188,0.0908581763505935,0.0004253125516697,0.03176055,0.03205121,0.00071679475,0.0001695849787211,0.046609210667209834
e63lbqgu,0.0,0.0914569892,0.0739688302499999,0.2550886,0.09322422,0.14371318,0.1685213446617126,0.2486413866281509,0.3179956972599029,0.0644991993904113,0.07283426,0.2075317,0.049292803,0.1741894781589508,0.15084289911916376
e64skbcb,1.0,0.323260876,0.4030189774999999,0.48243344,0.42624545,0.7731831,0.1924368441104889,0.416398137807846,0.3920634686946869,0.9137454032897948,0.3908761,0.5725389,0.22089018,0.2671504020690918,0.44417240611322373
e6zvlhyl,0.0,0.0395688594,0.136908976,0.17951977,0.0359226,0.41715246,0.0192609559744596,0.0287431888282299,0.0083407443016767,0.09406328946352,0.09938521,0.037628256,0.035191458,0.0373624376952648,0.08992678505101162
e9i0hn3f,1.0,0.7643719119999999,0.7664133275,0.53218424,0.9699708,0.97195303,0.9999867081642152,0.9927315711975098,0.9666922688484192,0.9985581040382384,0.941792,0.8355223,0.8125162,0.820746123790741,0.8748798911953171
e9qdi3g1,0.0,0.085899914,0.0417103887499999,0.2870279,0.20023088,0.123057544,0.0506213419139385,0.0614364258944988,0.0559688583016395,0.0278373025357723,0.08075689,0.076443106,0.14887333,0.1686174273490905,0.10834471605730304
e9vifttd,1.0,0.279006528,0.39870021,0.3913237,0.1810624,0.47491533,0.2660039365291595,0.1222978606820106,0.4619917273521423,0.4251128137111664,0.57225317,0.72061574,0.29239708,0.2614140808582306,0.3728534290102084
eal2w37d,0.0,0.2249061019999999,0.52533826,0.37701842,0.14398542,0.7581197,0.0764772146940231,0.2108958214521408,0.202916607260704,0.6997339725494385,0.40620974,0.12810338,0.36366725,0.0868906080722808,0.3234048073868144
eavedhr3,0.0,0.124399976,0.126415705,0.38358897,0.16491924,0.11059235,0.0137746976688504,0.0993833690881729,0.0685748383402824,0.009672681801021,0.06069165,0.027723176,0.0065650344,0.0285649597644805,0.09422051138944669
eaxylnfx,0.0,0.0907137138,0.0589559135,0.26407444,0.08417337,0.22834802,0.0978573337197303,0.0185276083648204,0.0757715478539466,0.0411752574145793,0.14824682,0.104861476,0.12655604,0.1737314015626907,0.11638407247813597
ecjtr0m6,0.0,0.466682882,0.490556515,0.4603947,0.35904753,0.51542896,0.9111477136611938,0.4817526936531067,0.5038923025131226,0.2865710258483886,0.5372149,0.2742418,0.53215134,0.5834111571311951,0.49249950152361593
ed8u8noz,0.0,0.0545369687999999,0.10405508675,0.19978577,0.07387574,0.010673607,0.3153668642044067,0.1556537598371505,0.5210734605789185,0.2671435177326202,0.11224809,0.03757409,0.12893364,0.0720355063676834,0.15791970009775222
edbcy8ny,1.0,0.8159140760000001,0.94942745,0.6503479,0.8250967,0.8966836,0.989806354045868,0.6426455974578857,0.7989904284477234,0.9999263882637024,0.94747794,0.9092608,0.8144932,0.8319055438041687,0.8516904598476421
edhhjshz,0.0,0.0088193824,0.0080975073999999,0.13359286,0.008610832,0.0040884973,0.0053792404942214,0.0021604862995445,0.0038388506509363,0.0001889757404569,0.0030014971,0.0023598764,0.000504124,0.0004941609804518,0.013933560828123907
ef828xg8,1.0,0.64351105,0.50516087,0.6043103,0.75974584,0.3566849,0.956594467163086,0.9472090601921082,0.9176071286201476,0.6338678598403931,0.5576554,0.833354,0.6041856,0.7618690729141235,0.6985965806715276
efj31ego,0.0,0.352278204,0.2828585925,0.4415136,0.30450788,0.60929507,0.0476408638060092,0.1110267415642738,0.1596725881099701,0.4485251903533935,0.30408552,0.34457633,0.25750235,0.1740044951438903,0.295191340421349
efjawshm,0.0,0.559134338,0.6665139,0.50539106,0.3945921,0.62272584,0.759429395198822,0.5663107633590698,0.8121994137763977,0.5791471004486084,0.65305555,0.5643679,0.5566105,0.3824251890182495,0.5863002346000884
efqjg02u,1.0,0.994404858,0.9892576925,0.88700974,0.9822295,0.98111546,0.8662616610527039,0.972825527191162,0.9572535753250122,0.9941807985305786,0.9878715,0.9957724,0.8711045,0.9516808986663818,0.9562283162512186
eghpmxpk,1.0,0.998709506,0.994616175,0.928874,0.98182535,0.9848914,0.998059630393982,0.9936710596084596,0.9788809418678284,0.8013966679573059,0.9943745,0.99908245,0.9628091,0.9951868653297424,0.9701828958582553
egi3qupx,0.0,0.0121551713,0.0126556677499999,0.1490396,0.0070122685,0.009802835,0.0014276673318818,0.0008936200174503,0.0066965781152248,0.0011242002947255,0.005780167,0.006117776,0.0008804328,0.0008064814610406,0.016491728120794066
egry58vr,1.0,0.99959206,0.9998823975,0.9648973,0.99782765,0.99722004,0.9999991655349731,0.9999988675117492,0.9996237754821776,1.0,0.9999251,0.9999028,0.96935594,0.9679599404335022,0.9920141439174947
ehe2atn2,0.0,0.00751804412,0.00833600525,0.12567316,0.005977742,0.0019840042,0.002628004644066,0.0029412743169814,0.0053895716555416,0.0001636925444472,0.00430151,0.0035965417,0.0016379267,0.0015314160846173,0.013206068708896422
ehlh07jr,0.0,0.0111140007,0.007426796675,0.1543081,0.0033298337,0.014929671,0.0012527037179097,0.0180399045348167,0.0027815906796604,0.0002197060966864,0.0040286444,0.0072371373,0.00042895053,0.0001753796677803,0.01732864761552719
ehvdo9kh,1.0,0.99989079,0.9999564875,0.982423,0.99983907,0.99357295,0.9999405145645142,0.9986331462860109,0.9999268651008606,0.9486772418022156,0.9997774,0.99998945,0.9794937,0.9648571014404296,0.9897675166687715
ehwhg0u4,1.0,0.999447622,0.9967195675,0.9801233,0.99690634,0.998271,1.0,0.999545693397522,1.0,1.0,0.9992254,0.99986064,0.9745531,0.9512372016906738,0.9919912972760151
ei3zrrhf,1.0,0.99992928,0.999858375,0.9903623,0.99930143,0.9993683,0.9999972581863404,0.9945546984672546,0.9999890327453612,0.9999085068702698,0.99967945,0.99994224,0.95075166,0.9358860850334167,0.9899637397155877
ej31gymd,0.0,0.3833763739999999,0.26156328,0.3579175,0.30343604,0.66546965,0.5582064390182495,0.7505114674568176,0.7279406189918518,0.2506513595581054,0.60501075,0.79151905,0.46014765,0.1135891452431678,0.4791799480206303
ejklcp9u,1.0,0.973396918,0.9940960175,0.82372886,0.99471736,0.94241726,0.983485460281372,0.8108190298080444,0.9414206743240356,0.9862583875656128,0.9913231,0.97141945,0.78553796,0.7878801226615906,0.9220385077031275
ek3zezqa,0.0,0.0247406053999999,0.0232746697499999,0.1801942,0.009676588,0.014258977,0.0181815847754478,0.0198298618197441,0.0905279442667961,0.0342404432594776,0.01344488,0.018314965,0.00012907738,0.0008833555039018,0.03443824247348978
ek4aegvf,0.0,0.0182028381,0.0217816029999999,0.15342577,0.018171415,0.115691826,0.0176354423165321,0.003682988230139,0.0186705067753791,0.021876998245716,0.032054253,0.01954528,0.0014873728,0.004616382997483,0.034372513574249926
ekntbz3m,1.0,0.999323826,0.9990792125,0.95291734,0.97334814,0.9953462,0.9941303730010986,0.9926393032073976,0.9684406518936156,0.9996265172958374,0.99846214,0.99926007,0.97791576,0.9458991885185242,0.9843375940320365
el8mwob4,1.0,0.996869718,0.9984794225,0.93355113,0.932317,0.9883342,1.0,0.9965187311172484,0.999751091003418,1.0,0.9988706,0.9873024,0.86293316,0.8639089465141296,0.9660641845488305
elrqvslw,1.0,0.99813907,0.9999253875,0.9152304,0.99920774,0.9993172,0.999984622001648,0.9980643391609192,1.0,1.0,0.99993646,0.99964714,0.9515089,0.9231194257736206,0.983390668033553
emc20lsj,0.0,0.2134668259999999,0.2044940734999999,0.32001084,0.276762,0.11341348,0.2001383751630783,0.0723470151424408,0.0426358245313167,0.0337347984313964,0.2169728,0.27916944,0.21749398,0.525169849395752,0.20890840785876802
emdmz5rg,0.0,0.1348416772,0.1184607425,0.3399986,0.0719719,0.56408566,0.0889108628034591,0.2534905672073364,0.126273974776268,0.0379933267831802,0.18582553,0.23070624,0.14032196,0.2354316413402557,0.19448559097003845
en7yjf30,0.0,0.65638235,0.6895300725,0.595518,0.50807893,0.70357907,0.7538190484046936,0.7768499255180359,0.2993325591087341,0.6928995847702026,0.8277272,0.8195858,0.4126916,0.2272473126649856,0.6125570348435887
epl7zqpp,1.0,0.979101654,0.994591685,0.82803166,0.9400769,0.9852441,1.0,0.9993438720703124,0.9999725222587584,1.0,0.97767365,0.9918114,0.83186185,0.723799467086792,0.9424235969550665
eq8dh9pt,1.0,0.998944824,0.999596495,0.9832095,0.9993994,0.9982606,1.0,0.9977849125862122,0.9999244213104248,1.0,0.99988866,0.9987689,0.9285662,0.9256733655929564,0.9869242521915073
eqe5158o,0.0,0.0827287568,0.0406419385,0.26822424,0.04409478,0.19280699,0.5068745017051697,0.2029409110546112,0.1524134874343872,0.0487133637070655,0.048112173,0.031439617,0.013518058,0.0063653928227722,0.12606724692492355
erev361x,0.0,0.0612859152,0.06298089425,0.30748972,0.09501319,0.19169934,0.0334625504910945,0.2005077898502349,0.0606425255537033,0.2713860869407654,0.0599477,0.08896056,0.46632499,0.1593828201293945,0.1583910832627071
es5cs9ui,1.0,0.999649548,0.9997246675,0.96510315,0.9946322,0.9910439,0.998446524143219,0.9987072944641112,0.9513939619064332,1.0,0.9992378,0.9998802,0.96340376,0.974812150001526,0.987387242770407
etk5lp9c,0.0,0.289563656,0.3650748025,0.4743411,0.44730914,0.07442799,0.2614637315273285,0.2853134274482727,0.5386345386505127,0.3970003724098205,0.33027935,0.119974695,0.50102615,0.6526879668235779,0.36439207079688557
eu6zu1to,1.0,0.9935834060000002,0.99396525,0.8942343,0.9651116,0.9584818,0.98430335521698,0.9569469690322876,0.9461895227432252,0.8061825633049011,0.9923513,0.9975375,0.8771635,0.9139781594276428,0.9446176327480797
eubfn9kr,0.0,0.0538717919999999,0.0757099515,0.23550346,0.024734378,0.028457083,0.0586124435067176,0.156212642788887,0.0290807243436574,0.0112320492044091,0.051522188,0.039018027,0.030092595,0.0292883738875389,0.06333351601778538
euc1hh5l,1.0,0.997963762,0.996684215,0.9235859,0.93280363,0.9995028,0.8918429017066956,0.9552741646766664,0.9840247631072998,0.8050206303596497,0.99916697,0.9992854,0.923748,0.9347046613693236,0.9495082921707412
euswrgvz,0.0,0.0610197706,0.0560526362499999,0.23389152,0.071610376,0.035215657,0.0210351720452308,0.0387036353349685,0.0594733282923698,0.1025326624512672,0.08301158,0.048786193,0.05632265,0.1263113915920257,0.07645896712045092
ev4dh9ug,0.0,0.107330025,0.15559867625,0.2847355,0.213523,0.2199535,0.5723018050193787,0.3314709365367889,0.7125206589698792,0.2146535366773605,0.1102887,0.13710657,0.052097175,0.0433450378477573,0.24268654779239726
ew25x1fv,1.0,0.989368598,0.997754015,0.90298057,0.9853747,0.97176117,0.9986331462860109,0.989996075630188,0.8596579432487488,0.9850923418998718,0.9813633,0.984789,0.78619576,0.710310161113739,0.9340982139368122
f0onjpi1,1.0,0.8207728700000001,0.74311697,0.6833395,0.6012174,0.720003,0.5513911247253418,0.5647467970848083,0.48902028799057,0.854358434677124,0.7332686,0.7536204,0.94664884,0.8845993280410767,0.7189310425014555
f10oo1pv,0.0,0.0501079333999999,0.046127213,0.21400604,0.016309377,0.09586479,0.040229644626379,0.0181362628936767,0.01979342661798,0.018378933891654,0.04440881,0.075993374,0.0014129374,0.0022765898611396,0.04946502559160225
f1hx6zdc,1.0,0.999411098,0.999646185,0.9731254,0.9927027,0.99559665,1.0,0.9999862909317015,0.999999701976776,1.0,0.999871,0.9965605,0.9742907,0.9776919484138488,0.9929907286419654
f309hsuw,0.0,0.044028981,0.0406601795,0.110857934,0.013050996,0.08811158,0.0203400254249572,0.1025283858180046,0.0167189538478851,0.022243982180953,0.049591042,0.11357827,0.024781398,0.0189669821411371,0.051189131531764395
f4ln5rgs,1.0,0.99952892,0.9994692375,0.9650574,0.998147,0.98316205,0.999983847141266,0.9954391717910768,0.9999910593032836,0.9938836097717284,0.99805737,0.9978342,0.9227561,0.9870206117630004,0.9877177367131044
f5gzpl1q,0.0,0.855460076,0.7302734925,0.5650287,0.73316467,0.66532457,0.611149251461029,0.8800535798072815,0.5316928625106812,0.7479233145713806,0.8027086,0.7246914,0.7767916,0.7211355566978455,0.7188767441190936
f6a4fejg,0.0,0.0933201612,0.1446580175,0.25540787,0.06849648,0.32993215,0.2237877249717712,0.2049896419048309,0.3767898678779602,0.2562013268470764,0.31344053,0.09806514,0.10712811,0.1662780344486236,0.2029611580577125
f8krd5eq,0.0,0.0337919726,0.0641254622499999,0.13008359,0.040837925,0.25240734,0.2311589866876602,0.2397087812423706,0.1283872127532959,0.1570113748311996,0.18577829,0.19384924,0.04106909,0.008650722913444,0.13129692217522845
f8wxkk2a,0.0,0.0429179508799999,0.0553981322499999,0.20532963,0.008228503,0.03984811,0.0019392990507185,0.0016894008731469,0.0019611841998994,0.0026489519514143,0.023487281,0.025021167,0.031446755,0.0162647776305675,0.03509085714121126
f90km3tz,0.0,0.864669038,0.803792425,0.7384723,0.51215696,0.2630833,0.275513082742691,0.2756704092025757,0.428465873003006,0.0268459171056747,0.69961095,0.76602566,0.4859942,0.6792625784873962,0.5245817456570265
fa39e3nw,0.0,0.0675579044,0.07865275075,0.21379101,0.049164116,0.0434223,0.014714615419507,0.0032113415654748,0.074509784579277,0.0393380299210548,0.14659049,0.17934883,0.022504438,0.1110908091068267,0.08029972459554925
fbmenui3,1.0,0.8205489800000001,0.760495075,0.6295079,0.76837254,0.92278767,0.9597188234329224,0.9700080752372742,0.9858348965644836,0.9755902290344238,0.7243059,0.9264975,0.88484114,0.745406448841095,0.8518396290853998
fc1xx6cw,1.0,0.999789088,0.9999345875,0.9856025,0.99931914,0.99900126,1.0,0.9993946552276612,0.9999811053276062,1.0,0.999835,0.9999853,0.9629557,0.9511736631393432,0.9920746153226624
fdd7r193,0.0,0.0456976746,0.0394233259999999,0.28757983,0.034905203,0.029767554,0.0148006407544016,0.1508825719356537,0.0289506204426288,0.0023731160908937,0.059320636,0.022554275,0.016847309,0.0186769478023052,0.05782920804814485
fdxk31wb,0.0,0.01016757456,0.0045551257,0.14718722,0.0022833163,0.0026001646,0.0012114245910197,0.0122239189222455,0.0029060835950076,0.0614448487758636,0.012126114,0.0050295414,9.8769975e-05,4.394281495478936e-05,0.020144465018007016
fezac2ex,0.0,0.2322530179999999,0.1127223425,0.3671184,0.08306959,0.055768944,0.0713002756237983,0.0292512197047472,0.0993883311748504,0.0013308252673596,0.04419074,0.057057053,0.5568458,0.5124332904815674,0.1709792176732556
fflncc2a,1.0,0.996585794,0.9981917625,0.944224,0.99836206,0.9961926,0.9147117137908936,0.914639949798584,0.5081206560134888,0.9997513890266418,0.9969718,0.9967415,0.8860742,0.9143466949462892,0.9280703169289152
fflzm764,0.0,0.0944546328,0.08912284225,0.30437738,0.021910843,0.35856894,0.037835668772459,0.0263063739985227,0.0436624661087989,0.0753459632396698,0.15254018,0.17404622,0.0077229626,0.0654548034071922,0.1116422520135879
ffz8q4vh,0.0,0.01258729926,0.0219631679999999,0.16664866,0.037500486,0.01404291,0.0132984556257724,0.0160586945712566,0.128563791513443,0.0113193457946181,0.035990298,0.0047005145,0.18581218,0.0500465705990791,0.053733259528013014
fieecy2c,0.0,0.0241339995999999,0.02818010775,0.21768318,0.021289486,0.06625991,0.0129356142133474,0.0768904089927673,0.060419026762247,0.0857647433876991,0.041407764,0.02454273,0.027181553,0.0172177739441394,0.05414663828078463
fknwbhkv,0.0,0.0176596512,0.0179834504999999,0.19064257,0.029133562,0.024467796,0.0144157726317644,0.0581274218857288,0.0099100451916456,0.0043680584058165,0.018255616,0.018582687,0.037012618,0.0613997131586074,0.0386122278441202
fl0ukeyz,1.0,0.98801801,0.9972948625,0.8750186,0.8941122,0.9461,0.8920065760612488,0.9724285006523132,0.9808411598205566,0.9998594522476196,0.9997457,0.99269116,0.841872,0.7755237817764282,0.9350393848506282
flsehuds,1.0,0.999640978,0.9996159,0.96593463,0.99370134,0.9874191,0.9999879598617554,0.9874274134635924,0.9999533891677856,0.9992269277572632,0.99965733,0.9999817,0.97760713,0.9883229732513428,0.9921905208847491
flul1rsr,0.0,0.1197625776,0.0746469665,0.32949138,0.04630199,0.086301945,0.1619966477155685,0.2435390651226043,0.105717048048973,0.1936156898736953,0.08133408,0.103484675,0.027175274,0.0881029143929481,0.12780540409644534
flwdr3vw,1.0,0.609659072,0.8080224100000001,0.5222095,0.38743097,0.69164336,0.398983359336853,0.6824052333831787,0.4972484707832336,0.9090881943702698,0.8784436,0.67009616,0.65332425,0.8150200247764587,0.6556595849730764
fnkomv2x,0.0,0.06941995,0.08574016775,0.2567978,0.09122561,0.17722258,0.0574047863483428,0.048473697155714,0.2913345098495483,0.1096441522240638,0.07175256,0.09296197,0.011296419,0.0462271980941295,0.10842318464783064
fnm88ua3,0.0,0.174238597,0.13567456,0.41064918,0.2650077,0.054450117,0.1444490700960159,0.3451767265796661,0.2166449725627899,0.0176398996263742,0.1182967,0.052905496,0.14012955,0.2466239631175995,0.17860665630634193
focnqdqx,0.0,0.0569870854,0.040138933,0.29876834,0.028552791,0.005322895,0.0212010461837053,0.0536287538707256,0.0273006055504083,0.0058548771776258,0.04866494,0.011098726,0.010577105,0.0162436850368976,0.0480261371707202
foy4dd1v,1.0,0.999998534,0.99999955,0.99951845,0.9999454,0.9997275,1.0,0.9999512434005736,1.0,1.0,0.99999934,0.9999997,0.9840796,0.991586446762085,0.9980616287817429
fqxlbvn7,1.0,0.7982942700000001,0.781394595,0.6233131,0.8993111,0.7600498,0.8022748231887817,0.6756428480148315,0.802139937877655,0.5289537906646729,0.6418856,0.8653203,0.6650993,0.7749860286712646,0.7398973456474773
frml29q2,1.0,0.9999164,0.9999588625,0.98779917,0.9999221,0.99835277,1.0,0.9999977350234984,0.9998751282691956,1.0,0.9999294,0.9999888,0.99193585,0.9960985779762268,0.9979825225976093
fs6hn95s,1.0,0.321270172,0.3289501625,0.32993725,0.24526125,0.1198927,0.3954291641712188,0.2930694222450256,0.5394781827926636,0.2334938198328018,0.5697284,0.53834975,0.45615587,0.3259377479553222,0.3613041454997717
fshb0oqv,1.0,0.199402568,0.257953935,0.33014807,0.087505475,0.94348246,0.2017883211374282,0.4896928668022156,0.080294445157051,0.8221490979194641,0.36264205,0.28201604,0.38776833,0.1707227677106857,0.35504357128668035
ft07x5ic,1.0,0.999978496,0.9999908225,0.9973279,0.99689436,0.99331856,0.9830010533332824,0.9962503910064696,0.9961114525794984,1.0,0.9999951,0.99997795,0.8207191,0.8617531061172485,0.9727167147335768
ftlo4qdb,1.0,0.8709856,0.9019303225,0.66690344,0.9647473,0.95558167,0.8098239302635193,0.7973644137382507,0.9677267670631408,0.9997308254241944,0.96156764,0.9689106,0.5524458,0.5510361194610596,0.8437503406500126
fwdc112h,0.0,0.01413669676,0.01043871735,0.13190928,0.00342175,0.10760613,0.0052730240859091,0.0077721490524709,0.0245470758527517,0.0348998382687568,0.009479964,0.049729735,0.0023011887,0.0018040786962956,0.03102458675124493
fwg895na,1.0,0.999889896,0.999919575,0.99664915,0.9905922,0.99665576,1.0,0.9984326362609864,1.0,0.9999995231628418,0.9999716,0.9999455,0.8951767,0.9343731999397278,0.9855079397846702
fxhkc856,0.0,0.0192461892,0.01543361075,0.16838473,0.015489271,0.009993829,0.031612642109394,0.0110512962564826,0.0080257598310709,0.0265007000416517,0.028808169,0.019419488,0.0064545567,0.0187987741082906,0.029170693538222298
g06xr3ur,1.0,0.977555696,0.98724313,0.8810835,0.92303073,0.99466866,0.999980926513672,0.975939393043518,1.0,1.0,0.9979559,0.9974313,0.8128154,0.8097668886184692,0.9505745787827431
g0fn9xuy,0.0,0.0143975276,0.0098476435,0.12780955,0.011838527,0.01062091,0.0166449025273323,0.049270037561655,0.0419183410704135,0.0014920510584488,0.01682624,0.0042519514,0.004722968,0.0004860870540142,0.023855902828604912
g2qzw3c1,0.0,0.0337905092,0.02155015475,0.21196188,0.05601214,0.03095774,0.0055373874492943,0.015825605019927,0.1016487032175064,0.0165178105235099,0.05778023,0.03330894,0.009639935,0.0124037535861134,0.046687291442027004
g585i87x,1.0,0.9997395919999998,0.999811,0.9634706,0.99977607,0.99622416,0.9991886019706726,0.9993661046028136,0.9999741315841676,0.9999526739120485,0.9973786,0.99998504,0.97352815,0.9869151711463928,0.9934853765550842
g5rifwr0,1.0,0.999509232,0.99899302,0.95774555,0.99768496,0.9805031,0.9998281002044678,0.9986540675163268,0.9998522400856018,0.9946443438529968,0.99936235,0.9997746,0.9762862,0.9763762950897216,0.9907087737499318
g6a8mlik,0.0,0.0284559124,0.015618192,0.21407765,0.012078149,0.013002884,0.0277631152421236,0.232693463563919,0.3514629602432251,0.1902733147144317,0.025256274,0.059882663,0.09236814,0.1137996912002563,0.10590249302799659
g7f9fzja,1.0,0.5528470600000001,0.45205712,0.5488374,0.21275091,0.38096294,0.4913856387138366,0.6018050909042358,0.7509657144546509,0.8879733085632324,0.49510485,0.57161254,0.3126191,0.6229061484336853,0.5293713708515109
g7nfdinu,0.0,0.117112788,0.0895728375,0.3372298,0.045073338,0.011064945,0.0381529815495014,0.0287234038114547,0.0215236637741327,0.0426243878901004,0.08136245,0.1036254,0.010339154,0.0162421055138111,0.07251132731069233
g84d4r9v,0.0,0.19497113,0.11021591625,0.35241467,0.14071678,0.09027782,0.0850079432129859,0.0712583288550376,0.0746051296591758,0.0537703149020671,0.1327292,0.12966955,0.03364012,0.09971234947443,0.12069148095028434
gbmxikvr,0.0,0.1415606717999999,0.130530535,0.19490036,0.0767421,0.11808142,0.0887318700551986,0.0796320065855979,0.0868062824010849,0.0015188124962151,0.08389831,0.06794426,0.09144162,0.0775012671947479,0.0953299627332957
gc5wi6fq,0.0,0.0296650764,0.029958829,0.15907936,0.013749739,0.0711519,0.0132578499615192,0.0264341495931148,0.0066641368903219,0.0040256241336464,0.017702509,0.0075597567,0.11758838,0.082838200032711,0.04459042390087026
gd1t53yk,1.0,0.946942304,0.9672044,0.75023115,0.9817934,0.9879855,0.8140379190444946,0.8783033490180969,0.5731542706489563,0.984297811985016,0.89648783,0.99612117,0.8759506,0.8602852821350098,0.8855996143716595
ge9ny3mu,1.0,0.992499162,0.9893061325,0.91163456,0.9930717,0.9898542,0.9994062185287476,0.9194847345352172,0.9260559678077698,0.9632417559623718,0.9817056,0.97508836,0.98548967,0.9754083156585692,0.969403567460975
gfliji18,1.0,0.8416341820000002,0.92843048,0.64922297,0.7452508,0.88651603,0.8590299487113953,0.925662100315094,0.9995179176330566,0.9263416528701782,0.91283846,0.5431259,0.86855865,0.8000050783157349,0.8373949361419585
gfvnnvbz,0.0,0.162745712,0.2142398925,0.35048777,0.024150372,0.046806358,0.1880892813205719,0.0453321114182472,0.1773784905672073,0.1292327344417572,0.23058316,0.23837326,0.045293298,0.1089566648006439,0.15089762346526367
gg0v5dta,1.0,0.997645114,0.996090885,0.9187442,0.9959899,0.9650202,0.9823481440544128,0.9733303785324096,0.9938559532165528,0.9976137280464172,0.99628645,0.99650633,0.9033528,0.9274020195007324,0.9726297001808096
ggo9dvws,0.0,0.4455710079999999,0.5115635175,0.48028827,0.1878326,0.64655554,0.6139450073242188,0.8501107692718506,0.6911059617996216,0.7811842560768127,0.36087286,0.432277,0.5625578,0.7169718146324158,0.560064338815763
ggomf9pm,1.0,0.991151718,0.9918011825,0.87600446,0.9855243,0.9848794,0.9999802708625792,0.9993240833282472,0.9999667406082152,0.9999950528144836,0.99508345,0.99964905,0.95147043,0.9545496702194214,0.9791830621794576
ggxp5cit,1.0,0.99514756,0.9973708175,0.93733263,0.97955805,0.9835677,0.9999983310699464,0.983517289161682,0.9576901197433472,0.9999968409538268,0.9914353,0.9880767,0.9523444,0.896229088306427,0.9740203712873253
ggy5kov1,1.0,0.9999889799999998,0.9997795,0.992145,0.9978935,0.9915186,0.9991663098335266,0.9988918900489808,0.9963701963424684,0.9999997615814208,0.9956343,0.99998474,0.94288373,0.8742440342903137,0.98373075234733
ghdiluvn,1.0,0.08676481,0.1300990575,0.32203978,0.078557335,0.39355394,0.0478826947510242,0.0489149428904056,0.0387925133109092,0.1074201911687851,0.09075107,0.06935564,0.068073265,0.1462474167346954,0.12526558895044765
ghm56vu6,1.0,0.999986142,0.99992955,0.9873438,0.99845695,0.9945564,1.0,0.9998155236244202,1.0,1.0,0.999996,0.9999664,0.9724393,0.9851185083389282,0.9952004287664115
gk6t9dhs,1.0,0.941019732,0.9897389075,0.6924437,0.934847,0.995115,0.9961534142494202,0.9815942049026488,0.9515777230262756,0.9976626634597778,0.99437356,0.97026,0.79755384,0.7070854902267456,0.9191865565665284
gkwwjwga,0.0,0.347583842,0.3562115825,0.47940552,0.4048587,0.105404064,0.5663154721260071,0.464617520570755,0.2596448957920074,0.4871442317962646,0.22012627,0.139999,0.5900136,0.3791253864765167,0.36926539117396545
gkzjrumx,1.0,0.999897216,0.99997008,0.9910492,0.99996036,0.99534464,1.0,0.9999845027923584,0.996076226234436,0.9999066591262816,0.999976,0.99999326,0.99135715,0.9903342723846436,0.9972191205029016
glh62c9t,1.0,0.999316162,0.99757862,0.97121894,0.99697036,0.9928647,0.9999952912330629,0.9971268773078918,1.0,0.996568202972412,0.99331105,0.99918807,0.9422166,0.9578736424446106,0.9880175012275367
gmd478mf,1.0,0.999426768,0.9992823525,0.9675598,0.99102944,0.9985082,0.9743658900260924,0.9073200821876526,0.909337878227234,0.9988980889320374,0.9996823,0.99822223,0.9337903,0.9752839207649232,0.9732851731259954
gnzs43c5,1.0,0.999033976,0.9995310875,0.94962263,0.97899055,0.99868816,0.99819815158844,0.986983597278595,0.9969861507415771,1.0,0.9999043,0.9991117,0.93489337,0.9600086212158204,0.9847654841788024
go8jn42x,0.0,0.1518797479999999,0.2542490975,0.32893118,0.23864272,0.1834135,0.011034925468266,0.0647406280040741,0.0599636882543563,0.4424239099025726,0.2774872,0.097022444,0.03692345,0.0926886349916458,0.17226162508622422
gok01tnz,1.0,0.999423988,0.9974334225,0.98718184,0.99976826,0.9856291,0.9998226761817932,0.9696906208992004,0.9997828006744384,0.9979413151741028,0.97468376,0.9890523,0.978215,0.9525471329689026,0.9870132474152645
gom6736z,0.0,0.976870724,0.9631310775,0.80459017,0.8591689,0.99208224,0.9993786811828612,0.993951976299286,0.99923437833786,0.9993331432342528,0.98908925,0.9993881,0.9001596,0.8882070183753967,0.9511219429945892
gpcivi05,0.0,0.01415874,0.008266178375,0.09336907,0.008153999,0.020119704,0.00576744787395,0.0048514157533645,0.0066539188846945,0.0020665486808866,0.01512694,0.008098218,0.013910045,0.0094800870865583,0.01615556251188107
gqpq8r4h,0.0,0.0638812176,0.03139338925,0.23926546,0.012076513,0.017112006,0.0311222188174724,0.2424859702587127,0.3074270188808441,0.0846828371286392,0.035998896,0.055924058,0.014041984,0.0509602613747119,0.09125937156233695
gses6m03,0.0,0.0903406,0.0612338224999999,0.3020368,0.045695625,0.14984798,0.2113394439220428,0.3767869174480438,0.1571402251720428,0.0082963090389966,0.07887824,0.046808988,0.009616789,0.0032969540916383,0.118562976474828
gss8k5ij,0.0,0.40256408,0.2673832,0.47130644,0.25089926,0.21313506,0.3315680921077728,0.4752109050750732,0.287055492401123,0.1886617243289947,0.24907538,0.38339674,0.024157207,0.0788520202040672,0.2787127385474639
gstqmgvu,1.0,0.999462566,0.9996404975,0.9574897,0.99762774,0.9994582,1.0,0.9999312162399292,1.0,0.9998002648353576,0.9996432,0.99986523,0.9846171,0.9956696629524232,0.9948617982713622
gublmntf,0.0,0.1435820859999999,0.19016134,0.29450393,0.052020833,0.8415643,0.0461462847888469,0.1990719437599182,0.239039272069931,0.1827166974544525,0.31626284,0.121864036,0.6244445,0.3580462038516998,0.2776480205326806
gv0e38da,1.0,0.991128122,0.997594635,0.9337106,0.99576676,0.9388528,0.9188867211341858,0.9434730410575868,0.8436042070388794,0.7923424243927002,0.9883295,0.9911355,0.94218814,0.9556066393852234,0.9409706992314288
gv3z6bz8,0.0,0.1376099248,0.1379109775,0.31496698,0.29027024,0.4206928,0.1998458206653595,0.3957875967025757,0.0281196385622024,0.5511156916618347,0.21434371,0.28576422,0.12656492,0.2512122392654419,0.2580157507044165
gv812hnc,1.0,0.9992288859999998,0.99905646,0.9545456,0.9995297,0.98104113,0.9972302913665771,0.9999852180480956,0.999287247657776,0.9985369443893432,0.99830306,0.9993937,0.9893636,0.98978853225708,0.9927146438245287
gxl9ysu5,0.0,0.0598273956,0.07449922975,0.30803588,0.1752162,0.21061835,0.1017163768410682,0.0622508823871612,0.2382225692272186,0.4157333672046661,0.049699403,0.039199367,0.103552885,0.1778667718172073,0.1551106675251786
gyspengw,0.0,0.0122929122,0.0076263665,0.15700755,0.0025079306,0.045230906,0.0034125647507607,0.0175448413938283,0.0056930487044155,0.0012635756283998,0.008344936,0.01563382,0.005365721,0.0005243078339844,0.021726806200876057
gzr7txcb,0.0,0.0301983776,0.02603112825,0.20363027,0.006123288,0.052493516,0.0182790048420429,0.1852818578481674,0.0471447743475437,0.0110846878960728,0.021457206,0.022373058,0.033325262,0.0126670356839895,0.05154534357444739
h05hhiwf,0.0,0.3580348559999999,0.485977555,0.4276356,0.34686315,0.5222112,0.3396516740322113,0.2219302058219909,0.3095237016677856,0.1760059893131256,0.44691366,0.37762064,0.5179711,0.6047646999359131,0.3950080024439252
h1xjg2y8,1.0,0.0802031478,0.115631395,0.23653679,0.1595808,0.28458452,0.0661913678050041,0.1437550485134124,0.2028409838676452,0.2045577466487884,0.055012256,0.058469154,0.16908224,0.0471648424863815,0.14027771477855627
h2m5zja8,1.0,0.99993064,0.9999528275,0.995747,0.99933004,0.9993692,1.0,0.9994338154792786,0.9998675584793092,1.0,0.9999817,0.9999958,0.89790213,0.9524136781692504,0.9879940299713723
h33hw8d0,1.0,0.152850262,0.17927011,0.31201804,0.17980504,0.9571229,0.2934430241584778,0.1390911638736724,0.3991764783859253,0.9816833734512328,0.14660424,0.3765486,0.14414749,0.2750933468341827,0.3489887745156532
h3wqa1vr,0.0,0.0332091615999999,0.0290751615,0.23101649,0.01849866,0.09942852,0.0068521322682499,0.0568616166710853,0.0330164059996604,0.1994134485721588,0.029009655,0.07030432,0.090632334,0.0162845775485038,0.07027711408920448
h55hewlg,1.0,0.999953214,0.9999864925,0.9894978,0.99999726,0.9986906,0.9999259114265442,0.9981877207756042,1.0,1.0,0.99999034,0.99999356,0.983182,0.9921906590461732,0.9970456582883324
h61iaoim,1.0,0.951698388,0.98788534,0.69556904,0.89311796,0.9956815,0.9348509907722472,0.9306654930114746,0.8505939841270447,0.985342025756836,0.98836446,0.9945363,0.8301383,0.7474645376205444,0.9066083322529345
h62myz9v,0.0,0.1296980888,0.1677437175,0.27947393,0.11530702,0.38586992,0.173066958785057,0.509191632270813,0.0976152494549751,0.572683572769165,0.08620995,0.12897447,0.37551466,0.1953581869602203,0.24743902742617158
h7u0s3kd,1.0,0.99998057,0.999994075,0.99283475,0.99995226,0.9981096,1.0,0.9999226331710817,1.0,1.0,0.999998,0.999998,0.9878373,0.9947534203529358,0.9979521237326168
hc8cah3g,0.0,0.8663228679999999,0.8127517175,0.7485143,0.5058602,0.57161283,0.6785084009170532,0.7471668720245361,0.6277483105659485,0.1389600932598114,0.742499,0.8523212,0.3070889,0.3449419736862182,0.6110997435348899
hdcv4bkt,1.0,0.99858772,0.99768128,0.96960866,0.980571,0.9992224,1.0,0.9987680912017822,1.0,1.0,0.99861765,0.99758166,0.78871953,0.7868847250938416,0.9627876704842786
hdczp0nw,1.0,0.91565315,0.97614241,0.6888193,0.8685936,0.9552163,0.9911073446273804,0.9525500535964966,0.970203459262848,0.9742576479911804,0.97461724,0.9740304,0.63689506,0.6750342845916748,0.8887015576976601
hdiy4nrm,1.0,0.999934328,0.9993494175,0.9920635,0.9997369,0.9915094,0.999968409538269,0.9944718480110168,0.9999919533729552,0.999718427658081,0.9997566,0.9999209,0.97051716,0.9638422131538392,0.9931370044026278
hg5zmtga,1.0,0.999957464,0.999989885,0.9909903,0.9996581,0.99912024,1.0,0.9999756813049316,1.0,1.0,0.9999915,0.9999987,0.9831871,0.9888454675674438,0.9970547259901827
hie9ede1,0.0,0.3115538759999999,0.4684448249999999,0.39324528,0.35298985,0.22076452,0.5587830543518066,0.2570756375789642,0.2292394787073135,0.646564245223999,0.31501102,0.1868264,0.20644638,0.3279260396957397,0.3442208158890632
hkbm00e9,0.0,0.0667174842,0.06224112125,0.2689959,0.030512806,0.043226145,0.2123502045869827,0.106212243437767,0.1451296657323837,0.0105382530018687,0.068439856,0.04952184,0.01793529,0.0031654022168368,0.0834604778019876
hl88kzru,0.0,0.054344983,0.038444254,0.20054726,0.069977075,0.05457706,0.0017020964296534,0.0082090059295296,0.0268468707799911,0.002073808806017,0.08348642,0.10267265,0.05425656,0.1017623022198677,0.061453872781927606
hn14eb87,1.0,0.99962582,0.99969886,0.97312796,0.99930054,0.99884045,0.9998550415039062,0.9875218272209167,0.9999801516532898,1.0,0.99971974,0.9995966,0.9584062,0.955290675163269,0.9900740665801062
hr07n8vo,0.0,0.697137514,0.4828194525,0.6507986,0.6896885,0.03185854,0.4219011664390564,0.1570142060518264,0.4122630953788757,0.129129409790039,0.5489384,0.5303764,0.679711,0.4815000891685486,0.45485664410218046
hruu5e51,0.0,0.0551243752,0.03744075025,0.20341519,0.028897062,0.059888966,0.015935193747282,0.0065114893950521,0.0290088150650262,0.0550970211625099,0.05864454,0.024162505,0.016739113,0.0815021023154258,0.051720547933484316
hsao2qwk,1.0,0.995768408,0.95670129,0.9327508,0.9917366,0.98449385,0.9988120794296264,0.8204094171524048,0.7696735858917236,0.9869838953018188,0.97012603,0.99969435,0.9235235,0.9442840814590454,0.9442275297872784
hsg04ajm,0.0,0.0289580702,0.0547952262499999,0.22125708,0.057105005,0.12155204,0.0354336276650428,0.1198276653885841,0.323338121175766,0.1116038784384727,0.084814936,0.027480885,0.02365664,0.0135718453675508,0.09410730926810898
ht2xz52o,1.0,0.820021576,0.7324894474999999,0.67230463,0.69216967,0.44430545,0.7264403700828552,0.5786647200584412,0.1053223088383674,0.1043902337551117,0.6900614,0.75233746,0.32815152,0.5191786289215088,0.5512182627043295
htfnsgpy,0.0,0.0194221562,0.008869123675,0.1469607,0.009231562,0.0056684013,0.0031789042986929,0.0046741045080125,0.0055509936064481,0.001684189774096,0.007091958,0.008866354,0.018073592,0.0182481203228235,0.019809243052697927
hu97ng0a,0.0,0.1207749852,0.4066384875,0.2629897,0.15610105,0.6557678,0.1489754766225814,0.0486624166369438,0.3001660704612732,0.1045114621520042,0.561334,0.19373071,0.31963068,0.1777010411024093,0.2659218368980933
hukwqvr1,0.0,0.00979452828,0.008313384775,0.10179909,0.007711021,0.016035665,6.264895637286827e-05,0.0013425208162516,0.0157248210161924,0.0031464642379432,0.011490714,0.010830563,0.006657487,0.0065252431668341,0.015341088557584169
huxg2myr,0.0,0.0133681782,0.02798720975,0.09485002,0.007499067,0.23878795,0.0191571526229381,0.0166978500783443,0.0304436907172203,0.0981619730591774,0.07482344,0.015189159,0.034331985,0.0164516158401966,0.05290379163599052
hv3a3zmf,0.0,0.077837069,0.0632299115,0.2544441,0.07261184,0.16476427,0.0658358037471771,0.239505648612976,0.0636612996459007,0.0176637545228004,0.055634156,0.12720321,0.022944344,0.0059848916716873,0.09471694605388782
hwtek17m,1.0,0.9999369,0.9998258625,0.9851359,0.99995255,0.98215127,0.9999995827674866,0.9990563988685608,0.999998927116394,0.9998507499694824,0.99985665,0.9999788,0.94801813,0.9639266729354858,0.9905913701069172
hxa7hy7a,0.0,0.0525423713999999,0.06673453725,0.2585114,0.047176994,0.0074597476,0.0344841852784156,0.0029356027953326,0.0739409327507019,0.0109782246872782,0.0361589,0.047298647,0.031796146,0.0339408442378044,0.05415065638457943
hz72kxsj,0.0,0.0283782042,0.0625595395,0.1249062,0.018119778,0.14549735,0.0734800025820732,0.056185495108366,0.0256429482251405,0.184294193983078,0.17905994,0.08828918,0.1621818,0.2186884582042694,0.10517562229253287
i1nq0ei0,0.0,0.1475455259999999,0.0819761215,0.30688548,0.12483195,0.1912739,0.1562093049287796,0.1020090654492378,0.3578108549118042,0.225738450884819,0.16886112,0.10986151,0.07358031,0.2061613202095031,0.1732880702987803
i26lh07b,0.0,0.0370443552,0.021173363,0.15472028,0.017177206,0.060350142,0.0025674798525869,0.0028870250098407,0.0315526239573955,0.0023087672889232,0.031062672,0.013388462,0.07613805,0.045450534671545,0.03814007392156087
i2ooq42n,1.0,0.9965599,0.9958161,0.95430183,0.98349154,0.97815967,0.9924736618995668,0.9850857257843018,0.918970823287964,0.5488177537918091,0.9857049,0.99514914,0.9488287,0.877657413482666,0.935462858326639
i33993n4,1.0,0.941211228,0.9894204125,0.84487426,0.93395495,0.9651624,0.9774604439735411,0.9849368333816528,0.6582784056663513,0.2663577795028686,0.9961355,0.9894736,0.90475285,0.8905171155929565,0.8725027522013361
i3pj7k99,1.0,0.99980704,0.9986776775,0.9794234,0.99910676,0.99760765,0.99982088804245,0.9996105432510376,0.999898076057434,0.9994601011276244,0.99972236,0.99951035,0.97799814,0.9886199831962584,0.995327920705754
i9g5dzx5,1.0,0.998759406,0.9994805325,0.92707026,0.98864233,0.99935025,0.999948024749756,0.999495804309845,0.9997113347053528,1.0,0.9996992,0.99961275,0.9635514,0.9542047381401062,0.9868865408003892
i9nb74x2,0.0,0.1351439586,0.140826166,0.3137508,0.054146253,0.1348232,0.0184444077312946,0.2020340114831924,0.3040351271629333,0.0685930848121643,0.16348699,0.10756177,0.075638354,0.0340269319713115,0.1348085426739151
iaakytt3,0.0,0.015696536,0.01050913075,0.1812204,0.016092911,0.031900298,0.0119610037654638,0.0222586821764707,0.0152122536674141,0.0033152152318507,0.0150180925,0.014365941,0.0037922368,0.0008002392714843,0.026318687704821812
iaw4otuo,0.0,0.0327368876,0.03102208725,0.17698058,0.013428648,0.10068962,0.000637505785562,0.0055101905018091,0.0093149095773696,0.0048109404742717,0.048049126,0.03392287,0.02069229,0.0377018302679061,0.039653652727455274
ibu4fmpk,1.0,0.999872288,0.9998616675,0.98717374,0.99986815,0.99854016,0.9638449549674988,0.9986048340797424,1.0,1.0,0.99885505,0.9997734,0.921105,0.9479223489761353,0.9858015071941059
ie3lvo0i,1.0,0.997205016,0.9950771425,0.9153302,0.9718696,0.9885467,0.9936123490333556,0.99781996011734,0.9979923367500304,0.9998779892921448,0.9977415,0.99650323,0.9272772,0.9809719324111938,0.981525012008005
ijkcu5x0,0.0,0.312473134,0.3246386775,0.40422994,0.23241061,0.48937032,0.6173495650291443,0.5048491954803467,0.4130269885063171,0.0645859837532043,0.26137877,0.17371707,0.057971418,0.128762885928154,0.3065203506305513
ilcg6far,0.0,0.004185353998,0.00248603435,0.08064709,0.00086632115,0.0035046428,0.0026920761447399,0.0001905019889818,0.0015260328073054,0.0002597681886982,0.0011935541,0.0021355716,0.00019832709,0.0002877518127206,0.007705617386957378
imj70e3p,1.0,0.999171018,0.9981818825,0.9676404,0.9962555,0.9651814,0.997043788433075,0.9936934113502502,0.9985272884368896,0.9901600480079652,0.9966008,0.99997836,0.95296764,0.968328058719635,0.9864407381113706
inuxl39d,1.0,0.1130070847999999,0.1984544575,0.21461563,0.11083631,0.31118813,0.1409278512001037,0.3603604435920715,0.4650322496891022,0.1911503970623016,0.23329243,0.2717988,0.35222092,0.1694452464580536,0.24094845771551018
irjutfvj,0.0,0.020214449,0.0221917155,0.1320752,0.018475145,0.0596079,0.0166784469038248,0.0387938395142555,0.0154349319636821,0.011744225397706,0.042882524,0.039228253,0.020611236,0.019177109003067,0.035162690406348875
isetuk1o,1.0,0.986039832,0.986649215,0.847176,0.97885025,0.9694126,0.958419382572174,0.9813251495361328,0.8386005163192749,0.9999911189079284,0.98990786,0.9760877,0.8664528,0.8951879739761353,0.9441615691008959
isutp04s,0.0,0.098975558,0.0922883187499999,0.2663653,0.05856979,0.32726675,0.0231989379972219,0.0099208299070596,0.0086596366018056,0.0651566684246063,0.14488682,0.13608254,0.12063758,0.0898767560720443,0.11091426813482598
ivh6t1nt,1.0,0.74170874,0.7853464400000001,0.58647513,0.3906249,0.9377637,0.9950401782989502,0.9785745739936828,0.9857336282730104,0.9229400157928468,0.88717854,0.9302295,0.48521346,0.3135038316249847,0.7646409721525751
ivxan25w,1.0,0.541671602,0.698988375,0.56301606,0.4115768,0.7102921,0.6903960704803467,0.4606495797634125,0.2340146452188491,0.5784109830856323,0.6449275,0.74179965,0.5914725,0.5310086607933044,0.5690941943339651
ix1cnaq2,1.0,0.99990356,0.99982141,0.98691964,0.99983764,0.94736016,0.9999947547912598,0.9999430179595948,0.9998779296875,0.9978390336036682,0.99974346,0.99997216,0.9753742,0.9894053339958192,0.9919994076952187
ixzareiy,0.0,0.0379213888,0.02705471725,0.21349663,0.037874255,0.034230262,0.0187387354671955,0.0888580605387687,0.0883192867040634,0.0741675347089767,0.031230524,0.009585736,0.015008216,0.0721702501177787,0.057588892045137154
izxtnsrt,1.0,0.175777274,0.2756615425,0.28709862,0.1946553,0.7661559,0.2720453143119812,0.247772216796875,0.1690165400505066,0.2169442772865295,0.314569,0.23666227,0.32293794,0.2387208342552185,0.28600130993854705
izzqy72w,1.0,0.926101896,0.9934784325,0.807438,0.97483265,0.9979761,0.999983012676239,0.946343958377838,0.9956771731376648,1.0,0.99578243,0.98570967,0.85316813,0.8605192303657532,0.9490007448505764
j2h1tlom,0.0,0.0146548801,0.00861296,0.16113962,0.0090892855,0.027826421,0.0022662444971501,0.037623967975378,0.0048113092780113,0.0598277859389781,0.013175283,0.011559473,0.0007350313,0.000972134352196,0.027099568918593348
j35yrg29,1.0,0.833691218,0.8970546224999999,0.6163964,0.7870491,0.9594058,0.9593472480773926,0.8159633874893188,0.7915223240852356,0.9801155924797058,0.93230987,0.9120992,0.67442286,0.663911759853363,0.8325607217296167
j36tcfkj,1.0,0.994629186,0.999457275,0.9289428,0.99862266,0.99990696,0.9659124612808228,0.7584720849990845,0.9919573068618774,1.0,0.9999667,0.99994564,0.9070482,0.8993837237358093,0.9572495382982764
j3muurmy,1.0,0.5457386660000001,0.6313833499999999,0.38989592,0.612051,0.95191586,0.666934609413147,0.7566916942596436,0.4720445573329925,0.7644944787025452,0.790839,0.907257,0.7243415,0.4980253577232361,0.6701240764178127
j49itn7s,1.0,0.999946648,0.999958785,0.99467516,0.99974483,0.9993458,0.99994295835495,0.9955180287361144,1.0,0.9413496255874634,0.99997956,0.9999812,0.98495126,0.9883629679679872,0.9925966018189626
j4pnjy1o,1.0,0.830200516,0.8647189149999999,0.6720896,0.85983914,0.9692739,0.7360522747039795,0.837091326713562,0.6283528208732605,0.8598476648330688,0.9055604,0.82194567,0.8833257,0.8679473400115967,0.8258650206258051
j5ewfwbe,0.0,0.246932664,0.176587049,0.36418152,0.12566322,0.17176944,0.1772794872522354,0.1899919658899307,0.0454958267509937,0.1286731511354446,0.20252205,0.34591347,0.042494766,0.0690958350896835,0.17589234193217598
j6ac4jrc,1.0,0.999956376,0.9998371225,0.9782388,0.9934335,0.9995314,0.9994924068450928,0.9937840104103088,0.9844510555267334,0.999993085861206,0.9997704,0.9999972,0.9398163,0.95235413312912,0.9877427530978816
j6vv8suo,1.0,0.95555559,0.95855825,0.79745877,0.9372152,0.4497714,0.6230760812759399,0.6914869546890259,0.3772403299808502,0.9472046494483948,0.97008246,0.86231303,0.78858274,0.8582116961479187,0.7859043962724717
j7dpfssb,1.0,0.999225488,0.9999786575,0.9178082,0.99958384,0.9989321,0.9999998807907104,0.9952128529548644,1.0,1.0,0.9999165,0.99996996,0.76812303,0.7287066578865051,0.9544195604877976
j7q4kfmm,0.0,0.146471962,0.1807306149999999,0.28759575,0.18679635,0.1338117,0.6393693089485168,0.4066364467144012,0.3774091303348541,0.1812967211008072,0.083723634,0.1385724,0.44250074,0.5092146396636963,0.2857022613663289
j84rx6pr,1.0,0.49097599,0.27972174875,0.45101812,0.33976525,0.1892857,0.4353442788124084,0.3199647665023803,0.7299894690513611,0.4480268359184265,0.22109129,0.22134715,0.78309596,0.4667108058929443,0.4135644126867324
j9hvchrm,0.0,0.0136276316,0.0203479139,0.094643876,0.0068089664,0.038527112,0.0201262384653091,0.0335372649133205,0.0316221565008163,0.0008723615319468,0.030108165,0.014374127,0.0058289003,0.006107049062848,0.024348597128787747
jcns6g29,1.0,0.1408294031999999,0.249604045,0.40182686,0.613835,0.48974824,0.021638948470354,0.0532984510064125,0.2170481234788894,0.4856151938438415,0.09905855,0.05046751,0.3559355,0.3295446634292602,0.2698808068022121
jcy127h6,1.0,0.999983992,0.9999978975,0.99789816,0.9999469,0.997025,1.0,0.996306538581848,1.0,1.0,0.999998,0.9999901,0.9675764,0.9748331308364868,0.9948887014552564
jd2v1l1v,0.0,0.0830450909999999,0.068639387,0.1995585,0.030009752,0.1533055,0.0698088929057121,0.064246729016304,0.0670596212148666,0.072665624320507,0.1647895,0.15185678,0.02082358,0.0153722586110234,0.08932163200526254
jd3ih66w,1.0,0.383023336,0.4570883075,0.46468616,0.39959764,0.16194168,0.0904391705989837,0.1226287111639976,0.1575560122728347,0.0804658681154251,0.2016894,0.6128042,0.64655566,0.4936369955539703,0.3286240877850163
jdcz1oa3,0.0,0.167715408,0.1028809384999999,0.39062458,0.22629839,0.018430917,0.1526747196912765,0.584100604057312,0.2168623805046081,0.306551069021225,0.07134378,0.044814516,0.06154404,0.2309237420558929,0.1980588526792549
jdn8ezp7,1.0,0.997670666,0.9986481075,0.9329966,0.99605,0.9993161,0.9997891187667848,0.9890847206115724,0.999998152256012,0.9999991059303284,0.9980926,0.9998588,0.97357523,0.9645753502845764,0.9884349573399189
jdx0pkov,1.0,0.25751563,0.241429125,0.36298802,0.30636105,0.2686846,0.2207278609275818,0.2118910402059555,0.2991277277469635,0.1577347964048385,0.19561306,0.13289562,0.31600314,0.3183643817901611,0.25302585015965384
je2ab2rv,1.0,0.99845695,0.99970565,0.9682988,0.99904513,0.9901546,0.99992573261261,0.994354009628296,0.9999949932098388,0.9999998807907104,0.99977654,0.9995367,0.96169996,0.95769464969635,0.9898955934728534
jedgfjdl,1.0,0.969226208,0.9691744,0.8180417,0.96299624,0.98844826,0.9504467844963074,0.9872021675109864,0.5853946208953857,0.9103189706802368,0.9678686,0.95520806,0.8787831,0.9089553356170654,0.9116972651692296
jegqtoam,0.0,0.0653970558,0.077802405,0.2800481,0.06418546,0.07470321,0.1154790297150611,0.1364904940128326,0.3566165864467621,0.0434938557446002,0.11839481,0.11799798,0.020216294,0.0393661446869373,0.11616857118509182
jeqa2o4m,1.0,0.9999908,0.9999948575,0.9977976,0.9999732,0.9920449,1.0,0.9999962449073792,0.9999979734420776,1.0,0.9999572,0.9999976,0.9976585,0.996581256389618,0.9987683178645442
jeyn9382,1.0,0.99605102,0.994649265,0.900764,0.9834846,0.99064994,0.9978034496307372,0.9788509607315063,0.937900722026825,0.9999994039535522,0.99181354,0.9968781,0.877878,0.902769923210144,0.9653455785076319
jgzlma5u,0.0,0.3606662699999999,0.264894885,0.5214655,0.4152404,0.41545263,0.3523926436901092,0.3226569294929504,0.3023127913475036,0.5147568583488464,0.37247902,0.32243526,0.18023816,0.1198860257863998,0.3434521056666008
ji9kqdgb,0.0,0.0523544244,0.0183952195,0.25526893,0.050202906,0.031142075,0.0289192553609609,0.2727868556976318,0.0152295725420117,0.0768336951732635,0.051073767,0.027620092,0.010802261,0.1037886887788772,0.07649367249636503
jidknwi5,0.0,0.363839888,0.3660804024999999,0.4836957,0.2837953,0.15865129,0.1879108250141143,0.2851153612136841,0.3605101704597473,0.1709515750408172,0.20980734,0.15287718,0.4482335,0.1925985366106033,0.2818513129876128
jja26yfp,1.0,0.99978146,0.999939125,0.9790821,0.98988706,0.9988588,1.0,0.998981475830078,1.0,1.0,0.9999764,0.9974401,0.92256784,0.8752840757369995,0.9816765720436215
jjy4mzvm,0.0,0.0320566224,0.03742133975,0.20324597,0.053832725,0.081117555,0.014448263682425,0.0327491275966167,0.0340469852089881,0.0235698241740465,0.033908017,0.038975663,0.023824073,0.0471025742590427,0.05048451846700916
jks4i2nr,1.0,0.999989212,0.999530745,0.9988883,0.9999818,0.99801564,1.0,0.9926241636276244,1.0,0.9999998807907104,0.9999306,0.99999547,0.97983086,0.9710193276405334,0.9953694706360122
jl6l91f4,0.0,0.00871828484,0.00678611805,0.1321224,0.0012606292,0.012245685,0.00375118968077,0.0056838546879589,0.0014073806814849,0.0007951625739224,0.0037724553,0.0066933013,0.0014352719,3.673923129099421e-05,0.014208344034263631
jmk4x1fd,1.0,0.997968368,0.9979766375,0.9472842,0.9951123,0.99864876,1.0,0.9992886185646056,1.0,1.0,0.9977859,0.99939907,0.80590355,0.8767154812812805,0.970467683488145
joqw5dsk,1.0,0.9998102,0.999858,0.98642516,0.99919,0.9993602,1.0,0.9996917247772216,0.9999794960021972,1.0,0.99979687,0.9999886,0.9420664,0.9675333499908448,0.9918229231361743
jq7w7jp6,1.0,0.973022292,0.9838393375,0.84916735,0.85907364,0.99243236,0.7635682225227356,0.8998143076896667,0.7772595286369324,0.9998129606246948,0.995914,0.9891044,0.9093321,0.7607960104942322,0.9040874238052509
jtgq01te,0.0,0.254961522,0.0796898875,0.4751777,0.42881006,0.022332408,0.1000384464859962,0.1406836807727813,0.0946540683507919,0.0119025455787777,0.064008124,0.07178056,0.23084344,0.4940391480922699,0.18991704544466287
juis2gy9,1.0,0.999524938,0.999926165,0.9444009,0.99827874,0.998744,0.9999836087226868,0.9902107119560242,0.999995231628418,1.0,0.99968386,0.99943244,0.9333608,0.9740764498710632,0.9875089880906303
juy0bvr6,1.0,0.999464408,0.999415435,0.934844,0.99900174,0.9995056,0.9989996552467346,0.9958012700080872,0.9988871216773988,1.0,0.99993044,0.99990636,0.8948457,0.8794150352478027,0.9769242896292326
jwtektsg,1.0,0.995041426,0.9955045575,0.9125192,0.99380136,0.9553884,0.9988330602645874,0.9972519874572754,0.6247426271438599,0.950463891029358,0.989094,0.99416924,0.86500025,0.915639102458954,0.9374960847580027
jwv2qnrm,1.0,0.957333518,0.9563596425,0.75076437,0.88247657,0.8635578,0.9999220371246338,0.9837658405303956,0.9988686442375184,0.65190190076828,0.9138044,0.83838904,0.92992795,0.9699832201004028,0.89977345640471
jxepq85j,1.0,0.99841134,0.9873272025,0.96409476,0.99912566,0.9355232,0.95683491230011,0.9388245344161988,0.9864752888679504,0.7578223347663879,0.9816793,0.99110353,0.96546525,0.974753439426422,0.9567262117136208
jz09owgm,1.0,0.99101001,0.993887225,0.8948965,0.9982133,0.94910467,0.999789834022522,0.9897022247314452,0.9931980967521667,0.9814255833625792,0.99634886,0.9971598,0.9840381,0.996120035648346,0.9819149415013123
jz6us7rp,1.0,0.633819804,0.6680558325,0.64917076,0.39368793,0.4411137,0.1236954778432846,0.4525658190250397,0.1062234118580818,0.1635471135377884,0.8097271,0.41090494,0.90359354,0.5358362197875977,0.483995511427061
jzm3618l,0.0,0.0636739122,0.0708118425,0.26929665,0.052448556,0.081104904,0.1303558647632599,0.0299431625753641,0.1093393564224243,0.3259086608886719,0.051550113,0.08492291,0.025768317,0.025353318080306,0.10157519749461741
jzv9nou3,0.0,0.0269135735999999,0.03328324075,0.18788111,0.035906985,0.36721647,0.1061223819851875,0.1940394192934036,0.4124904572963714,0.3186890780925751,0.041576803,0.020324063,0.037067138,0.010772343724966,0.1378679279801926
k0axycel,0.0,0.0161297416,0.007980266525,0.1180797,0.015630547,0.037874047,0.0023809280246496,0.0037769239861518,0.0028515870217233,0.0053383195772767,0.018852249,0.01716221,0.011446907,0.0171123202890157,0.021124288232601315
k0vm59m6,1.0,0.8690207000000001,0.94098843,0.62609255,0.89875764,0.8840033,0.9950876832008362,0.9965283274650574,0.9991291761398317,0.580385684967041,0.97739947,0.9212076,0.80788803,0.6267963647842407,0.8556373043505391
k1pbcd6f,1.0,0.5598855220000001,0.8252102925,0.4269197,0.80704737,0.9970779,0.9840389490127563,0.9357473254203796,0.7109612226486206,1.0,0.97189313,0.8576163,0.77160555,0.828168511390686,0.8212439056132648
k2l0d1b4,1.0,0.1006412424,0.1416600625,0.3076419,0.09880419,0.49046928,0.583962619304657,0.3163018226623535,0.1638452708721161,0.5752557516098022,0.44825906,0.21475881,0.05531207,0.1454705446958542,0.28018327877267557
k2vmwwyz,0.0,0.0729356156,0.1274251525,0.25553098,0.096182786,0.12836595,0.2494117170572281,0.5946056246757507,0.1152548640966415,0.0506216324865818,0.101852626,0.06756776,0.061681077,0.011563966050744,0.14869228857438052
k30lvylk,0.0,0.5344113420000001,0.4927857475,0.4389115,0.19540067,0.07219787,0.0365642085671424,0.1107217967510223,0.1996283382177353,0.0548169836401939,0.3674001,0.33953324,0.3063079,0.4575226902961731,0.27740018361325136
k36m8jvh,1.0,0.991774118,0.9923801825,0.89966357,0.993629,0.97427607,0.9840636253356934,0.984971284866333,0.9998511075973512,0.9992581009864808,0.99847406,0.9986141,0.93045485,0.9544565081596376,0.9770666598034998
k3ny9v20,0.0,0.0121052436,0.00973524225,0.14905584,0.00992288,0.102193594,0.0081040812656283,0.0322557464241981,0.0080698234960436,0.0127839175984263,0.0414558,0.04107761,0.00027199805,4.980808444088325e-05,0.03285242959759516
k3tgmalw,0.0,0.0517741746,0.0826592985,0.22121957,0.043769285,0.22819489,0.0749356597661972,0.1582008898258209,0.1202073842287063,0.3058144748210907,0.19363566,0.12599957,0.09020591,0.2147241979837417,0.14702622805581209
k5j42oi6,1.0,0.999750192,0.9991847525,0.97227997,0.99064994,0.98331916,0.9920728802680968,0.9864001274108888,0.989088535308838,0.8922877311706543,0.9984132,0.99997073,0.9274736,0.9706451296806335,0.9770412267953162
k63rvwoz,1.0,0.999878952,0.9998967525,0.97574294,0.99863654,0.99708426,0.9999983310699464,0.9985860586166382,0.939559280872345,0.9999970197677612,0.99993783,0.9999847,0.9529877,0.9666635990142822,0.9868426126031516
k7orfqla,1.0,0.998961136,0.999736055,0.9451515,0.9998586,0.9995506,0.9998877048492432,0.9939839243888856,0.9943830966949464,0.9999998807907104,0.9993161,0.99995434,0.9715318,0.97580087184906,0.9906242099063182
k83tqll8,0.0,0.091799682,0.084643741,0.2686463,0.174865,0.019440793,0.0304758455604314,0.0381214432418346,0.0984544083476066,0.0579706728458404,0.07872543,0.10386422,0.36069193,0.3082256317138672,0.13199423828535234
k8hup3ft,1.0,0.993301278,0.9957871775,0.9139185,0.9970233,0.99772763,0.9999911785125732,0.9874749183654784,0.7026351094245911,1.0,0.9571312,0.99412525,0.9167086,0.9864627718925476,0.9570989164380918
k9tr74qg,0.0,0.020428482,0.04985913375,0.122066215,0.019068375,0.16421077,0.0111115192994475,0.0276270434260368,0.0183828063309192,0.0094456141814589,0.03826326,0.013746625,0.0042943656,0.0042027840390801,0.03866976874053405
k9w9pfb3,0.0,0.193065834,0.1923832075,0.41598725,0.16303799,0.17534842,0.1520972251892089,0.2415360510349273,0.1333551108837127,0.1050451844930648,0.12696722,0.2319712,0.30943272,0.2976069450378418,0.21060264293375042
kbp2qd6v,1.0,0.433667786,0.550031655,0.45492542,0.59638095,0.90714574,0.4189699292182922,0.4262222349643707,0.8726605176925659,0.2488229423761367,0.5452784,0.49803293,0.1694398,0.4396863281726837,0.5047126641095422
kbrh7lay,0.0,0.148919158,0.2178632274999999,0.3438207,0.13421667,0.11132031,0.2356950640678405,0.0530571714043617,0.0169221758842468,0.0223943218588829,0.23413652,0.10957217,0.18392804,0.1687026172876358,0.15234985738484363
kdc9x5jz,1.0,0.99275081,0.99542706,0.89657736,0.9432338,0.9970685,0.9888999462127686,0.977493166923523,0.9986203908920288,1.0,0.999536,0.9991839,0.8733473,0.9216435551643372,0.9679831376302044
kdgigatj,1.0,0.990294246,0.996986765,0.8583522,0.984904,0.9770638,0.9999998807907104,0.9811162948608398,0.8334673643112183,0.9998604655265808,0.9967622,0.93863475,0.8285119,0.7022358179092407,0.9298606772006062
kdts1fb2,1.0,0.984494528,0.986930895,0.84925497,0.9964036,0.90536547,0.5814056396484375,0.6954663395881653,0.6128036379814148,0.9813123941421508,0.9628502,0.96744704,0.8662034,0.9370096325874328,0.8713036728421232
kduwtn5p,0.0,0.0198294586,0.01389950025,0.16851646,0.0073779225,0.012808742,0.0126937376335263,0.0016580109950155,0.0101824831217527,0.0029678815044462,0.008364626,0.015164793,0.0005166498,0.0007005910156294,0.021129296647720775
keh5sw22,0.0,0.207477078,0.190559455,0.3606586,0.16208379,0.045129053,0.6938737630844116,0.2814481854438782,0.3170076310634613,0.3703082799911499,0.16792792,0.06890109,0.019305833,0.0799215286970138,0.22804632363691651
kern6yjm,0.0,0.1397689032,0.14585996125,0.29969975,0.060452785,0.12360535,0.2327262163162231,0.192597359418869,0.0641728714108467,0.1058249697089195,0.10791096,0.12619606,0.08572155,0.0819618925452232,0.13588450991154474
kgeuidji,1.0,0.99895707,0.99957866,0.94952536,0.99871963,0.9994931,0.9999997615814208,0.9997368454933168,0.9745233654975892,1.0,0.9991622,0.99987847,0.95692843,0.951933741569519,0.9868026825046482
kgmih6mv,1.0,0.137176543,0.2342522625,0.32479864,0.12687218,0.62866807,0.7353423237800598,0.7442418932914734,0.9411396980285645,0.9423249363899232,0.42099768,0.2509179,0.73471075,0.7551450133323669,0.536660606947876
kh5840ac,1.0,0.999590378,0.999774255,0.9647074,0.99595046,0.9837668,0.9987671971321106,0.9916859269142152,0.9522792100906372,0.9999191164970398,0.9991789,0.9982901,0.8840183,0.9753547310829164,0.9802525211320707
khf33guw,0.0,0.715425106,0.764226235,0.6412154,0.5381434,0.19909358,0.4463267624378204,0.7921402454376221,0.7155177593231201,0.5995988845825195,0.7274704,0.6056483,0.3842368,0.532260000705719,0.5893309902682156
ki3x7995,0.0,0.0538250992,0.03134965425,0.2319471,0.023856167,0.072769195,0.1496429294347763,0.1379606127738952,0.0543301403522491,0.0687674582004547,0.0546849,0.108554296,0.015726026,0.0077411965467035,0.0777811365198522
kjxjq5nv,1.0,0.1631187559999999,0.281530225,0.3137798,0.26041472,0.63022655,0.8324445486068726,0.3252507746219635,0.4768453538417816,0.7451815009117126,0.29827738,0.44245142,0.6016383,0.4430303871631622,0.44724536278042243
kkhzlm72,0.0,0.0220221978,0.035779528,0.13658032,0.02020737,0.03035462,0.1003250926733017,0.0504055730998516,0.00501220067963,0.0184529647231102,0.01420977,0.0073546018,0.0036267978,0.0112987998872995,0.03504844895870715
kkv9rftm,1.0,0.898764974,0.7927774025,0.64673305,0.97375584,0.8404759,0.984840214252472,0.8559348583221436,0.3496424257755279,0.637241780757904,0.92373085,0.9690472,0.8661562,0.777942419052124,0.8090033165123209
kkzmpjrh,1.0,0.99627138,0.9962793225,0.93933797,0.9881615,0.9994104,0.9935461282730104,0.9943001866340636,0.999882996082306,0.9999998807907104,0.9992049,0.99940217,0.9028648,0.8836632370948792,0.9763326146603277
kmalq5u6,1.0,0.999992632,0.99991739,0.9956802,0.99824023,0.9880911,0.9999945163726808,0.9997549653053284,0.9990715980529784,0.9994410276412964,0.99998856,0.99999696,0.9856591,0.9941068291664124,0.9969180852722074
knl2luhh,1.0,0.99996502,0.9999856675,0.9831456,0.99952686,0.9989983,1.0,0.9996278285980223,1.0,1.0,0.99996364,0.99997973,0.9784217,0.9843844175338744,0.9956919818178382
koefukpv,0.0,0.4941566039999999,0.3769307175,0.5119791,0.20066406,0.14843583,0.0588986799120903,0.502296507358551,0.4102803170681,0.0359372869133949,0.6320796,0.79164267,0.37879485,0.3434859812259674,0.3758140156906234
kpk7yswn,1.0,0.999796294,0.9998632025,0.9726832,0.99943715,0.94854033,0.999984860420227,0.9978014230728148,0.998656153678894,0.9990609288215636,0.99965477,0.999951,0.9685265,0.9796868562698364,0.9895109745202567
kps0dxme,0.0,0.640890292,0.6865803,0.5582139,0.6846942,0.4771217,0.7061310410499573,0.7109819650650024,0.6884351968765259,0.8634659051895142,0.6412445,0.62676275,0.70574117,0.6813585758209229,0.6670478073847633
krzd5e9p,0.0,0.0169962512,0.01446818825,0.10883212,0.008730951,0.02608852,0.0184324327856302,0.0308070573955774,0.005585276056081,0.0009065956692211,0.0124445,0.013372427,0.008768649,0.0065567079000175,0.020922282788963638
ktlzkj49,0.0,0.5137275320000001,0.7071216225,0.53889894,0.7207016,0.6658821,0.5531002879142761,0.7168819308280945,0.8278695344924927,0.2659271359443664,0.60156024,0.22521491,0.3257983,0.5362223982810974,0.5537620409200252
ktmqg6nx,0.0,0.0740359479999999,0.1259225964999999,0.31587523,0.0907412,0.103477955,0.0196353290230035,0.0590341798961162,0.0577956885099411,0.156525433063507,0.06819132,0.0684253,0.18960588,0.0726456046104431,0.10783935881561621
kvqywj85,1.0,0.278769264,0.3059990274999999,0.39586958,0.3200894,0.6961597,0.3752146065235138,0.5976705551147461,0.3415883183479309,0.8243218064308167,0.4069069,0.7277279,0.16380122,0.4131140112876892,0.44978709916959203
kwe4bx4l,1.0,0.999788884,0.9998315275,0.97199225,0.99917215,0.99917114,0.9860596656799316,0.9975647926330566,0.9999988079071044,1.0,0.99977314,0.9999512,0.94549304,0.9630143642425536,0.9893699970740496
kz40aq15,0.0,0.0302802508,0.029461262,0.17630148,0.026028797,0.15263537,0.0494482740759849,0.0250516254454851,0.0581651367247104,0.0593343414366245,0.015487317,0.019547718,0.04144724,0.0234134327620267,0.054354018864987044
l28r5p03,0.0,0.0190385101999999,0.015105253075,0.14660528,0.014571305,0.014648279,0.0102054178714752,0.0153268538415431,0.0072899060323834,6.862895679660141e-05,0.008627601,0.006367432,0.0011965221,0.0033622852060943,0.020185636483330195
l48c1cqg,0.0,0.308731814,0.3430071175,0.41875905,0.27497554,0.30645156,0.1227330639958381,0.4425379037857055,0.4467723965644836,0.7247363328933716,0.37680644,0.35934806,0.05692302,0.048610471189022,0.32541482845603237
l51flmna,1.0,0.957907588,0.90280852,0.723809,0.9035952,0.92040926,0.5881819128990173,0.7107482552528381,0.496748685836792,0.964386224746704,0.9105977,0.93173814,0.8961117,0.9256653785705566,0.8332851973312236
l5u7nted,0.0,0.84923459,0.8915115,0.6869479,0.6319338,0.9608347,0.4952820837497711,0.8123989701271057,0.6160691380500793,0.8521119952201843,0.9216764,0.8574045,0.89799786,0.6252878904342651,0.7768224098139545
l7jy7otk,0.0,0.934000448,0.6643159750000001,0.7732831,0.72505206,0.17972891,0.7056378126144409,0.524446964263916,0.5588934421539307,0.380363404750824,0.72646666,0.87009865,0.27524093,0.4687853753566742,0.5989472101645988
l8a78e9r,0.0,0.0126543034,0.00699951625,0.14283465,0.008153999,0.008629412,0.0042941132560372,0.0506798364222049,0.0050852503627538,0.0074176890775561,0.0125446245,0.0044597797,0.001204747,0.0071107014082372,0.020928355567445326
l9ln1p0v,1.0,0.99375847,0.9975658875,0.9258863,0.9933383,0.99869657,0.9996621608734132,0.992424488067627,0.9997105598449708,0.9990097880363464,0.9976849,0.9986365,0.94924664,0.9596217274665833,0.9850186378299184
la8s8hmb,0.0,0.0133531935999999,0.010162030925,0.17015816,0.002356071,0.011327313,0.0009585953084751,0.0189084857702255,0.0031026306096464,0.001004601130262,0.008254407,0.006254333,0.0015095016,0.0044755544513463,0.01937114441499656
lb25485h,0.0,0.0822210068,0.1681959725,0.2660774,0.055352494,0.044605672,0.3143450915813446,0.231256753206253,0.165022999048233,0.1496717482805252,0.056228124,0.044679083,0.006973183,0.0094819441437721,0.1226239593507791
lbpj8t22,0.0,0.542135296,0.5596481825,0.55392003,0.47003683,0.7083284,0.470649391412735,0.6408483386039734,0.4091207683086395,0.6803303360939026,0.6591649,0.7905741,0.8038637,0.726455569267273,0.6165442955528095
lctt058c,1.0,0.999940826,0.9999904,0.9849241,0.9992797,0.9928353,1.0,0.9998626708984376,0.999995768070221,0.9999914169311525,0.9999082,0.9999989,0.9768903,0.9898688793182372,0.9956527277860038
lfzkicwm,0.0,0.4431397119999999,0.2896929525,0.41642088,0.18904504,0.7554015,0.9043062925338744,0.7038542628288269,0.2566270530223846,0.7778450846672058,0.3867445,0.42752904,0.5849469,0.3681644201278686,0.5002859721292431
li076a3k,1.0,0.999873976,0.999959235,0.9817299,0.99688464,0.998307,1.0,0.9989534020423888,1.0,1.0,0.999983,0.9999115,0.8393825,0.9295471906661988,0.9803484110545067
ljefy3zb,1.0,0.76686175,0.7615433924999999,0.5987687,0.60786504,0.122150615,0.7532140612602234,0.9565864205360411,0.8167656064033508,0.6302832365036011,0.78230774,0.6405624,0.47454348,0.7125993967056274,0.6633886029929881
ll8sn5yz,0.0,0.0218181356,0.00964929225,0.17546833,0.0052558566,0.005629524,0.001426089904271,0.00654464866966,0.0090639656409621,0.00019584230904,0.00923557,0.010089554,0.013648916,0.0175480432808399,0.02196721294267485
ll9rzrkb,1.0,0.999908794,0.999928,0.9931413,0.99951273,0.9994303,1.0,0.9990189075469972,1.0,1.0,0.9998331,0.9999797,0.8913361,0.948615789413452,0.986977055458496
llwb7sjw,0.0,0.0585381372,0.1388063615,0.24500704,0.021558579,0.20882651,0.0386102050542831,0.0841718763113021,0.0672254264354705,0.0262279268354177,0.21129003,0.081033856,0.04207393,0.0238906182348728,0.0959431151208728
lm349el8,1.0,0.999840322,0.999979615,0.9765647,0.99992037,0.9994352,1.0,0.99994295835495,1.0,1.0,0.99992275,0.9998959,0.819492,0.9250653386116028,0.978465857997427
lnd581lt,1.0,0.9999707,0.999980925,0.9871906,0.99979883,0.9993904,1.0,0.9999976754188538,0.9999691247940063,1.0,0.9999828,0.9999982,0.99215233,0.9876758456230164,0.9973927254489134
lo0hhgh5,1.0,0.9970948199999998,0.998661475,0.94850713,0.9920859,0.9805919,0.9999333620071412,0.99836927652359,0.9999995231628418,0.999247133731842,0.99815035,0.9988977,0.974651,0.9599270820617676,0.9881627791787956
lorxdtg5,0.0,0.0264440091999999,0.0331436655,0.16940874,0.016011965,0.008310444,0.003519675694406,0.003549754852429,0.0114918397739529,0.103803776204586,0.020510767,0.0444593,0.010419155,0.0098109086975455,0.03545261545560918
lqga3qup,0.0,0.411982372,0.3990004199999999,0.49191177,0.24905086,0.18148077,0.0418674796819686,0.143827199935913,0.0564584843814373,0.1463285982608795,0.3315652,0.5410075,0.15160394,0.2816645801067352,0.26367301341284105
lslaym0w,1.0,0.999355876,0.998880885,0.972219,0.9987459,0.9964776,0.9992220997810364,0.995674192905426,1.0,0.9999982118606568,0.9981694,0.9988876,0.9657203,0.9617348313331604,0.9911603766830985
lt4q9bc2,1.0,0.999654106,0.9993586725,0.98555756,0.999209,0.9940382,0.99907648563385,0.992755889892578,0.9219301342964172,0.9985274076461792,0.99641705,0.9992633,0.9544056,0.9207698106765748,0.9816125551265847
lu3ndz3c,0.0,0.502975834,0.46796754,0.55803037,0.33921874,0.8613774,0.6737762093544006,0.2177077233791351,0.4093458950519562,0.2930701375007629,0.90183425,0.6869777,0.20533343,0.2075339406728744,0.4865499361507023
lu8wpfq2,0.0,0.1066323554,0.143963859,0.35621113,0.3139314,0.31170258,0.0338041335344314,0.0606835186481475,0.1139048784971237,0.1142065301537513,0.14917806,0.070859425,0.4029961,0.2176279425621032,0.18428476252273518
lurmw3uq,0.0,0.0907927705999999,0.19090624,0.28355253,0.021677852,0.08442721,0.0027383002452552,0.0273699425160884,0.0405128002166748,0.0292498469352722,0.25541112,0.12616162,0.054631755,0.1168927922844886,0.10187113690752148
lw0vs52s,1.0,0.998508672,0.99889798,0.9554409,0.99840707,0.981805,0.9999955892562866,0.99899560213089,0.996678113937378,0.8577209115028381,0.99786705,0.999284,0.94173396,0.8907549977302551,0.9704684497352037
lx6dut07,0.0,0.515999346,0.421295955,0.39954412,0.59921455,0.90521085,0.1833129376173019,0.126405656337738,0.5854390263557434,0.202991098165512,0.18022338,0.32745564,0.15084958,0.2885714471340179,0.3758856605084856
ly8ozcyw,1.0,0.84873903,0.948401375,0.75587285,0.9703492,0.9775245,0.9999210238456726,0.9551246166229248,0.9273276329040528,0.999957799911499,0.97244346,0.95656765,0.83861315,0.8813011050224304,0.9255494917928139
lzn9uhjp,0.0,0.0852065883999999,0.0861817689999999,0.22271445,0.07565647,0.2854917,0.3169523477554321,0.8414207696914673,0.1215110048651695,0.2192215025424957,0.25943944,0.15870926,0.055266827,0.0633836165070533,0.21470428813550907
m0g8w85y,1.0,0.829732738,0.7607172150000001,0.6212802,0.64447606,0.7318724,0.7264959812164307,0.668690025806427,0.6038615703582764,0.6775696277618408,0.7587311,0.90813124,0.4410134,0.6110571622848511,0.6910483631098329
m0l2ljk4,0.0,0.1233591012,0.047080991,0.26646125,0.037055343,0.11610472,0.2763537168502807,0.0772078037261962,0.0483585521578788,0.0117420218884944,0.08549361,0.10784347,0.14273567,0.3541822135448456,0.1303060356436689
m291azhz,1.0,0.185146626,0.2205932825,0.4141165,0.5543102,0.3110883,0.0270863063633441,0.0703546106815338,0.1334166526794433,0.2205765545368194,0.097087204,0.13040626,0.35954237,0.4231880903244018,0.24207022746811865
m3pp00cd,0.0,0.398831636,0.2398846,0.45786637,0.24654584,0.34032187,0.1796787828207016,0.740341305732727,0.3305918276309967,0.5638218522071838,0.40801865,0.18079777,0.14741334,0.2449118494987487,0.3445404379915661
m62hdxc6,1.0,0.998693508,0.999119365,0.97171277,0.9955269,0.9952961,0.9943056702613832,0.9996659755706788,0.9506836533546448,0.988584578037262,0.99966323,0.99967027,0.96821,0.9202709794044496,0.9831848461252629
m72qlgdv,0.0,0.112401252,0.2154779475,0.36128777,0.07800433,0.5558069,0.8107426166534424,0.4848854541778564,0.8384091258049011,0.3347771763801574,0.38377798,0.60267186,0.23243958,0.1750697940587997,0.3989039835827044
m7pp0pnn,0.0,0.48957391,0.377882175,0.54852223,0.32611555,0.08223499,0.4727295041084289,0.1290574818849563,0.1527093052864074,0.2526303231716156,0.25736415,0.32018253,0.49991125,0.6171305775642395,0.34815722900120366
m7vh30qb,1.0,0.999686372,0.9999530875,0.98190737,0.9999505,0.99509156,0.9999959468841552,0.99958074092865,0.9998666644096376,0.999999225139618,0.9999318,0.9996651,0.96572876,0.967695951461792,0.9930040656295566
me8f8409,0.0,0.0459869816,0.03458213425,0.25158042,0.060066417,0.0911579,0.4608135819435119,0.5456516742706299,0.0813153982162475,0.1073897704482078,0.08053275,0.06379138,0.02340407,0.057909220457077,0.1464755152450519
mf4nnkm9,1.0,0.282582024,0.1805598974999999,0.31839532,0.07738374,0.27473634,0.0275330450385808,0.1889881491661071,0.0592464283108711,0.3327701687812805,0.49496508,0.40549266,0.5390365,0.1217280402779579,0.25410903023652287
mg87oi0e,0.0,0.155575958,0.133356895,0.31858093,0.1266275,0.065365784,0.5365428924560547,0.419437050819397,0.1842325627803802,0.0414694510400295,0.09261021,0.10118079,0.12191614,0.1528573781251907,0.18844258017085014
mgjcy4v8,1.0,0.8528479260000001,0.81849844,0.6553753,0.5713773,0.7343472,0.4922089874744415,0.7136523723602295,0.6875073909759521,0.3197570741176605,0.72502315,0.6678642,0.33742133,0.4000037908554077,0.6135295739833608
mi6kti22,1.0,0.996675,0.9946860875,0.91000116,0.99247193,0.9887277,0.9965248107910156,0.941146194934845,1.0,1.0,0.98368526,0.9989306,0.9381269,0.919773817062378,0.973903650791403
mjdimbm2,1.0,0.999405058,0.99973185,0.98239994,0.9997959,0.9981543,0.995961368083954,0.9244412183761596,0.9999995827674866,0.9999917149543762,0.9982908,0.9990604,0.95242417,0.9201325178146362,0.9822914028637788
mjdxo100,0.0,0.0339608066,0.03388013225,0.23832893,0.09294622,0.0639399,0.0352820344269275,0.0751812830567359,0.040197480469942,0.3366999924182892,0.14524382,0.061310418,0.05923423,0.0325890928506851,0.09606110308250612
mjsrd9q4,1.0,0.999988982,0.9999816,0.99072033,0.9993639,0.99870276,1.0,0.9991073608398438,1.0,0.9535239338874816,0.9999856,0.9999907,0.92208767,0.9356263279914856,0.9845443972860626
mk2zyzsi,1.0,0.99995335,0.99964245,0.9897157,0.9997463,0.99754894,1.0,0.999474048614502,0.9999998807907104,0.9989117383956908,0.9999377,0.9999899,0.9621053,0.9612113833427428,0.9929411392579182
mkoh109z,0.0,0.0109844896,0.0076391222,0.13145798,0.0018920521,0.016148295,0.0153818093240261,0.0438629835844039,0.0240279622375965,0.0051556453108787,0.009325892,0.0068674874,0.0042104637,0.0016828768420964,0.021433619946077044
mmxixv6c,1.0,0.999841798,0.9999138,0.98875415,0.9991866,0.9954809,0.999982476234436,0.9999826550483704,0.9995839595794678,0.985073447227478,0.9999299,0.9999927,0.8592318,0.9298825263977052,0.9812951317298044
mpq0hzyj,0.0,0.105870664,0.05524633125,0.2863808,0.090102926,0.014700299,0.0380843244493007,0.0652245357632637,0.0638400614261627,0.005328448023647,0.06060786,0.06721583,0.39855224,0.5922959446907043,0.14180386650792912
mpryfzmy,0.0,0.1282043279999999,0.1576172075,0.32748723,0.08866049,0.050621144,0.1989023834466934,0.1211809143424034,0.0485989078879356,0.0472672656178474,0.06897521,0.08810483,0.24347574,0.2524294555187225,0.14011731587027712
mqf7zk94,0.0,0.154633306,0.173309141,0.3273763,0.19698124,0.70928526,0.3417900800704956,0.4804258942604065,0.4857518672943115,0.4435901939868927,0.2151975,0.37274048,0.53323007,0.5855610966682434,0.38614403302156536
msy3paua,1.0,0.51478668,0.47714275,0.5925504,0.65384656,0.66196954,0.4421083927154541,0.3503700792789459,0.3876645267009735,0.5856574773788452,0.5443336,0.2657434,0.48487598,0.651465892791748,0.5086550214512282
mts1egpg,0.0,0.0887525454,0.0677181177499999,0.29312587,0.03854471,0.12976655,0.0161667317152023,0.0951783955097198,0.0251893289387226,0.1326092332601547,0.042248376,0.028979307,0.016733503,0.0161452200263738,0.07624291450770562
mu7jae58,1.0,0.9999832159999998,0.99999218,0.9963783,0.9998844,0.9982476,1.0,0.9983137845993042,0.99999338388443,1.0,0.9999521,0.99999976,0.99613494,0.9951359033584596,0.998770215987861
mufm8zov,1.0,0.9983314960000002,0.9991546125,0.94408536,0.9990238,0.9932105,0.9997851848602296,0.986907124519348,0.9999444484710692,1.0,0.99888855,0.99968535,0.945276,0.9467931985855104,0.9854680480720122
muzuqed0,0.0,0.2909447999999999,0.3354469125,0.4087546,0.10730548,0.26409775,0.5218669176101685,0.130503162741661,0.137343019247055,0.3129372596740722,0.16333938,0.23385304,0.19690832,0.0332076214253902,0.2412698663998728
mv30qabx,0.0,0.0729507808,0.12883551,0.30384138,0.024924051,0.09259078,0.1772184818983078,0.2173861563205719,0.1031055822968483,0.1120496988296508,0.07776129,0.09087597,0.068118975,0.0099350064992904,0.11381489712651302
mvxpj4hn,0.0,0.021060448,0.047939893,0.094597,0.013379089,0.15821105,0.0735509619116783,0.0703252106904983,0.0489859022200107,0.1889726817607879,0.07538858,0.019662656,0.23813763,0.1864020526409149,0.09512408886337617
mwu4cfil,1.0,0.999204086,0.9995690375,0.96593547,0.9987334,0.94178677,0.999996304512024,0.9998447895050048,0.9999189972877502,0.9999304413795472,0.99972725,0.99995565,0.9909972,0.991545796394348,0.9913188609675904
mwuecpnc,0.0,0.6533211979999999,0.54655105,0.5540836,0.4447025,0.5720205,0.5761424899101257,0.7189557552337646,0.7038657069206238,0.4419528245925903,0.51920867,0.72585946,0.45350206,0.5093421936035156,0.570731385250817
mxlvz4qk,1.0,0.999574934,0.9996467625,0.9743123,0.9990517,0.9844674,0.9998916387557985,0.9964943528175354,0.9766043424606324,0.9999825954437256,0.9992515,0.9989913,0.9314326,0.9714701175689696,0.9870131956574356
myx444nl,1.0,0.9934379,0.996350085,0.94069016,0.97731173,0.987934,0.9998185634613036,0.9771058559417723,0.999942421913147,0.9929282665252686,0.9798599,0.9837494,0.9093725,0.9411617517471312,0.9753586565068173
mz2k1ko6,1.0,0.999820758,0.99777403,0.9765222,0.99716353,0.9951658,1.0,0.9963175058364868,1.0,1.0,0.9992577,0.99988705,0.9064783,0.9520576000213624,0.986187805681373
mzsgipps,0.0,0.041422306,0.03621904775,0.22403151,0.022794846,0.015803963,0.0169180762022733,0.0469941012561321,0.0807693377137184,0.0118174236267805,0.029543925,0.016694175,0.004008769,0.0031879344023764,0.04232349345779082
n2hloiki,1.0,0.99973548,0.999420825,0.96446663,0.99660265,0.99755466,0.9998797178268432,0.9990400075912476,0.9833803772926332,0.7799421548843384,0.9998559,0.99998003,0.9901751,0.997353732585907,0.9774913280908439
n3b8pfy4,1.0,0.999911326,0.99936999,0.9805924,0.9976558,0.9655591,0.9987300038337708,0.999001681804657,0.9496265649795532,0.9724064469337464,0.9995144,0.99999624,0.97212446,0.9920616745948792,0.9866576990882006
n3dkvr5n,1.0,0.99969876,0.9998892675,0.9887533,0.9999691,0.97586465,0.9999995231628418,0.9992032051086426,0.9992836713790894,0.9187036752700806,0.9996115,0.99917424,0.9760393,0.99501371383667,0.9885541063918833
n8lfjdtv,0.0,0.05961006,0.041675176,0.20639825,0.11680351,0.14622596,0.0754329115152359,0.1310304105281829,0.2743757963180542,0.2089502662420272,0.057979703,0.050850056,0.0155880675,0.0140464641153812,0.10761281778606778
n8lpy857,0.0,0.0454469708,0.045344014,0.2081786,0.031411216,0.08872567,0.1088871657848358,0.0516084469854831,0.0487584993243217,0.0258173998445272,0.060582504,0.069944456,0.03196301,0.1461907923221588,0.07406605731240974
n9wszv83,1.0,0.1291117748,0.142167505,0.3124531,0.2398507,0.3972633,0.2340217977762222,0.2267384827136993,0.1913996785879135,0.6377706527709961,0.20298368,0.12611197,0.23606466,0.296678215265274,0.25943196283954656
na6u48gw,1.0,0.8786783140000001,0.9530086775,0.5734576,0.7534461,0.9555695,0.1768117547035217,0.9850153923034668,0.9988373517990112,0.9998956918716432,0.95790327,0.7858118,0.9325711,0.8845378756523132,0.8335034175253814
nal3gywi,1.0,0.59005993,0.7175864224999999,0.6165428,0.32459038,0.89251965,0.6398126482963562,0.8725573420524597,0.8534141778945923,0.9766789078712464,0.78444684,0.6934508,0.21462882,0.2276726216077804,0.6464585646324952
nawnga41,1.0,0.994269634,0.9927145,0.8988429,0.98811436,0.9837551,0.998745322227478,0.9948994517326356,0.9801173806190492,0.9817717671394348,0.9942229,0.99487567,0.96294105,0.9703217148780824,0.9796609038920523
nbhgfb2f,1.0,0.99999108,0.9999980075,0.9964877,0.9999539,0.9993838,1.0,0.9998883008956908,1.0,1.0,0.99999607,0.9999981,0.9883003,0.9861019253730774,0.9976997064437514
ndfdw79w,1.0,0.856905606,0.8782661,0.72406125,0.8138193,0.9461217,0.8888446688652039,0.8910912275314331,0.9671414494514464,0.9882882237434388,0.94383395,0.86531794,0.9374402,0.928876519203186,0.8946160103688237
ndxjn7de,1.0,0.306905524,0.4495120075,0.57799923,0.77771425,0.5548352,0.6842271685600281,0.6387640237808228,0.9350214600563048,0.6488300561904907,0.35397536,0.25520197,0.64914674,0.6303637623786926,0.5740382117281799
nf7c3dd0,1.0,0.9987682,0.998760435,0.92906654,0.99530566,0.9462942,0.9996920228004456,0.981107771396637,0.9978037476539612,0.9999998807907104,0.9908359,0.9966763,0.93372464,0.9477501511573792,0.9781372744621865
nffykpl3,1.0,0.643534096,0.6171658825,0.57492566,0.5737844,0.12594664,0.2730208337306976,0.2065172642469406,0.2039694488048553,0.5553421378135681,0.5469723,0.42994022,0.56160754,0.8216705918312073,0.47187669345594374
ngz6wmdw,1.0,0.958895064,0.9801906425,0.8223118,0.9073804,0.9799263,0.6923926472663879,0.8749215602874756,0.8985646367073059,0.9999585747718812,0.98927116,0.99528444,0.84736025,0.8472287654876709,0.907206633924671
ni8tndfw,1.0,0.991375546,0.99184809,0.876963,0.9561554,0.9823358,0.9957643747329712,0.9624413251876832,0.7855890989303589,0.9613956212997437,0.99322397,0.98773265,0.88483423,0.9382948875427246,0.9467656918225754
njc2goui,0.0,0.184327206,0.2775995175,0.3286131,0.15624055,0.15919214,0.1695726662874221,0.3036840856075287,0.0221561733633279,0.1081979125738143,0.13561898,0.068173885,0.16838121,0.1139917597174644,0.16890378354227364
nkb4ehou,1.0,0.112372482,0.0653482025,0.27583522,0.13175195,0.36891985,0.1540858149528503,0.3173156678676605,0.1213777363300323,0.3315835893154144,0.100316085,0.16880706,0.09398567,0.1339070796966552,0.1827389544355856
nklybwgm,1.0,0.999984128,0.999996675,0.99612707,0.99983513,0.9981791,1.0,0.999878227710724,1.0,1.0,0.9999854,0.9999827,0.9848653,0.992857038974762,0.9978221361296528
nl63gagu,1.0,0.994491872,0.9913358875,0.94844174,0.9722621,0.99703634,0.9999053478240968,0.992768168449402,0.9998916387557985,1.0,0.99797714,0.9993913,0.8989425,0.9480357766151428,0.9800368316264954
nlhapwf5,1.0,0.99717063,0.9937297425,0.9539242,0.9847738,0.9562638,0.9993594288825988,0.9885193109512328,0.991296648979187,0.9703834056854248,0.9675859,0.9901581,0.86959636,0.8834851384162903,0.9650958819549795
nmnr06dj,1.0,0.991322322,0.988369865,0.8904282,0.90834713,0.99583197,0.9999985694885254,0.982568085193634,0.8426445722579956,1.0,0.9890179,0.99964464,0.94029856,0.9216530919075012,0.9577018389113581
nmwvsb0u,1.0,0.99999902,0.99999091,0.99693346,0.99379677,0.9971651,1.0,0.999996542930603,0.9998598098754884,1.0,0.9999993,0.9999997,0.97845864,0.9621912240982056,0.9944913428387921
noljq52w,0.0,0.122683328,0.14531298625,0.24793926,0.06560575,0.41935986,0.1685928702354431,0.3327955305576324,0.0663576647639274,0.2367001324892044,0.30655724,0.2178086,0.010966278,0.0143389925360679,0.18115526867940573
nprb58yj,0.0,0.0623225445999999,0.06038630575,0.25582677,0.028804168,0.008979831,0.0190129727125167,0.0647002682089805,0.1021887436509132,0.018654428422451,0.024202015,0.006632714,0.07189576,0.1186514943838119,0.06478907813297487
npsv8dkm,0.0,0.0299409834,0.0244399457499999,0.1813069,0.013775902,0.032236725,0.0003773578209802,0.0035270149819552,0.0184747483581304,0.0029239309951663,0.0228673,0.013444917,0.02088543,0.0076214466243982,0.028601738610048475
nqetmni3,0.0,0.1152240116,0.1046940135,0.3615048,0.16317801,0.49509043,0.1922510117292404,0.3425270617008209,0.2333645522594452,0.6125199198722839,0.40978175,0.37302136,0.083350666,0.2282906770706176,0.28575371259480065
nqjqijc1,0.0,0.0103109129399999,0.009913368,0.092843466,0.007498824,0.016951434,0.0070710591971874,0.0274478197097778,0.0075632901862263,0.0095690097659826,0.010094658,0.009402434,0.014685689,0.0209137331694364,0.018789669074508495
nrlst548,0.0,0.524155266,0.263473285,0.51442844,0.5341445,0.58371073,0.750601053237915,0.7560197710990906,0.6253177523612976,0.3575034439563751,0.2920599,0.3744047,0.24670583,0.3018050193786621,0.47110228392564163
ntj5r2sl,1.0,0.999327854,0.98872516,0.9738381,0.99771357,0.95857084,0.9999647736549376,0.8952668309211731,0.999997615814209,0.993849515914917,0.99362135,0.9912653,0.9873657,0.9807901978492736,0.9815612929349624
ntrfzwkx,1.0,0.126114702,0.1426497475,0.33690906,0.043059386,0.15116535,0.0285138636827468,0.2670177221298218,0.044853463768959,0.023942794650793,0.20624542,0.045948513,0.07073956,0.0774204432964325,0.12035230969451947
nvg5vmf6,0.0,0.0891605487999999,0.09678389025,0.2756232,0.102836065,0.20779368,0.0130018917843699,0.1118660196661949,0.311180979013443,0.1277796775102615,0.123717815,0.13266596,0.011023056,0.0036560031585395,0.1236222143217545
nwnguczh,1.0,0.706826698,0.899460015,0.5703651,0.9287001,0.47017652,0.8293941020965576,0.9912668466567992,0.9191305041313172,0.4442036151885986,0.36625051,0.3463709,0.611822,0.7314373254776001,0.678108018196221
ny181acj,0.0,0.04313091,0.021436352,0.2039507,0.036155026,0.0140956305,0.0458164140582084,0.0204802434891462,0.0961261540651321,0.1347113847732544,0.016015153,0.022811648,0.18048689,0.093926228582859,0.07147251803604615
nz1udbfw,1.0,0.99970694,0.9997454525,0.9693934,0.999627,0.9726628,0.9999662637710572,0.999848246574402,0.9994934797286988,0.9991150498390198,0.9993001,0.9997843,0.99396825,0.9917590022087096,0.9941823295862992
nz3a8v4x,0.0,0.10198406,0.0671805987499999,0.31766438,0.15502137,0.22749928,0.0630013570189476,0.2236395627260208,0.1476680338382721,0.1188231855630874,0.08629429,0.21593851,0.005808768,0.0052068890072405,0.1335177142233514
nzy47quu,0.0,0.0202451838,0.0106732225,0.17990212,0.013457135,0.041103475,0.0220950078219175,0.0551578588783741,0.0458051078021526,0.0227345656603574,0.018837132,0.009082504,0.0054413048,0.0048155449330806,0.03456539709199094
o091c795,1.0,0.999586292,0.999425485,0.94819266,0.9993988,0.9955537,1.0,0.9999943971633912,0.9999359846115112,1.0,0.99985945,0.99983764,0.9628364,0.97492516040802,0.9907341514756096
o2nqw4c6,0.0,0.0343370875999999,0.0337362735,0.19256629,0.019852782,0.07049862,0.1033358350396156,0.0604578256607055,0.0368588827550411,0.0603823885321617,0.022912923,0.02133232,0.021851007,0.0927996858954429,0.05930168622945897
o30ubmc9,0.0,0.034653499,0.0506159065,0.24265644,0.029530674,0.17073141,0.0596436373889446,0.1135891526937484,0.0708852410316467,0.0336751714348793,0.08342222,0.13338262,0.14278638,0.0151385841891169,0.0908239181721797
o31nzsxp,1.0,0.999811746,0.9998299125,0.98100245,0.99894994,0.9964011,1.0,0.9998615980148317,0.9999796748161316,0.9999969601631165,0.99991125,0.99997944,0.9617493,0.9756632447242736,0.9933181243244887
o4jnmyk8,0.0,0.12953608,0.1626628375,0.2804293,0.07855272,0.27523926,0.14945088326931,0.1013083606958389,0.0265554971992969,0.1283553838729858,0.10799303,0.215965,0.17440492,0.2163312137126922,0.15744496048077877
o4rq3q7g,1.0,0.968701072,0.9381724525,0.86783326,0.9875913,0.5878306,0.2038766890764236,0.4448055028915405,0.8284630179405212,0.1735039055347442,0.94269204,0.8914243,0.7993622,0.8967401385307312,0.7331535752672278
o4z533zs,0.0,0.336183034,0.3135920275,0.41860422,0.4486105,0.24022377,0.1079195737838745,0.2352634221315384,0.7647568583488464,0.0526690371334552,0.29119384,0.28410566,0.23801118,0.4037034213542938,0.31806434955784685
o67bxcd2,1.0,0.999351966,0.99985601,0.98186064,0.9460086,0.9962479,1.0,0.9951715469360352,0.9168277382850648,1.0,0.99994457,0.9997318,0.83696944,0.8440188765525818,0.9627682375210525
o6l1f90s,0.0,0.0499639693999999,0.0955641015,0.20594075,0.12091938,0.2217298,0.0635263100266456,0.2185899317264557,0.0142658036202192,0.0333950296044349,0.095583245,0.08030002,0.05255916,0.0184606593102216,0.09775370462984438
o7vbhh5o,0.0,0.2312522579999999,0.3491487825,0.33285362,0.85188323,0.51191676,0.3223406672477722,0.3429432809352875,0.41715207695961,0.5161320567131042,0.6561692,0.33218828,0.5110171,0.3579980731010437,0.44099964503513983
o8e7flqh,1.0,0.99999237,0.9999531275,0.99789715,0.99994105,0.99073195,1.0,0.9995663166046144,0.9999745488166808,0.9999836683273317,0.99997455,0.9999969,0.931147,0.9440456628799438,0.9894771764714285
oa2vcywl,0.0,0.314948864,0.19780967,0.43358284,0.31428504,0.23487613,0.1696407049894333,0.0786148533225059,0.0540205128490924,0.0580659694969654,0.16060416,0.1426705,0.16269472,0.2265810370445251,0.19603038474634785
oa35qbb3,1.0,0.998663674,0.9982464825,0.93035984,0.9977231,0.9953592,0.9999693632125854,0.999139130115509,0.9999914169311525,1.0,0.9993777,0.99969375,0.96387744,0.9161134362220764,0.9845010409985632
oafn33vm,1.0,0.99938614,0.9997176525,0.9564572,0.98797584,0.998584,1.0,0.9992451667785645,0.9985575675964355,1.0,0.9993571,0.99952686,0.90157443,0.9419386982917786,0.9832552811666753
oau8p1wk,0.0,0.120331768,0.10936555625,0.3245493,0.034732904,0.113045186,0.0318138562142849,0.1272395104169845,0.0327230282127857,0.0321971997618675,0.12793072,0.069738224,0.02709657,0.0327327772974967,0.09103820001180149
ob5apo4l,1.0,0.999989886,0.999963715,0.99299705,0.9998714,0.9996636,1.0,0.9999869465827942,1.0,1.0,0.9999926,0.99998796,0.9850999,0.988717794418335,0.9974052193847023
ods1eeur,1.0,0.998235274,0.99879985,0.89855886,0.99569136,0.9656569,0.999648094177246,0.9936522245407104,0.993687391281128,0.9917284846305848,0.99554175,0.9996799,0.9171272,0.8891288638114929,0.9720873963416279
odsx4nxv,0.0,0.0092148803999999,0.0108390794,0.081322454,0.0035561132,0.05115988,0.0052475365810096,0.0141595564782619,0.0157336257398128,0.0025867810472846,0.01598461,0.009747909,0.013699498,0.0205220375210046,0.019521073951336416
ofkjw6ny,0.0,0.0809540109999999,0.12272821375,0.27632403,0.03825956,0.46784908,0.1900156289339065,0.1322549283504486,0.159709483385086,0.6399374008178711,0.08098157,0.06229697,0.109763935,0.1263949573040008,0.19134382834933178
ofn1r4kz,1.0,0.99998358,0.9999797525,0.9956745,0.999769,0.9968757,1.0,0.9999090433120728,0.9999899864196776,0.9997355341911316,0.9999946,0.99999994,0.94067407,0.9542012810707092,0.9912911574995071
ofwb0hpm,0.0,0.27175737,0.221694305,0.3827055,0.10027792,0.9875722,0.4812168180942535,0.3737165629863739,0.1640508770942688,0.9998906254768372,0.35937238,0.72182834,0.30334494,0.341788500547409,0.4391704876307034
ogwlacol,0.0,0.0538285979999999,0.0811583525,0.28661966,0.026696388,0.1776712,0.0861406177282333,0.254142701625824,0.0976154878735542,0.1629148721694946,0.04137551,0.058845066,0.44245705,0.2395087033510208,0.15453647748062513
oi5j8yit,1.0,0.944100206,0.9506321275,0.7533395,0.786006,0.9167665,0.9967465996742249,0.97327983379364,0.9905333518981934,0.9884350895881652,0.9018351,0.99482584,0.784837,0.8786136507987976,0.9123039076348478
oi9wm1sa,1.0,0.998261776,0.9965137875,0.91982615,0.9774859,0.99242854,0.9989289045333862,0.9974914789199828,0.9900599122047424,0.9884458184242249,0.99227166,0.99940014,0.9153614,0.9202168583869934,0.9758994096899485
oiq2q4qe,1.0,0.996854998,0.995274855,0.91399336,0.99797916,0.85242116,0.9999676942825316,0.9993486404418944,0.9999548196792604,0.9962750673294068,0.9961293,0.9976241,0.7328155,0.7854904532432556,0.9433945467674115
ojrpp7r9,1.0,0.991201032,0.9691099,0.87256473,0.9293248,0.9706428,0.7466193437576294,0.5535187125205994,0.6143706440925598,0.9123336672782898,0.9882178,0.989092,0.9495382,0.927767276763916,0.8780231466471535
ojtxcf0k,0.0,0.0764435736,0.1327493625,0.2869359,0.09412717,0.12549706,0.0315921120345592,0.0444745905697345,0.126263216137886,0.1851516515016555,0.1309245,0.13725372,0.100478776,0.0558692403137683,0.11752006712750795
oln3eh1v,1.0,0.5480761999999999,0.5711009975,0.48105145,0.78140855,0.64715177,0.6876581907272339,0.7404161691665649,0.7803376317024231,0.6397159695625305,0.5766101,0.8191541,0.80559015,0.8182241320610046,0.6843458008245967
om2zkf5b,1.0,0.520876718,0.5065597825,0.5419055,0.1732329,0.41815633,0.6837872266769409,0.5059172511100769,0.9279552102088928,0.617203950881958,0.72295094,0.37246698,0.2618974,0.533270537853241,0.5220139020947008
omrde51k,0.0,0.0522222948,0.10331783825,0.14234981,0.07576295,0.108652934,0.0119005041196942,0.0308235455304384,0.0125015592202544,0.0659771785140037,0.10768144,0.10845874,0.02855393,0.0232669599354267,0.06703612956690905
omtzzf8a,1.0,0.988892564,0.9929672625,0.8829371,0.94729984,0.89244926,0.9990100860595704,0.9990919828414916,0.9140548706054688,0.8700416684150696,0.99562764,0.99051476,0.9066057,0.8663543462753296,0.941988236976687
omuwahk2,1.0,0.99981348,0.998870805,0.98603606,0.9990209,0.99577594,1.0,0.9993432760238647,1.0,0.9999899864196776,0.9991252,0.99961805,0.97642034,0.9846275448799132,0.995279967871035
on8uujs7,1.0,0.9851126879999998,0.99703795,0.86087143,0.97105306,0.9662645,0.99950510263443,0.9982413053512572,0.9351646304130554,0.9999597072601318,0.9903221,0.99421084,0.89795995,0.8680992126464844,0.9587540366388737
onxd70fe,1.0,0.99994179,0.9999675075,0.984625,0.9996526,0.99696314,1.0,0.9998128414154052,0.9999871253967284,1.0,0.9999747,0.9999885,0.9335511,0.9644938111305236,0.9906889319571275
oop767j2,1.0,0.75256774,0.7040270424999999,0.5897529,0.9281508,0.6526519,0.7163286805152893,0.6762769818305969,0.9821129441261292,0.5024437308311462,0.68577975,0.77443004,0.6336066,0.6099262237548828,0.7083119487352342
oq8jxlfi,0.0,0.344840796,0.17603418,0.43935648,0.112162486,0.16856714,0.2687706649303436,0.2737990915775299,0.3258802890777588,0.2744877934455871,0.20405795,0.29682326,0.2279554,0.1720920354127884,0.252679043572616
oqw9ja2m,0.0,0.2174177799999999,0.279850165,0.4185808,0.17354247,0.058731794,0.1763596981763839,0.0189248286187648,0.0177688114345073,0.0276999529451131,0.11966826,0.07676348,0.012966307,0.0568931549787521,0.12732057708873237
oriq8hke,1.0,0.7519483539999999,0.796820275,0.64965,0.7885027,0.80117965,0.5818679928779602,0.6383499503135681,0.6095812320709229,0.7640594840049744,0.65822977,0.5230582,0.37280414,0.3497025072574615,0.6373657119634529
ork1djrw,0.0,0.099175404,0.1194574585,0.2610751,0.08311404,0.25018987,0.3042516410350799,0.1877060532569885,0.1654231250286102,0.1598871499300003,0.19939557,0.055042043,0.34636813,0.3558967709541321,0.19899864274652393
os6zle6k,1.0,0.999810844,0.99835132,0.9786078,0.9960568,0.9945227,1.0,0.9988279342651368,1.0,0.9999997615814208,0.9932983,0.9998203,0.92549205,0.9713727831840516,0.9889352178037837
os9xtogn,1.0,0.999997572,0.9999954925,0.9982219,0.9998006,0.9970162,1.0,0.999397337436676,1.0,1.0,0.9999992,0.99996096,0.95747656,0.9515630602836608,0.9925712063246411
othlqh7p,1.0,0.999906898,0.999985815,0.99522626,0.99956024,0.9926366,1.0,0.999756932258606,1.0,1.0,0.99999213,0.9999321,0.97078,0.9807651042938232,0.9952722368886483
oufhw8wl,1.0,0.995082728,0.9965578375,0.92064905,0.9998373,0.98580295,0.9926268458366394,0.9785292744636536,0.9988857507705688,0.9999085068702698,0.9951635,0.9961709,0.88130844,0.9331201314926147,0.9748956319179807
ouhylu6k,1.0,0.4198017079999999,0.5960323875,0.5258553,0.47938547,0.42822605,0.8632156848907471,0.6547468900680542,0.6092389822006226,0.7705371975898743,0.57016194,0.49001136,0.68503004,0.8208679556846619,0.6087008435333815
ouz1egnt,1.0,0.99987412,0.99990102,0.9795091,0.9998586,0.9964857,1.0,0.9999075531959534,1.0,1.0,0.9999593,0.9999957,0.96332544,0.982258677482605,0.9939286315906585
owt9nm3v,1.0,0.939065896,0.9568549525,0.81979746,0.818166,0.9355351,0.7443171143531799,0.9233916401863098,0.9282066226005554,0.9731801152229308,0.99009156,0.99183524,0.852957,0.9521238803863524,0.9096555831730252
oyc3rwqm,1.0,0.882664528,0.920891175,0.6837537,0.92928267,0.9616331,0.9665585160255432,0.9419924020767212,0.8179321885108948,0.9955754280090332,0.95878494,0.9893753,0.9062985,0.8113124370574951,0.9050811449753606
p00nqohn,0.0,0.690004748,0.7051425499999999,0.5549936,0.63568294,0.15327744,0.4877660572528839,0.4481997489929199,0.5413915514945984,0.0911116078495979,0.3144509,0.28552508,0.09709181,0.2978048920631408,0.4078802250502416
p3frb7ei,1.0,0.999943232,0.9999695125,0.9932298,0.99990237,0.9998735,1.0,0.9998159408569336,0.9999972581863404,1.0,0.99993086,0.99999666,0.9604442,0.9608450531959534,0.993380491287633
p3lyex3s,1.0,0.926429172,0.896948785,0.8067759,0.8904047,0.51461643,0.749978244304657,0.7132413387298584,0.8099405169487,0.4307230114936828,0.82953477,0.9821203,0.7801033,0.9005976915359497,0.7870318584625269
p6mkt7s1,1.0,0.99978236,0.9999503375,0.9690079,0.9998454,0.99743587,1.0,0.9999958276748656,0.9999871253967284,1.0,0.999921,0.99999166,0.9442326,0.9733424186706544,0.9910377307109423
p6nlnqbu,0.0,0.0600691525999999,0.1107257675,0.26059616,0.057767846,0.19383849,0.0700253546237945,0.1257839202880859,0.0617139041423797,0.2049629986286163,0.085211396,0.07983802,0.21934038,0.1563135981559753,0.12970669137991167
p8hqmabs,0.0,0.0212981896,0.0191419095,0.19522345,0.011054817,0.39933845,0.0026400489732623,0.0232323296368122,0.0074190990999341,0.0078210588544607,0.10114596,0.0332437,0.01221366,0.0029436952900141,0.06436279753496027
p97bmzrr,1.0,0.8803377720000001,0.926425225,0.6649374,0.88557374,0.8852383,0.8754246830940247,0.8939241170883179,0.9342420101165771,0.7442389726638794,0.8486619,0.9352101,0.6532353,0.7495872378349304,0.83669513521521
p9a9uri7,1.0,0.99989492,0.99995776,0.9753064,0.9996432,0.9988742,1.0,0.9996348023414612,0.9999871253967284,0.9995970726013184,0.99991286,0.99999595,0.9846686,0.9820477962493896,0.9953476681991461
p9lbsmwp,0.0,0.0422132871999999,0.0542439875,0.18208066,0.015085923,0.09080242,0.192685067653656,0.2490821629762649,0.1274308264255523,0.0889586731791496,0.06591216,0.046599917,0.007905393,0.0105513846501708,0.09027322019883029
p9w4j66c,0.0,0.00684166762,0.0086281735,0.09816605,0.0028337627,0.088603854,0.0135583598166704,0.0858897492289543,0.0342379286885261,0.2608703970909118,0.017142195,0.012100386,0.009570299,0.0058982917107641,0.049564701104294354
pbhsahxt,0.0,0.0444006614,0.039709173,0.23058954,0.030713167,0.00930954,0.0741697922348976,0.1544559001922607,0.2154280841350555,0.082895778119564,0.04348228,0.014351442,0.17212929,0.0642200633883476,0.09045036242077888
pcaduvl9,1.0,0.996536794,0.9970005875,0.8190553,0.98919356,0.9975089,0.9999997615814208,0.9998403787612916,0.9993839263916016,0.8926544189453125,0.99915075,0.9230205,0.96799606,0.9149367809295654,0.9612520735790594
pceo934t,0.0,0.0143888523,0.007571360725,0.12761363,0.008495231,0.022861082,0.0029383082874119,0.006655401084572,0.0615320578217506,1.2947571121912915e-05,0.004265017,0.005855428,0.0020355731,0.0016504999948665,0.020451952991132533
peqydbpg,1.0,0.882643232,0.95312544,0.71432143,0.8938738,0.9872972,0.8186493515968323,0.9366482496261596,0.9677087664604188,0.7826088666915894,0.984638,0.96356976,0.8908886,0.8941534757614136,0.8977020132412626
pfdrwb2s,0.0,0.0652139732,0.06635317925,0.25468647,0.024250787,0.14542153,0.2488242089748382,0.1052833348512649,0.1138322353363037,0.0796075761318206,0.03836008,0.03809313,0.038470015,0.0249754954129457,0.0956440011659364
pfg8pjvr,0.0,0.0637296574,0.120545931,0.2786299,0.12302303,0.29720026,0.0019264516886323,0.0089208362624049,0.0389416068792343,0.0556785985827446,0.21955074,0.13640667,0.09004256,0.1146187558770179,0.11917038443769495
pgyvyv2g,1.0,0.8147030520000001,0.8935462375,0.75313437,0.7683595,0.7671614,0.9442366361618042,0.9219347238540648,0.8488816022872925,0.7376524806022644,0.90633035,0.6027048,0.92619085,0.9287424087524414,0.8318137239352207
piqnhqe8,0.0,0.2037694799999999,0.263512035,0.33911645,0.16808283,0.35875428,0.5183048248291016,0.5413578152656555,0.7315313816070557,0.3036319017410278,0.23710835,0.147246,0.040148582,0.1030003875494003,0.3042741783070954
pjq50xcx,0.0,0.0456388304,0.03841863475,0.2422978,0.012195891,0.051371597,0.0569726340472698,0.0365381762385368,0.0201380662620067,0.1385890394449234,0.03626901,0.039603032,0.04718239,0.0242206268012523,0.060725825226460695
pk0qtl3q,0.0,0.112435069,0.0624641804999999,0.31152254,0.04807185,0.0318324,0.2112450450658798,0.2377185076475143,0.2129371017217636,0.5024378895759583,0.11163327,0.037119877,0.09992617,0.1909384876489639,0.1669447990892369
pkianouo,0.0,0.1045038197999999,0.1807009975,0.2688712,0.17113206,0.4375393,0.5538037419319153,0.4501326084136963,0.4692883789539337,0.7388834357261658,0.27710035,0.27894682,0.2483826,0.1878042668104171,0.335929967625856
pkyrybov,0.0,0.0615817907999999,0.0688586825,0.258485,0.066009924,0.045938164,0.0662028938531875,0.1793004721403122,0.0259388480335474,0.0776821672916412,0.040427357,0.018978715,0.36349553,0.26877561211586,0.11859039667188834
pnf8f3gr,1.0,0.679745888,0.7203664025000001,0.72737336,0.8063332,0.8795577,0.2531455755233764,0.5704848170280457,0.738887369632721,0.5133539438247681,0.7915908,0.7304733,0.7830044,0.8024674654006958,0.6920603247622775
pnsm43d8,0.0,0.207800002,0.34817074,0.35177585,0.15439604,0.08838619,0.015403245575726,0.0717231780290603,0.4970919191837311,0.3007340431213379,0.539464,0.14385976,0.091213085,0.1015413850545883,0.2239661106126495
po6j0m3l,1.0,0.989825598,0.97545012,0.8784075,0.8872647,0.96802557,0.9218745827674866,0.9353874921798706,0.7614231705665588,0.9528052806854248,0.98775136,0.99345756,0.7616979,0.7086942195892334,0.9016973118298903
pocr0vhv,0.0,0.0576065231999999,0.067990553,0.20618945,0.059856422,0.28127575,0.0438554026186466,0.2321220189332962,0.1275514811277389,0.0705234259366989,0.18671522,0.1575036,0.090826645,0.1089855134487152,0.1300770773280843
ppbmqiyf,0.0,0.297351016,0.3283279825,0.42269224,0.17019348,0.71562165,0.5145971775054932,0.7015324234962463,0.5126670598983765,0.734450101852417,0.4574849,0.5692116,0.4994148,0.3394854664802551,0.4817715305948299
pr424tkb,0.0,0.0308452634,0.02433484725,0.19969845,0.033130653,0.0885975,0.0503920949995517,0.0516123361885547,0.263993501663208,0.0864891335368156,0.04317146,0.014797933,0.06274986,0.0642400234937667,0.07800408127168434
psaldnj7,1.0,0.997268908,0.997549075,0.9207715,0.9745697,0.7501688,0.8647415041923523,0.920840859413147,0.7740384340286255,0.6714183688163757,0.9900304,0.9990492,0.9304577,0.9468339085578918,0.9029029506160301
pthowq1g,0.0,0.387221524,0.668312285,0.4423856,0.27613342,0.7429954,0.2033592909574508,0.287072479724884,0.1378259062767028,0.2772057056427002,0.37204674,0.27847564,0.04762178,0.1220206692814827,0.3263597262217863
ptkezjss,0.0,0.532807476,0.3845085475,0.4892252,0.43019438,0.7248719,0.3207121789455414,0.5387274026870728,0.6824277639389038,0.1425714045763015,0.4603371,0.5176784,0.4553904,0.6583880186080933,0.4875261670966087
pu3et1ov,0.0,0.1003967443999999,0.1054977335,0.3029181,0.029105168,0.32546052,0.0865637734532356,0.2936267852783203,0.1503070443868637,0.1382116079330444,0.08302753,0.17903854,0.046922818,0.0064998990856111,0.142121251079775
pw2gkqra,1.0,0.995364324,0.9990136875,0.9384759,0.98580456,0.99665844,0.9978438019752502,0.9603003263473512,0.7632418274879456,1.0,0.9917306,0.96867657,0.8760648,0.8163669109344482,0.9453492883265383
pwbsf3q0,1.0,0.846192026,0.948228775,0.7831291,0.9607953,0.9911789,0.8620772957801819,0.4244526922702789,0.8480724692344666,1.0,0.98903424,0.83996534,0.9351425,0.902367115020752,0.8715872887158215
pwh0mx1e,0.0,0.0931456388,0.0731234465,0.27188015,0.111013405,0.54025316,0.1432804763317108,0.1509844362735748,0.0658794790506362,0.1727078408002853,0.14397585,0.15075636,0.17053151,0.0439382269978523,0.16395922921185072
q10f7ia4,1.0,0.1041571612,0.1283737825,0.33328635,0.092131704,0.6237281,0.5002533197402954,0.1082815527915954,0.4069227576255798,0.0382040590047836,0.40272793,0.2086092,0.07967646,0.3099730014801025,0.2566404137186429
q3b9so0u,1.0,0.999860764,0.9995841,0.97547734,0.9990479,0.98128986,0.9999986886978148,0.9996848106384276,1.0,0.9941884875297546,0.9999859,0.9999948,0.9951019,0.9993460178375244,0.9956584283618095
q3jzr25m,1.0,0.999955822,0.99986815,0.9831146,0.99986625,0.9983634,0.999308705329895,0.9979440569877625,0.9999969601631165,0.9999343752861024,0.99988264,0.9998997,0.9792155,0.9872584342956544,0.9957391226201946
q5l2xoio,1.0,0.997728668,0.99681093,0.9333714,0.97690153,0.9765388,0.9838566780090332,0.957678198814392,0.9027020931243896,0.944299340248108,0.98773324,0.999021,0.72764623,0.7708390355110168,0.9350097802851493
q5v7c6s5,1.0,0.255355188,0.1356151625,0.33909166,0.10631885,0.31659153,0.6035448312759399,0.4591206610202789,0.6460968255996704,0.1364005208015442,0.13788101,0.21774192,0.111558005,0.0873741954565048,0.2732838738195338
q77z4es3,1.0,0.999954512,0.9998916975,0.9895486,0.9978993,0.99333894,0.999522864818573,0.9974135160446168,0.9963725209236144,0.8300231695175171,0.99991506,0.9999632,0.97395366,0.9945170879364014,0.9824857022108251
q7jbmjm1,0.0,0.0621907639999999,0.0519911584999999,0.1995371,0.060639206,0.07043849,0.12034622579813,0.0777678340673446,0.1493123024702072,0.0283386651426553,0.08191334,0.05201059,0.076662555,0.0939408093690872,0.0865453107959557
q82k8ryq,0.0,0.1024874899999999,0.10880996425,0.193915,0.028076818,0.09891608,0.079827681183815,0.0504332706332206,0.0666684880852699,0.0111597357317805,0.09776552,0.09970458,0.025455639,0.0392938442528247,0.07711647008745466
q9wfb76a,0.0,0.012482047,0.0139693215,0.16480838,0.011858223,0.007953404,0.010582941584289,0.0043030516244471,0.0140778021886944,0.0046263146214187,0.013706144,0.013689452,0.004654398,0.0204985998570919,0.02286231379814932
qaelyyzz,0.0,0.0499911468,0.07761817375,0.23427899,0.023461966,0.29031545,0.0528397187590599,0.0668994635343551,0.1521327048540115,0.0459070838987827,0.1538622,0.20296437,0.010028515,0.0085435817018151,0.10529564340754033
qbvtdg3c,1.0,0.999326986,0.9996133900000002,0.95692384,0.99748194,0.997548,1.0,0.9994950890541076,0.9995396137237548,1.0,0.99970627,0.9996373,0.918393,0.955136775970459,0.9863692465191016
qcyd52al,0.0,0.0764165366,0.0709325345,0.27978516,0.07152723,0.12299094,0.026747278869152,0.0906128212809562,0.1474047303199768,0.1326983422040939,0.043340757,0.043284513,0.03155276,0.0576229467988014,0.09191665773638309
qesux9l0,0.0,0.0520264187999999,0.0387780445,0.27353132,0.026217984,0.015492432,0.3044454157352447,0.0220850631594657,0.0198972225189209,0.046372190117836,0.016286815,0.009780183,0.046680115,0.0771323665976524,0.0729788900330092
qfaf5kci,1.0,0.922232288,0.9196505425,0.68632615,0.9894905,0.80207133,0.9229647517204284,0.836029589176178,0.9432388544082642,0.7682391405105591,0.90568805,0.82050717,0.8795153,0.913101077079773,0.8699272879534771
qfcpk7pw,1.0,0.998708202,0.999675565,0.9640802,0.99953055,0.9929648,0.998878002166748,0.998371422290802,0.9997721314430236,0.9995733499526978,0.9994529,0.9992997,0.96888673,0.9827291369438172,0.992455591522853
qgm5v2ww,0.0,0.0293217252,0.02220739975,0.18054682,0.021749023,0.025702633,0.0024329354055225,0.0065466845408082,0.0350937470793724,0.0031904943753033,0.022203727,0.021875635,0.0034122202,0.0037595417816191,0.029080198948663497
qi2clp81,0.0,0.0447148266,0.0382120355,0.2526058,0.019426651,0.06604801,0.1622407287359237,0.0809881463646888,0.1788310557603836,0.0758325606584549,0.021739088,0.03987965,0.023155123,0.0596705451607704,0.08179570929078626
qimqodpx,1.0,0.999998968,0.9999993075,0.9983053,0.99903655,0.99865973,1.0,0.9999449849128724,1.0,1.0,1.0,0.9999926,0.97304755,0.9649391770362854,0.9949169123037812
qiv929se,1.0,0.999997482,0.999998425,0.9963866,0.9998875,0.9989006,1.0,0.9997307062149048,1.0,1.0,0.9999861,1.0,0.9771056,0.9783897399902344,0.99618298101578
qjicjdan,0.0,0.0465378306,0.0623916464999999,0.22918174,0.04002952,0.039525844,0.3183801770210266,0.3135349750518799,0.7180073261260986,0.5211349725723267,0.07741159,0.16248992,0.017028978,0.010356125421822,0.19661620348408876
qkbhb7s9,0.0,0.0233247794,0.03486647625,0.22741097,0.0069206795,0.23906004,0.0104977348819375,0.0470018945634365,0.0090279569849371,0.0072982106357812,0.069417164,0.051134624,0.017243901,0.0014227767242118,0.05727901599540801
qmvqwpqo,0.0,0.0495729692,0.05124057125,0.2422978,0.044697206,0.25084955,0.1608427613973617,0.1218479499220848,0.1769317537546157,0.1367800384759903,0.16602165,0.14303142,0.062415443,0.0445894822478294,0.12700912271137552
qo1vsmad,1.0,0.99999109,0.999988085,0.9919994,0.9965774,0.99887985,1.0,0.9999539256095886,1.0,1.0,0.9999985,0.99999946,0.9724804,0.975774109363556,0.9950491353825495
qoq4kreg,1.0,0.999948274,0.999957475,0.9870104,0.99964553,0.99369526,0.9999977946281432,0.9966311454772948,0.9993362426757812,0.9930176734924316,0.9998977,0.9999984,0.9894849,0.99117112159729,0.9961378397593033
qpgb7r3o,0.0,0.025729498,0.03203940575,0.2094081,0.018202813,0.01799285,0.0137360664084553,0.0217554960399866,0.0543932691216468,0.0071687563322484,0.047691777,0.04925926,0.006105424,0.0104942983016371,0.03953669338107495
qqyzqii4,0.0,0.0440924107999999,0.03009283025,0.13972327,0.07814962,0.21817616,0.13230761885643,0.0937046110630035,0.0556973740458488,0.0557429231703281,0.09887186,0.0466564,0.005920146,0.0044676233083009,0.07720021903799318
qtxhi15c,1.0,0.999996928,0.9999965575,0.99568474,0.99968123,0.9994559,1.0,0.9997545480728148,1.0,1.0,0.99999,0.99999994,0.9399076,0.96694815158844,0.9924162811662502
qu7dknnc,0.0,0.183215884,0.1937237975,0.3727912,0.1970109,0.15387054,0.1236045360565185,0.095911219716072,0.2769368588924408,0.1398827582597732,0.23899886,0.11628489,0.17568417,0.4085223376750946,0.20587984246922303
quakx6wb,0.0,0.0135310207999999,0.012720972375,0.16568328,0.003174705,0.007263883,0.0652746632695198,0.0680289044976234,0.0524266473948955,0.0005705495132133,0.02553184,0.004478108,0.0047737146,0.0031683833803981,0.03281743629466539
qvdk6drn,1.0,0.9999992800000002,0.9999982225,0.99797773,0.99775267,0.99957716,1.0,0.999906063079834,1.0,1.0,0.99999946,0.99999714,0.9473974,0.9176228642463684,0.9892480192174
qvindh4s,0.0,0.034882223,0.0571526834999999,0.22751513,0.05773703,0.03951706,0.1245153099298477,0.0994235426187515,0.1328203678131103,0.0162245109677314,0.06706466,0.041381106,0.023321558,0.0056071104481816,0.07132017632904789
qw3b4nth,1.0,0.99985355,0.9978299,0.9793829,0.99502873,0.9435853,0.998913049697876,0.9896419048309326,0.9961857795715332,0.9116872549057008,0.99614954,0.9996585,0.9720482,0.9727743864059448,0.9809799227239991
qwnrhzn4,1.0,0.380724964,0.416728255,0.45510682,0.35956937,0.5438163,0.5132790803909302,0.7090300917625427,0.6663780212402344,0.4962700605392456,0.5885614,0.4031914,0.40115148,0.6162670254707336,0.5038518668002836
qx1um55f,1.0,0.623942292,0.3747078124999999,0.5828755,0.64272016,0.25134182,0.6271308064460754,0.4738795757293701,0.4719008803367615,0.6066149473190308,0.23646814,0.5480566,0.13084126,0.1916092783212661,0.4432376209732695
qxiwe6rg,0.0,0.0219145452,0.02923990875,0.19900107,0.023475207,0.012305295,0.1035207062959671,0.0755496844649314,0.0313954055309295,0.0051862271502614,0.035969786,0.034868646,0.007309234,0.0216886885464191,0.04626341568757758
qxmcthph,0.0,0.0255597622,0.0171428495,0.21187563,0.060591094,0.016279021,0.0612301267683506,0.0637316852807998,0.0212746914476156,0.0103078102692961,0.0067180414,0.004400606,0.083667904,0.1449294537305832,0.05597759043051116
qyezg52k,1.0,0.99938264,0.999388125,0.9537921,0.9983791,0.991461,0.9483124017715454,0.981580913066864,0.9935693740844728,1.0,0.9998548,0.9997649,0.97919476,0.986255407333374,0.9869949631735583
qyz6y3z1,0.0,0.0715749296,0.0708739137499999,0.24169812,0.04732863,0.23796318,0.0047718649730086,0.022678192704916,0.1135796383023262,0.2521617412567138,0.11681874,0.4297958,0.024192296,0.031028987839818,0.1280358488020602
qzcuctsu,1.0,0.999970234,0.999979455,0.99717164,0.9986807,0.99965465,1.0,0.9999839067459106,1.0,1.0,0.99999386,0.999998,0.93587536,0.9552018642425536,0.9912697438452664
r0jy32ho,0.0,0.190104894,0.2644067974999999,0.3927073,0.11005156,0.07604123,0.4028276205062866,0.3534920513629913,0.2361863255500793,0.4073440730571747,0.26826012,0.062385987,0.75453085,0.7456915378570557,0.3280023343718144
r17dpubk,1.0,0.999257416,0.997543075,0.9796182,0.9948959,0.99302316,1.0,0.999602198600769,0.7996863126754761,1.0,0.98509765,0.99919367,0.8985599,0.8731551766395569,0.9630485122242923
r1necqor,1.0,0.999020894,0.999419175,0.96112126,0.9951588,0.99781907,0.9999274015426636,0.9991022348403932,0.9999919533729552,1.0,0.9996114,0.9964701,0.94350827,0.982730746269226,0.9902984850019414
r2f5t82d,0.0,0.1028923532,0.07755885925,0.29959422,0.042990025,0.112047434,0.1592599600553512,0.4315294027328491,0.0550437867641449,0.1177142485976219,0.16565666,0.07938136,0.018754741,0.04653837159276,0.1314585709379021
r39iixha,1.0,0.992679926,0.994609085,0.87433064,0.9886416,0.9824615,0.999933421611786,0.9988978505134584,0.8902304768562317,0.8777947425842285,0.9920325,0.9965675,0.9180393,0.8749829530715942,0.952400115049023
r5rup13w,1.0,0.5172863440000001,0.6807086675,0.5641438,0.5999198,0.42217845,0.6737821102142334,0.922554075717926,0.6143405437469482,0.6136661767959595,0.51749355,0.66483206,0.7320236,0.7463676929473877,0.6360997593017274
r5xqt4p5,0.0,0.1520178099999999,0.2295344775,0.30153686,0.04341406,0.09974283,0.0401842258870601,0.1143310442566871,0.0720799416303634,0.4492883086204529,0.12046379,0.13350432,0.0006910174,0.0002395216433797,0.1351560159183033
r6f7qnez,0.0,0.01116050522,0.0056329909999999,0.12756862,0.0046901037,0.010882836,0.0021505032200366,0.0013453543651849,0.0124313933774828,0.0094734150916337,0.0053522843,0.0143435225,0.0025694943,0.0004785804776474,0.016006123350152716
r6yo6z1t,1.0,0.896852912,0.9158202,0.8367275,0.85285723,0.96671,0.6736615896224976,0.514129102230072,0.7851923704147339,0.7669491171836853,0.90193653,0.96642864,0.83682996,0.8799281120300293,0.8303094818062321
r8wm9lbb,0.0,0.00962179102,0.009751746,0.117948145,0.0061607673,0.006856462,0.008129765279591,0.0018592639826238,0.0301951020956039,0.0024968325160443,0.005244647,0.011983635,0.027176607,0.0115111153572797,0.019148913811626363
r9tjq8zg,1.0,0.994313722,0.9979576275,0.8941413,0.98972285,0.9968517,0.9983704090118408,0.9946966171264648,0.9765063524246216,0.9999958872795104,0.9979687,0.99929035,0.9438952,0.9337493777275084,0.9782661610053806
rdmly4ly,0.0,0.250067028,0.4408488825,0.46944422,0.64562106,0.63948977,0.5058625340461731,0.1723985821008682,0.2006619870662689,0.6328434348106384,0.22451477,0.09918554,0.62919486,0.5885881185531616,0.4229785220828547
re4v9kyp,0.0,0.1042695867999999,0.2467234925,0.29690957,0.10937016,0.66252184,0.0864194259047508,0.2957080006599426,0.7627634406089783,0.8041893839836121,0.2585375,0.20667852,0.40217334,0.5057032704353333,0.36476673314558594
rem5puu6,1.0,0.999983662,0.999993915,0.9950471,0.9999692,0.9896709,1.0,0.9994691610336304,1.0,1.0,0.9999787,0.9999987,0.97915554,0.9870373606681824,0.9961770183616778
rf5a7qy8,1.0,0.999831934,0.9993983075,0.98307025,0.99670684,0.95088077,0.9915512800216676,0.9770495891571044,0.9453800320625304,0.9904266595840454,0.9999294,0.9998137,0.97217524,0.9814794063568116,0.9836687237447814
rgybxkpm,0.0,0.0291531616999999,0.039293907,0.17715067,0.034344338,0.059706606,0.0724463686347007,0.0818723887205123,0.1424465328454971,0.0672086998820304,0.041915745,0.060696803,0.0059995377,0.0062252380885183,0.06295846127471222
rijkq2zu,0.0,0.14953946,0.1871652525,0.31193346,0.053970695,0.3970556,0.0498949810862541,0.1113431453704834,0.0648644492030143,0.2095199078321457,0.41602343,0.42938477,0.03261486,0.1282565593719482,0.19550512079721893
riuu9k9x,1.0,0.94843368,0.95334415,0.7987888,0.8851645,0.8021773,0.6191161870956421,0.8398982882499695,0.9701663851737976,0.4313501119613647,0.96908766,0.9451337,0.6149949,0.7478840947151184,0.8096569043996841
rlqiob0n,1.0,0.718994488,0.633666185,0.6261562,0.6197313,0.47293854,0.4030534029006958,0.4490121006965637,0.8013911843299866,0.954790472984314,0.86687076,0.86593485,0.23529333,0.3602196276187897,0.6160040339638732
rm6dfhg6,1.0,0.491051058,0.3700945249999999,0.57340187,0.604742,0.21991882,0.3034505546092987,0.2252151668071746,0.1389113217592239,0.2014843970537185,0.17796016,0.16839805,0.5482776,0.4218198657035827,0.3419019529948461
rm6j8y6r,0.0,0.6090854880000001,0.4669694875,0.5672481,0.7119858,0.97823536,0.8778599500656128,0.8873697519302368,0.5018590688705444,0.8395736217498779,0.6024385,0.5728948,0.64907706,0.641830325126648,0.6851097933263784
ro8bnp84,0.0,0.1289938128,0.1006848925,0.32914066,0.07679118,0.26326442,0.1769209653139114,0.1531769633293151,0.0759204179048538,0.3247605562210083,0.25732848,0.4153485,0.16369686,0.105252519249916,0.19779078671684652
rontdi9o,0.0,0.0394254389999999,0.02686379675,0.261523,0.06716086,0.14905325,0.0220244619995355,0.0365683697164058,0.0485980883240699,0.1942944377660751,0.07363479,0.06774084,0.03668384,0.0183842033147811,0.08015041360545133
royr6ccv,1.0,0.9999907,0.999996525,0.9975586,0.99939346,0.99629116,0.9999544024467468,0.9994757175445556,1.0,0.999999701976776,0.999998,0.9999972,0.8600879,0.9378485679626464,0.9838915563810728
rpkzggm0,1.0,0.99912836,0.99863825,0.9639839,0.99668646,0.9990299,1.0,0.9997256398200988,0.9999994039535522,0.9999997615814208,0.99654627,0.99982786,0.97521037,0.9930663108825684,0.9939877169771283
rqlnzzrj,0.0,0.0275234216,0.0220000585,0.19385764,0.006613354,0.062890634,0.0012613873695954,0.0152907166630029,0.0093604121357202,0.0155507149174809,0.01406801,0.013585288,0.0008698711,0.0001045241806423,0.0294596948051109
rqq5qob8,1.0,0.178772098,0.0936214925,0.34674948,0.08338903,0.11417144,0.1812288463115692,0.0890651196241378,0.3826258480548858,0.0067980852909386,0.15963922,0.2009005,0.054160792,0.0746520087122917,0.15121338157644795
rrdnwt2f,1.0,0.99999276,0.999963415,0.9945939,0.99913543,0.98294556,0.995032012462616,0.9919760227203368,0.977020800113678,0.9930040836334229,0.9999652,0.9999987,0.98448277,0.992579221725464,0.9931299904350399
rrpzlk3e,0.0,0.13530699,0.1888795059999999,0.25799656,0.10287148,0.46766853,0.5034391283988953,0.6918119788169861,0.348643034696579,0.321915715932846,0.28792676,0.4019419,0.018580839,0.1167054399847984,0.2956682971407773
rsezytkw,1.0,0.104403426,0.130568204,0.29636717,0.14528462,0.70990753,0.4795495569705963,0.2367963194847107,0.4998737871646881,0.4555177688598633,0.34817535,0.4106754,0.7757952,0.8121312856674194,0.4157727398574829
runjdu0i,1.0,0.99999547,0.999997925,0.99672055,0.99978685,0.9989464,1.0,0.9998608231544496,1.0,1.0,0.999985,0.9999998,0.9215616,0.9603124856948853,0.9905510079884102
ruw0u92t,1.0,0.989872442,0.99568836,0.88744694,0.9526243,0.9950353,0.9839540123939514,0.9997403621673584,0.8940178751945496,0.999376654624939,0.99752414,0.9969939,0.88753587,0.8726499676704407,0.9578815480039414
rv0lg92m,1.0,0.994981332,0.998321815,0.83445394,0.9938361,0.99397767,0.999998927116394,0.9999046921730042,1.0,1.0,0.99839586,0.99794495,0.978982,0.9517512321472168,0.9801958860335858
rw4vnzvz,1.0,0.998487116,0.998385085,0.93089604,0.98493326,0.9904024,0.9998980164527892,0.9303516149520874,0.9579607844352722,0.9928820729255676,0.9981778,0.9996666,0.9332212,0.9666768312454224,0.9755337554623953
rw6tm2o0,1.0,0.999598388,0.999691275,0.9599029,0.99488026,0.9934228,0.9998775720596312,0.9998369812965392,0.9999998807907104,0.9999998211860656,0.99981,0.9998762,0.9877479,0.9880107045173644,0.9940502292979642
rwk8r2yk,1.0,0.7867569120000001,0.7464882299999999,0.69871044,0.5673152,0.25408873,0.7607747316360474,0.3011786043643951,0.2647653222084045,0.1450264453887939,0.72285897,0.65495515,0.5230619,0.6238354444503784,0.5422935446190784
rwr965r9,1.0,0.822357716,0.8676394699999999,0.7114808,0.7874793,0.66386753,0.7457433342933655,0.5790410041809082,0.75328528881073,0.8822565078735352,0.92905354,0.7892353,0.88441473,0.9322783946990968,0.7960102242967413
rwskp6rf,0.0,0.0206109162,0.0224299025,0.20697556,0.026921354,0.027201366,0.0178412646055221,0.0577583163976669,0.0727607831358909,0.0431867726147174,0.006445041,0.008851561,0.011857174,0.0005177740240469,0.0402582911906034
rxdouadv,1.0,0.99994624,0.99988034,0.98274714,0.9907794,0.9985588,0.9999895691871644,0.9997377991676332,0.999998927116394,0.8893305659294128,0.9999809,0.99997944,0.98659956,0.9922476410865784,0.9876751017297831
rxgkikr2,1.0,0.8858277300000001,0.9459634225,0.6295649,0.9610865,0.98280764,0.9044872522354126,0.990156888961792,0.9484685063362122,0.9991421699523926,0.98769474,0.9854795,0.9251561,0.8381195664405823,0.9218426858789531
ryg9rdpx,1.0,0.993635458,0.9981929125,0.9041213,0.98924553,0.9541595,0.9999876022338868,0.9962407946586608,0.999998927116394,0.9999567270278932,0.99538064,0.9975544,0.9456886,0.9518879055976868,0.9789269459334249
ryozdppb,1.0,0.933749814,0.897157115,0.8623946,0.92191935,0.78985405,0.9366084933280944,0.940150499343872,0.6546186804771423,0.5404863357543945,0.7402818,0.7654033,0.7353325,0.6334430575370789,0.7962615073415832
s0iuduah,1.0,0.999364992,0.999657055,0.9645556,0.9943882,0.79427993,0.9997425675392152,0.9953686594963074,0.9980159997940063,0.9672220945358276,0.99584866,0.99996585,0.9567642,0.9535746574401855,0.9706729589081187
s1k9ye9o,0.0,0.301113988,0.17448986,0.47871345,0.10863218,0.13181852,0.1681501716375351,0.2426464259624481,0.112396091222763,0.195128858089447,0.1543777,0.19985989,0.013073181,0.1238138675689697,0.18493955257547406
s4dilrzq,1.0,0.998858832,0.999374405,0.95877975,0.9952171,0.99668133,0.9412136673927308,0.9004412293434143,0.994921863079071,0.9999293088912964,0.998755,0.99864864,0.92192185,0.9094181656837464,0.9703200877992508
s62c1jlo,1.0,0.99964882,0.999445425,0.9728513,0.99215406,0.99950355,0.9998003244400024,0.9985482096672058,0.9999734163284302,0.9999979734420776,0.9997262,0.999972,0.887666,0.9118754863739014,0.9816279050193553
s73w1yau,1.0,0.999822844,0.9997920175,0.9782063,0.9957069,0.9990386,0.9999991059303284,0.9997127652168274,1.0,0.9999080896377563,0.99998295,0.9999952,0.97822,0.9938579201698304,0.9957108912711088
s8314y2l,1.0,0.99647244,0.9987335275,0.9292853,0.9944223,0.9852997,0.988458216190338,0.999642252922058,0.9610225558280944,1.0,0.9982792,0.99880075,0.8947995,0.9485688209533693,0.9764448894918353
s8nn16ux,0.0,0.859324648,0.7722206425,0.6734438,0.8333831,0.54323566,0.8705235123634338,0.9250856637954712,0.5278608798980713,0.4439966082572937,0.7254856,0.9258353,0.7025757,0.7017528414726257,0.7311326120220689
sajhjxqk,0.0,0.169819812,0.2454355125,0.3140079,0.026500847,0.3731272,0.0022960817441344,0.0080654947087168,0.1226831078529357,0.0071847452782094,0.3370229,0.19536726,0.20231614,0.2795504331588745,0.17564441801868239
sb5iqnf7,0.0,0.023474813,0.01861250375,0.18952149,0.0116547905,0.010570801,0.0143661322072148,0.0634444579482078,0.0024923449382185,0.0008694005082361,0.042414255,0.013226312,0.0010352572,0.0025602446403354,0.030326369437862512
scnx8eiq,0.0,0.0787733489999999,0.04856937,0.3138702,0.10456905,0.03362879,0.1203623861074447,0.2185974270105362,0.6206645965576172,0.0226156506687402,0.055635028,0.0402466,0.040308528,0.0929119363427162,0.13775022397592726
se99f77l,0.0,0.225099652,0.287484525,0.4954124,0.22891596,0.4836098,0.6971057057380676,0.6218888163566589,0.7720066905021667,0.4063139855861664,0.2742083,0.24191223,0.2284728,0.1152407079935073,0.3905901210135821
sexggoc5,1.0,0.7992220159999999,0.899237325,0.6048558,0.94748783,0.9899369,0.9920931458473206,0.8341652154922485,0.7917085289955139,0.998416006565094,0.94858646,0.88311756,0.92077285,0.8209794163703918,0.879275311866967
sfn07ea2,0.0,0.0461846537999999,0.0487367315,0.26986063,0.035762258,0.075622275,0.1480010449886322,0.2053434252738952,0.0357540436089038,0.24168162047863,0.068368174,0.040999673,0.00752003,0.0040122913196682,0.09444975776690227
sg65kxvf,1.0,0.911728926,0.960561215,0.7527381,0.93330634,0.99510413,0.999159038066864,0.9883472323417664,0.9998860359191896,0.9999716877937316,0.92225665,0.8976216,0.72153246,0.724242627620697,0.9081889263647883
sgfdk0q0,1.0,0.935031596,0.9061674175,0.8177506,0.9708694,0.9825804,0.7625098824501038,0.6815786957740784,0.9042528867721558,0.996192455291748,0.9694217,0.9959707,0.927835,0.960254728794098,0.9084934971217066
shkoecub,1.0,0.833545056,0.9483959075,0.6895013,0.8623819,0.9911654,0.9090996384620668,0.9255131483078004,0.9977165460586548,0.8969628214836121,0.97437906,0.81987476,0.78189164,0.7711843252182007,0.8770470386946412
sigbiaf9,1.0,0.640990614,0.64565024,0.5367369,0.3553964,0.9108019,0.875488817691803,0.7096167206764221,0.6987958550453186,0.8669574856758118,0.63706326,0.7677709,0.13755128,0.3459140062332153,0.6252872599478901
slg6mm1z,1.0,0.983135252,0.90892519,0.88766456,0.9590126,0.979404,0.9990783929824828,0.91531103849411,0.956975281238556,0.9261434078216552,0.91363174,0.95648646,0.95700645,0.9452154040336608,0.9452299828131127
smzocxmz,1.0,0.903299254,0.85543107,0.7393565,0.693869,0.33278292,0.7948285341262817,0.522693395614624,0.6344918012619019,0.5614906549453735,0.8215497,0.8907032,0.6124132,0.7745341658592224,0.702880261215954
snbti22n,1.0,0.986999714,0.98395128,0.86785746,0.9635509,0.9799931,0.9976413249969482,0.839465856552124,0.9386821389198304,0.6053655743598938,0.9751582,0.9987228,0.92424166,0.9411351680755616,0.923289628992643
soyg9zqy,1.0,0.9977319999999998,0.9991638175,0.9074012,0.99181414,0.9975057,1.0,0.9989029765129088,0.99997878074646,0.9999533891677856,0.9984603,0.9999065,0.9773888,0.9890151023864746,0.9890170543318177
spofv177,0.0,0.0241113128,0.017904505,0.16291362,0.032444898,0.073777944,0.0401813499629497,0.0039941221475601,0.0175972562283277,0.1782303899526596,0.019465394,0.06818205,0.10991675,0.2247709333896637,0.0748838865754739
spxlseun,0.0,0.0286176578,0.031330883,0.19600819,0.018098906,0.030329164,0.0083365049213171,0.0109013486653566,0.0108476970344781,0.0399004630744457,0.031305805,0.030341115,0.0032918903,0.015625737607479,0.03499502787715973
sq0oxfq8,1.0,0.99278659,0.985449405,0.91909075,0.9685044,0.98603755,0.8899322748184204,0.8343687653541565,0.5881861448287964,0.9862369298934937,0.97740346,0.99815995,0.8363857,0.90378999710083,0.9127947628458232
sq0p82kb,1.0,0.999921922,0.99985669,0.9829614,0.9995203,0.9939179,0.9999910593032836,0.999347686767578,1.0,1.0,0.99936885,0.9995768,0.9859804,0.9928656220436096,0.9964082023164978
srl3vzzx,0.0,0.256706672,0.1000441315,0.43191665,0.14703837,0.2175357,0.181403711438179,0.4142327606678009,0.219072014093399,0.320980966091156,0.12138888,0.30402803,0.102061115,0.2820335030555725,0.23834173106508522
swbkok3q,1.0,0.8846573059999999,0.9116078075,0.7571416,0.91796577,0.7817592,0.8650072813034058,0.618783712387085,0.5861935019493103,0.984576404094696,0.89020777,0.87978005,0.8451965,0.9261443018913268,0.8345400927019864
swk8temp,0.0,0.265853268,0.2417963525,0.42292994,0.2861696,0.4998635,0.2074876427650451,0.2905663251876831,0.1051995903253555,0.4525456726551056,0.35994998,0.4408857,0.073694795,0.1614081561565399,0.29295004019920995
sxvwvm4w,0.0,0.0263310873999999,0.0218183695,0.17435215,0.032327384,0.029862577,0.0270774476230144,0.0108961071819067,0.0181441660970449,0.0053687309846282,0.055022586,0.02693953,0.026173534,0.0096665611490607,0.035690786995050364
szdximyn,1.0,0.99990041,0.99968469,0.972413,0.99953943,0.96754396,0.9999890327453612,0.9966966509819032,0.9999998807907104,0.9999977350234984,0.99927497,0.99991614,0.97480154,0.936375379562378,0.9881639952548571
t1ghr09s,0.0,0.0343054374,0.0504222925,0.21692437,0.08620548,0.18346918,0.0104057667776942,0.1092344969511032,0.0418686047196388,0.0366857051849365,0.025668034,0.023845974,0.051581502,0.0064134015701711,0.06746386500796492
t2m6twd1,1.0,0.99980604,0.9997058125,0.9839372,0.9989844,0.99571943,1.0,0.9997191429138184,0.999972939491272,1.0,0.9997826,0.9999503,0.95425355,0.9541473388671876,0.991228981059406
t2pnjka3,1.0,0.995560492,0.985992305,0.8967142,0.9775802,0.988956,0.9913679361343384,0.9856525659561156,0.7569402456283569,0.9998610615730286,0.9944338,0.9960586,0.861966,0.7893391251564026,0.9400325024190956
t63j3r30,1.0,0.992782056,0.999359175,0.94616807,0.99912465,0.9933573,0.9999120831489564,0.9799572229385376,0.9999995827674866,1.0,0.9996899,0.9988855,0.93857914,0.9522849917411804,0.9846229299098981
t64z7w2s,0.0,0.029187281,0.026888845,0.20630375,0.017044943,0.009155832,0.0481609851121902,0.0231149289757013,0.2099775969982147,0.0227317735552787,0.01918101,0.013656405,0.0108829485,0.0202889405190944,0.05050578766619072
t7o75rh8,1.0,0.294151238,0.42271103,0.3989938,0.58339155,0.21465023,0.5178723335266113,0.612074613571167,0.753677248954773,0.6210427284240723,0.32784045,0.33808342,0.53741556,0.5619166493415833,0.475678527062939
t7zewviy,0.0,0.1067773632,0.130775635,0.3238725,0.1422672,0.13101579,0.0756681710481643,0.0949202999472618,0.2688258588314056,0.0434655286371707,0.055361725,0.102105245,0.0015904539,0.0175064858049154,0.11493478895145523
t860x5zu,1.0,0.637070348,0.62971808,0.5447511,0.62002707,0.54389703,0.656419575214386,0.7060233950614929,0.880749523639679,0.8097499012947083,0.57103026,0.45115715,0.6952239,0.7789267897605896,0.6557495479208351
t8cq1xgb,1.0,0.999633588,0.999246895,0.9544465,0.99859196,0.96490014,1.0,0.9999951124191284,0.9984970688819884,0.9999997615814208,0.99815375,0.9997836,0.8444504,0.8957403898239136,0.9733413387788485
t8hdpwvb,0.0,0.0220861796,0.027574836,0.17189719,0.014276829,0.023332104,0.0140031678602099,0.0052921031601727,0.0173000264912843,0.0141505189239978,0.015599517,0.025387617,0.0018247319,0.0015658694319427,0.0272531300282775
t9gwa44l,0.0,0.1721090991999999,0.1213612337499999,0.38291037,0.082432225,0.04113545,0.0018665802199393,0.0034566994290798,0.0062984442338347,0.0107486750930547,0.071908884,0.04609525,0.028708085,0.1137794554233551,0.08329311164225102
t9nt3w5u,1.0,0.999050464,0.9986904475,0.94905037,0.99836487,0.8452329,0.995791792869568,0.989492654800415,0.967809557914734,0.9999719858169556,0.9961991,0.99914825,0.987788,0.994530975818634,0.9785477975938699
t9qubwrp,0.0,0.152968962,0.0647996105,0.33752072,0.050065488,0.22278088,0.0428243800997734,0.0617775097489357,0.3253283500671386,0.187523528933525,0.250382,0.31264597,0.043833263,0.0157797094434499,0.1590946439840633
ta5ivroc,1.0,0.931303794,0.86573653,0.74502003,0.8370967,0.9632178,0.9262821674346924,0.9573484659194946,0.8858264088630676,0.8944213390350342,0.94937503,0.9610866,0.9022772,0.8589832782745361,0.8983057956559096
tb9xxayp,0.0,0.0169690882,0.0136957424999999,0.16491958,0.007304704,0.06445382,0.0150653086602687,0.078815259039402,0.019226474687457,0.0086397798731923,0.010970261,0.014040906,0.020422788,0.009702312760055,0.034171232670798066
tg21hslt,1.0,0.999993352,0.9999976875,0.9936384,0.99994165,0.99925363,0.999997854232788,0.9989377856254578,0.9999778270721436,1.0,0.9999951,0.99999964,0.9651816,0.983934998512268,0.9954498373032813
thet25lz,1.0,0.961066902,0.96101594,0.7889936,0.933753,0.8003674,0.5578395128250122,0.5616253018379211,0.8182657957077026,0.3685542643070221,0.90491104,0.9057457,0.9149234,0.871051013469696,0.7960086823190271
thsjr0fz,1.0,0.994694788,0.9955272175,0.9612968,0.9902325,0.9936258,0.9999914765357972,0.9924895167350768,0.9998956918716432,1.0,0.993875,0.9976578,0.93145883,0.9109044075012208,0.9816652944725952
tirc9zd7,1.0,0.999969868,0.9999911775,0.9970852,0.99962175,0.9985162,1.0,0.9999815225601196,1.0,1.0,0.9999985,0.9999994,0.9827845,0.9936513900756836,0.9978150852412155
tkf6xdn8,1.0,0.997182448,0.99758504,0.9485371,0.99511254,0.99743086,0.9994813203811646,0.987101674079895,0.9897150993347168,0.9999039769172668,0.99831116,0.99984777,0.9773602,0.9747368097305298,0.9894081537264288
tlcqfmui,0.0,0.0805067137999999,0.049787072,0.28274733,0.017051421,0.11746143,0.0296683181077241,0.0492934323847293,0.1853372305631637,0.0122467288747429,0.035286903,0.0681314,0.0046399045,8.438514487352222e-05,0.07171094379809488
tmofmmwi,0.0,0.0736107058,0.13224497,0.2412529,0.04737028,0.48527688,0.0535660199820995,0.2313241064548492,0.0911376699805259,0.1678648293018341,0.13846347,0.08787757,0.027252644,0.0365903973579406,0.13952557252901918
tn29tnyf,1.0,0.999985408,0.999973865,0.99270225,0.99939907,0.988021,1.0,0.9989235997200012,0.9999271631240844,0.9998806715011596,0.99892664,0.99999785,0.97949755,0.98563551902771,0.9956053527979196
to7d835k,1.0,0.972441844,0.992540125,0.8197315,0.9154675,0.9946774,0.999993622303009,0.9947057962417604,0.9541023969650269,0.999997615814209,0.99373794,0.9899648,0.9260789,0.9158155918121338,0.9591734640104723
tow4ycz0,0.0,0.3105673,0.24113803,0.37273407,0.07071353,0.33730835,0.534886360168457,0.5079275369644165,0.2142332345247268,0.6651822924613953,0.3794746,0.47800022,0.14862575,0.3580727279186249,0.3552972309259709
tp7bd4w1,1.0,0.999809016,0.99784267,0.9823725,0.9976238,0.983765,0.9377809762954712,0.9553739428520204,0.844792902469635,0.8004246354103088,0.99951684,0.99987334,0.9728205,0.9684319496154784,0.9569560055879165
trd83x9a,0.0,0.1283578339999999,0.10536706,0.30986288,0.033777274,0.11127409,0.0698178112506866,0.0384946465492248,0.3227340281009674,0.0475206486880779,0.16915841,0.09005381,0.025862284,0.0627846345305442,0.11654349316303855
trp0j43d,1.0,0.999859308,0.99995251,0.99398756,0.9986013,0.999244,1.0,0.9999064207077026,1.0,1.0,0.9999877,0.9999858,0.94749427,0.9619303345680236,0.9923804771750557
trpyx8hb,1.0,0.998285428,0.9990299625,0.9702468,0.9847472,0.99520636,1.0,0.9946486353874208,0.9823616743087769,1.0,0.99978226,0.9994465,0.8497566,0.8556087613105774,0.9714706293466749
ttqlgzui,1.0,0.999786954,0.9996036725,0.9815227,0.99924886,0.989027,0.9996763467788696,0.99751615524292,0.7460582256317139,0.9767378568649292,0.9976052,0.9992802,0.95938945,0.9554105401039124,0.9692971662401804
twbozd1a,0.0,0.2185687439999999,0.257270305,0.33883053,0.32876885,0.75649357,0.2176715582609176,0.4231088757514953,0.3691003024578094,0.3694888949394226,0.3170597,0.11890668,0.28783762,0.3014681339263916,0.3311210587950797
twdl9zs1,0.0,0.0178439424,0.0152826475,0.1412138,0.0033662529,0.029141925,0.0060250465758144,0.0119454134255647,0.1241618618369102,0.0052124517969787,0.005447502,0.013759602,0.0011234662,0.0014016937930136,0.02891735426371397
txrgn74f,1.0,0.999874428,0.9999144425,0.98510766,0.999944,0.9949922,0.9998866319656372,0.9981796145439148,1.0,1.0,0.9999212,0.9999129,0.9883882,0.9949042201042176,0.99700180747029
txsnhft4,1.0,0.999855286,0.9999444975,0.98227954,0.99974966,0.996776,1.0,1.0,1.0,0.9999977350234984,0.99992913,0.99998665,0.9912002,0.989128828048706,0.9968341943517081
txuyucec,1.0,0.6984693,0.80247786,0.57344306,0.2977928,0.9530346,0.4971912503242492,0.7636577486991882,0.5074362754821777,0.9707449674606324,0.6327348,0.826377,0.73750776,0.6844428777694702,0.6881007922873628
u47soczd,0.0,0.037640953,0.036126787,0.20581642,0.029265791,0.12845014,0.0365705415606498,0.0794018507003784,0.0151879983022809,0.0072202612645924,0.046524767,0.015500514,0.08213537,0.1095307767391204,0.0637978592743863
u4bawz94,0.0,0.0907238388,0.079259487,0.24772656,0.046446867,0.05524449,0.0940930098295211,0.1747360676527023,0.2036756128072738,0.0128971450030803,0.068323836,0.054490462,0.041055195,0.0147100137546658,0.09102942960363411
u58ftyla,0.0,0.0202562712,0.01243178375,0.19089302,0.010504568,0.0035116035,0.0059059574268758,0.0072090085595846,0.0679986402392387,0.0002041485131485,0.006467055,0.007892705,0.0021755602,0.0013908321270719,0.025910857962763035
u5wryesu,1.0,0.999735692,0.99987865,0.9712933,0.9965489,0.9921519,0.948269546031952,0.9628635048866272,0.939436972141266,0.9999993443489076,0.99968636,0.99960667,0.952019,0.9780657291412354,0.9799657864770063
u6hc36ko,0.0,0.0763119177999999,0.08648505775,0.22676772,0.008764089,0.10303843,0.0123686296865344,0.1041767671704292,0.0237565916031599,0.023462938144803,0.1278618,0.052328832,0.03318873,0.0546167530119419,0.07177909662822066
u6u4pllg,1.0,0.923679088,0.7542700499999999,0.81696284,0.90224266,0.6297123,0.9665361642837524,0.8808614015579224,0.9579666256904602,0.3939230740070343,0.5904835,0.882141,0.4281526,0.6298717260360718,0.7505233099673264
u7bfxq7b,1.0,0.973439322,0.85292342,0.838186,0.9678414,0.5578183,0.8166380524635315,0.9185640215873718,0.9487236738204956,0.6863476037979126,0.6339097,0.89255416,0.78938454,0.7424379587173462,0.8168283194143582
u8el5015,1.0,0.4449352999999999,0.5533022000000001,0.5138501,0.3449967,0.38833416,0.6053053140640259,0.5262008905410767,0.5137234926223755,0.4243334531784057,0.58649004,0.7280391,0.25945592,0.2614254951477051,0.47310708965796844
u8iogxpb,0.0,0.0515094199999999,0.055108018,0.17776552,0.05395667,0.1487729,0.1433452367782592,0.100752480328083,0.0737887248396873,0.0493785180151462,0.12660047,0.29823694,0.016511986,0.0761544704437255,0.10552933495422318
ub4o47en,0.0,0.0508994032,0.03005759725,0.26456472,0.10533989,0.08489077,0.0361303873360157,0.0233693458139896,0.0701371654868125,0.0203875191509723,0.05090911,0.039919004,0.20564252,0.0449387803673744,0.07901432404655112
uc9pbtyj,0.0,0.5256217839999999,0.6038090275,0.74068904,0.60259247,0.79176867,0.2503328323364258,0.457711786031723,0.3405493497848511,0.7044078707695007,0.27667305,0.24336031,0.66702056,0.6974546313285828,0.5309224139808526
ude358tr,1.0,0.6566144979999999,0.575001585,0.538765,0.56623864,0.9864571,0.9741437435150146,0.9278860688209534,0.9450376629829408,0.9846940636634828,0.9560641,0.9015033,0.5729599,0.7487311959266663,0.7949305275314661
udktmonr,1.0,0.999974008,0.9999863,0.9896096,0.9886364,0.99792814,1.0,0.999787211418152,1.0,1.0,0.9999991,0.9994322,0.9515836,0.9274917244911194,0.9888019372237901
uefz1c25,1.0,0.99989938,0.99979495,0.987028,0.98725104,0.8468982,0.9976791143417358,0.972349226474762,0.9940853714942932,0.753483235836029,0.999911,0.9998522,0.9678356,0.988878846168518,0.961149704947334
uew9g6sp,1.0,0.999403546,0.998866015,0.9659929,0.9975401,0.9959026,1.0,0.9984461069107056,0.9988144040107728,1.0,0.9993317,0.9997224,0.9353103,0.96111261844635,0.9884954377206022
uf8cyotw,1.0,0.99994524,0.999845355,0.9957097,0.98956764,0.9898197,1.0,0.9995858669281006,1.0,0.954328715801239,0.99966,0.9998715,0.9404557,0.9557726979255676,0.9865046242811468
ufu6py06,1.0,0.9762959180000002,0.972399685,0.8533783,0.93961596,0.78359807,0.975927233695984,0.9404910802841188,0.9929487109184264,0.979109823703766,0.96373105,0.93305504,0.96981823,0.9693995118141174,0.9422898933397241
uh17j8qo,0.0,0.499307282,0.7730471250000001,0.63184464,0.58582604,0.97867435,0.6950270533561707,0.7599427700042725,0.6842696666717529,0.5484825968742371,0.9513834,0.9123828,0.5756256,0.4712655544281006,0.6974676060257333
uhgpjnvw,0.0,0.54206764,0.419396375,0.5608405,0.38604695,0.036685187,0.1605966538190841,0.1518601030111313,0.3133094906806946,0.4095775187015533,0.23568368,0.47516164,0.19603893,0.1881865561008453,0.3134962480241007
ui1jlmfl,1.0,0.999825696,0.99985091,0.98272157,0.9997408,0.99158424,0.9999998211860656,0.9999253749847412,0.9993170499801636,0.9997256398200988,0.9999446,0.9999412,0.9901526,0.9746066927909852,0.9951796441212301
uij0yxiy,1.0,0.6144160540000001,0.4292958925,0.59323996,0.7601361,0.66780174,0.4835484623908996,0.2761178910732269,0.3610888719558716,0.9734703302383424,0.46945775,0.28752095,0.66040075,0.6579446196556091,0.5564953362933808
ujq6fx7x,1.0,0.864965344,0.936560975,0.6681936,0.7578665,0.53478074,0.9926973581314088,0.7734869718551636,0.7500362992286682,0.3263673186302185,0.883771,0.982831,0.8738347,0.8227058053016663,0.7821613547805482
ujv6oh9s,1.0,0.999993352,0.9999802,0.9965806,0.99689364,0.9925241,0.9999825954437256,0.9982120394706726,0.949299454689026,0.9901257753372192,0.99998134,0.99999946,0.97781724,0.9797234535217284,0.9908548300355672
ukx496k4,0.0,0.0436955143999999,0.0376914629999999,0.092248276,0.008452116,0.055540953,0.0687124282121658,0.1005122512578964,0.0523386970162391,0.0009921540040522,0.019470438,0.016340716,0.054628134,0.031750451773405,0.04479796866644295
ul6lgjlp,1.0,0.96387949,0.9755337225,0.85565746,0.9451618,0.86346745,0.9780856966972352,0.9583449363708496,0.8902791142463684,0.9699409008026124,0.96919537,0.9912218,0.9653208,0.9236234426498412,0.9422855371743775
ulp98rl9,0.0,0.0324084087999999,0.02346410675,0.18840691,0.03253135,0.035507772,0.0060480469837784,0.0188732873648405,0.022080635651946,0.0007554883486591,0.01813532,0.013011657,0.051870733,0.0877373740077018,0.04083316076207121
unqr8o1k,1.0,0.999893022,0.999833615,0.9785981,0.9998831,0.9905962,0.9999994039535522,0.9999874830245972,0.999881386756897,0.9999876618385316,0.99992156,0.9999972,0.992864,0.9956801533699036,0.9967017293838407
unvsdkv5,0.0,0.0116587056,0.01507374815,0.11379341,0.008980038,0.03480876,0.0175269600003957,0.0149765387177467,0.0398468151688575,0.0134576689451932,0.019553822,0.009259174,0.0026695926,0.0030992338433861,0.023438805155813786
uoay12tl,0.0,0.108575082,0.0948938625,0.3445726,0.10243475,0.27283826,0.4235226213932037,0.5224597454071045,0.4607904851436615,0.3085845112800598,0.11562602,0.18513745,0.05851724,0.1669458597898483,0.24345372980875982
uov51zlb,1.0,0.999018872,0.99862645,0.9186345,0.99724984,0.9976156,0.9999995827674866,0.996273398399353,0.9952017068862916,0.999999225139618,0.9978527,0.99542296,0.9717707,0.9902397394180298,0.9890695743618213
upcj8mo7,0.0,0.417646236,0.4529449375,0.47238725,0.06822547,0.7245116,0.065161108970642,0.1411956846714019,0.2314555048942566,0.1674369126558303,0.3291589,0.5119365,0.025867082,0.0285376459360122,0.27972806404831874
upfln4rx,1.0,0.93849603,0.9762123725,0.7814962,0.98559,0.9943975,0.9906652569770812,0.9346153140068054,0.9958344101905824,0.9854068756103516,0.98008007,0.9826536,0.83759123,0.8358661532402039,0.9399157701942327
upmanqy0,1.0,0.674976332,0.62365245,0.66393155,0.36700326,0.6789994,0.4297652542591095,0.6157302260398865,0.6144788265228271,0.4711126089096069,0.51060617,0.7313231,0.36751294,0.5187292098999023,0.5590631790485641
urid3u94,1.0,0.99989977,0.9997922925,0.9761982,0.9788419,0.9955945,0.9990082383155824,0.9988815188407898,0.999932587146759,0.999857485294342,0.99975735,0.99907994,0.8778925,0.911964237689972,0.9797461938298034
urvqt3g8,1.0,0.183269064,0.3041818325,0.354859,0.26695412,0.72260356,0.6157628297805786,0.3838031888008117,0.7696470618247986,0.534061074256897,0.3657359,0.5380582,0.7508868,0.5945680737495422,0.4911069773009714
uug95rlr,1.0,0.8341143979999999,0.7749955725,0.6765195,0.9096037,0.4530474,0.6894647479057312,0.5987939834594727,0.2779143154621124,0.2761126458644867,0.87603766,0.9682626,0.62487394,0.6511347889900208,0.6623750193986019
uyluyhet,1.0,0.324929402,0.3658692375,0.44301215,0.3776279,0.2983364,0.1263766586780548,0.5029288530349731,0.7305559515953064,0.0497983321547508,0.25034034,0.11777363,0.15519083,0.1565352380275726,0.2999442248454352
uz2z0kdn,1.0,0.997428022,0.983569245,0.8928449,0.98678136,0.99067986,0.8976513147354126,0.8696714639663696,0.8804846405982971,0.9632437825202942,0.9753654,0.99928164,0.97468495,0.9420961141586304,0.9502909763830005
v01zderi,1.0,0.896859178,0.9736188825,0.67830086,0.97740924,0.99336517,0.999853014945984,0.9808565378189088,0.999946355819702,0.998002827167511,0.9565245,0.97680104,0.98330307,0.9814295768737792,0.9535592502404528
v0dszrk6,0.0,0.0430991794,0.0263224362499999,0.20583098,0.033595353,0.037348222,0.2782597541809082,0.0296232961118221,0.2771572768688202,0.0892203524708747,0.04218339,0.015719915,0.061830074,0.0926130041480064,0.09483101795618705
v1fkhnnk,0.0,0.339780964,0.423058765,0.3869007,0.3093561,0.85272664,0.6654031276702881,0.1551519036293029,0.1927720159292221,0.5394469499588013,0.552752,0.43794516,0.55324566,0.504015326499939,0.45481194712981177
v1mzb3i4,0.0,0.1166060289999999,0.17167695625,0.24840589,0.16183713,0.1294783,0.148121953010559,0.3594485223293304,0.2033081501722335,0.234828382730484,0.10810567,0.13806099,0.2355986,0.3208896815776825,0.19818201962079146
v1zocfi4,1.0,0.998864506,0.99941559,0.9720936,0.9863045,0.8605485,0.9998493790626526,0.9956698417663574,0.9975562691688538,0.6319756507873535,0.9970902,0.999238,0.8400322,0.9103926420211792,0.9376177599081843
v23gxj0m,1.0,0.5834151860000001,0.6238906625,0.55949986,0.39117455,0.764424,0.7211853861808777,0.7633638978004456,0.637333869934082,0.8602259755134583,0.64743817,0.35050887,0.71264386,0.7660857439041138,0.6447069255256137
v28ue1my,0.0,0.0426776554,0.05540473225,0.24401556,0.029358339,0.14332154,0.0243678633123636,0.0878251120448112,0.0909100845456123,0.0465474240481853,0.056828603,0.119564146,0.024935797,0.0076574110426008,0.07487802058796716
v2y4xkss,1.0,0.999993052,0.9999821125,0.9948956,0.9968662,0.99611807,1.0,0.9999841451644896,1.0,1.0,0.99999774,0.99996346,0.97460186,0.9747517704963684,0.995165462320066
v3dr2h2p,0.0,0.0560449959999999,0.05077772825,0.25672007,0.021882046,0.15700568,0.0218683145940303,0.3367242515087127,0.0777566954493522,0.408699482679367,0.052589096,0.07649082,0.026511226,0.0441259779036045,0.12209202956808204
v3s2sumh,1.0,0.3490044519999999,0.1766333275,0.4784571,0.36154252,0.100900665,0.1878259479999542,0.1290511786937713,0.3916743993759155,0.0364833734929561,0.14149764,0.22575977,0.06739503,0.0833470523357391,0.2099671120306413
v4kfq5dz,1.0,0.94885606,0.947029055,0.8010639,0.8603035,0.93411934,0.7750962376594543,0.8839777112007141,0.5657714605331421,0.9783960580825806,0.9535781,0.9554575,0.7968102,0.8554250597953796,0.8658372447900978
v5g10ur5,1.0,0.999068796,0.9994612575,0.9694096,0.9987587,0.9974251,1.0,0.9997525215148926,1.0,1.0,0.99967027,0.99986416,0.7484201,0.9024455547332764,0.9703286969037053
v78hu7f0,1.0,0.647104882,0.779299455,0.58081466,0.45263928,0.09134443,0.3842872083187103,0.1753913760185241,0.405478298664093,0.1602383702993393,0.8119918,0.7461885,0.1539411,0.121875375509262,0.42389190275461
v84fc3xq,1.0,0.431561532,0.5652709475,0.55670404,0.71919936,0.52678776,0.9972183108329772,0.9256427884101868,0.9587090611457824,0.999723494052887,0.41053444,0.36768275,0.8146167,0.8833810687065125,0.704387096357565
v9cng8ta,1.0,0.98057389,0.995171185,0.7419908,0.9970751,0.9979392,0.9997899532318116,0.9993789196014404,1.0,1.0,0.99801606,0.97445905,0.8467363,0.8885256052017212,0.9553580048488439
v9ibwgt2,0.0,0.123538475,0.134286905,0.2728066,0.27849776,0.39163673,0.3630130589008331,0.4524900913238525,0.6084909439086914,0.1839906573295593,0.14579095,0.11414535,0.28368995,0.3832270801067352,0.28735419627459013
va02dz61,1.0,0.994529412,0.9967847725,0.9044257,0.99443185,0.9871864,0.935112476348877,0.919422209262848,0.8658736348152161,0.9976101517677308,0.9949594,0.9978007,0.91272235,0.9446011185646056,0.9573430904045599
va5e742g,0.0,0.0121371374599999,0.0236237909999999,0.089713484,0.015847389,0.06755273,0.0609869174659252,0.041252501308918,0.0098184095695614,0.0124089634045958,0.0307087,0.02027976,0.009928698,0.0123659428209066,0.031278801848454364
vb99rwtf,0.0,0.0834997134,0.081742288,0.30572605,0.10772593,0.1140784,0.2124979645013809,0.2111270725727081,0.2533607482910156,0.0972075909376144,0.14284778,0.07123242,0.12543248,0.3670144975185394,0.16719176424778914
vbgr8w2m,1.0,0.6931205799999999,0.884518025,0.60608786,0.6430125,0.9440434,0.935766875743866,0.7503802180290222,0.8995922207832336,0.7899659872055054,0.92879474,0.9002341,0.6591716,0.7686159610748291,0.8002541590643427
vbjfvyb6,0.0,0.0300552448,0.02033633725,0.12419155,0.034285493,0.062814765,0.01698555983603,0.0324651300907135,0.0278888680040836,0.2765354514122009,0.028042931,0.015807062,0.035898082,0.020461281761527,0.055828288934965775
vbjrbzjw,1.0,0.8723066100000001,0.91596395,0.73511326,0.92014486,0.99098206,0.9999993443489076,0.995002508163452,0.9986445903778076,0.9999993443489076,0.93114674,0.8985325,0.84562266,0.842781126499176,0.9189414511569565
vdz4x1zh,1.0,0.999987804,0.9999462675,0.9950989,0.9869096,0.9993278,0.9999997615814208,0.9999234676361084,0.9999974370002748,1.0,0.9999907,0.99999434,0.95753616,0.9600508213043212,0.9922124074954388
vf02gvll,1.0,0.99984366,0.9998157275,0.97175366,0.9997996,0.99793553,1.0,0.9999768137931824,0.997302234172821,0.9999997615814208,0.9999418,0.99998784,0.9878758,0.9799249172210692,0.9949350448220825
vffqot8h,0.0,0.0514543014,0.07348665025,0.19649532,0.054131057,0.06635844,0.0129188690334558,0.0658437609672546,0.0436504334211349,0.0533355847001075,0.027031912,0.017849255,0.10698572,0.0531816408038139,0.06328638035198206
vfua9bq1,1.0,0.142519352,0.1376396137499999,0.35891616,0.047765832,0.4723614,0.0489187389612197,0.2749131619930267,0.0518684163689613,0.0607924833893775,0.33016884,0.13455322,0.36795658,0.4040790200233459,0.21788098603737932
vgww4fyb,1.0,0.9983985480000002,0.9990064625,0.9382514,0.99533826,0.992597,0.972927749156952,0.9953976273536682,0.9723185300827026,0.988817811012268,0.9987776,0.9971341,0.9358454,0.981908917427063,0.9820553388871273
vhdk8lw2,0.0,0.0232265308,0.020118945,0.21408659,0.016987866,0.06309511,0.0015401997370645,0.0211481247097253,0.0226803589612245,0.0217015016824007,0.034744382,0.049173295,0.0018888657,0.0001067851189873,0.03773065805456941
vhmygty3,1.0,0.999562712,0.999903385,0.9784775,0.99923104,0.98468065,0.9999890327453612,0.999999225139618,0.9963878393173218,0.9999984502792358,0.99985385,0.99987084,0.97378314,0.9719481468200684,0.9925911989355374
vi109dcn,0.0,0.0683305758,0.110177601,0.25269422,0.036843218,0.06658064,0.2350680530071258,0.1862708181142807,0.3097726106643677,0.3284358978271484,0.10731976,0.073631644,0.11799355,0.1542948335409164,0.1574933401502953
vl7fq8ab,1.0,0.999982484,0.99996546,0.9953728,0.9997933,0.9986122,1.0,0.9998393058776855,1.0,1.0,0.9997989,0.99999833,0.96750045,0.973236620426178,0.9949305269464511
vmb0idd0,1.0,0.999936438,0.99989271,0.98512673,0.9998781,0.98121053,1.0,0.9983839988708496,1.0,0.999990701675415,0.99971664,0.9999518,0.9712929,0.9824162125587464,0.9936765200850008
vmsr75rm,1.0,0.99866967,0.9987363225,0.9645164,0.9950658,0.9949573,0.9999492168426514,0.9934077262878418,0.9988004565238952,0.9995534420013428,0.9984262,0.9982997,0.94212055,0.9083781242370604,0.9839139160302148
vqa7izq2,0.0,0.0264211546,0.01627647175,0.14531845,0.027867958,0.17387371,0.0054506259039044,0.0093549899756908,0.1771195381879806,0.0580068342387676,0.026296064,0.021681983,0.0053770198,0.0154332481324672,0.054498311352985426
vrnegn2b,1.0,0.9989723,0.9983909975,0.9457661,0.9880048,0.97089195,0.9697154760360718,0.9912571907043456,0.97396057844162,0.9949660897254944,0.99885225,0.9986881,0.9728955,0.9898457527160645,0.9840159296248921
vt997e4u,0.0,0.183775962,0.0861537515,0.22261591,0.045598127,0.16861507,0.2517898976802826,0.252621591091156,0.4735754728317261,0.2463766932487487,0.13632707,0.060155176,0.011030309,0.0063774036243557,0.16500095645971302
vtn4ypkw,0.0,0.285539502,0.36567066,0.4746245,0.055160448,0.27246445,0.1526802629232406,0.2804521024227142,0.1480663269758224,0.2085447162389755,0.32020128,0.33056322,0.053335164,0.1174604073166847,0.23575100306749525
vv4zwl3z,0.0,0.188195846,0.2206751424999999,0.3566122,0.15618849,0.094066836,0.186915785074234,0.1658917516469955,0.1744263917207718,0.085379384458065,0.25349283,0.18132883,0.12648672,0.2942048013210296,0.19106653913239202
vwlq6exn,1.0,0.995903714,0.984498775,0.9110472,0.99136424,0.9582747,0.9999791383743286,0.9827086329460144,1.0,0.9997925758361816,0.987586,0.99411523,0.95225,0.9007077217102051,0.9737097636820562
vwrb7f6f,0.0,0.0291136654,0.0276211689999999,0.22406155,0.029927894,0.0129281515,0.1743083447217941,0.0609243027865886,0.0426713675260543,0.0043386407196521,0.07858868,0.0062036784,0.044737916,0.1172893643379211,0.06559344033784693
vwwusxlm,0.0,0.8033094399999999,0.8705152674999999,0.6785686,0.69959027,0.9574479,0.8664799928665161,0.8378245830535889,0.8127712607383728,0.5948684215545654,0.8298136,0.88571393,0.7799651,0.3316220343112945,0.7652684923095644
vyb4xz3m,1.0,0.99991168,0.9998431225,0.98193324,0.9934193,0.9950913,0.9969003200531006,0.9983264207839966,0.9688163995742798,0.9872997403144836,0.9998681,0.99997133,0.9811998,0.9863920211791992,0.9914594441850045
vycs44ph,1.0,0.99814064,0.998919575,0.9415655,0.9783104,0.9858871,0.9499765038490297,0.99638432264328,0.9248458743095398,0.999927282333374,0.9989012,0.99650526,0.9525691,0.9708989262580872,0.9763716680302547
vz01sosr,0.0,0.8466630399999999,0.852401285,0.66644114,0.7667633,0.22283089,0.2842331826686859,0.1261457949876785,0.1498742997646331,0.1950753480195999,0.58146906,0.7491675,0.64695466,0.7110570073127747,0.5230058852117978
vzhqjy62,1.0,0.7715225379999999,0.8328500075,0.53241605,0.5360536,0.8792382,0.9978095293045044,0.9880486726760864,1.0,0.9587576985359192,0.9723159,0.9548944,0.93179727,0.8481252193450928,0.8618329296432004
vzme9wt0,1.0,0.289596868,0.1910379199999999,0.390693,0.26367414,0.0334676,0.8797634840011597,0.8569633364677429,0.8100298643112183,0.8568698763847351,0.17028746,0.15451649,0.192317,0.0798959285020828,0.39762407443591835
w165aejt,1.0,0.524348252,0.4598556175,0.475888,0.34084302,0.7140297,0.4839113354682922,0.7922131419181824,0.379790186882019,0.9740816950798036,0.4513585,0.65908265,0.6917592,0.6907429099082947,0.5875310929812763
w2eowlcf,0.0,0.0175948457999999,0.019748565,0.1972734,0.0033518192,0.14250076,0.0402526222169399,0.0600272603332996,0.1114415675401687,0.0991763100028038,0.06641201,0.117358044,0.03322848,0.0086650801822543,0.0705408280211897
w3stt1eq,0.0,0.0761619572,0.1466821875,0.21351697,0.048907988,0.13616459,0.0617187954485416,0.1131271347403526,0.1298767626285553,0.0309671778231859,0.11206235,0.099227905,0.009166052,0.0071687116287648,0.09113450630533848
w3zp08j3,1.0,0.99986646,0.9999472225,0.9880301,0.9978906,0.9987129,1.0,0.9997647404670716,1.0,1.0,0.99999213,0.9999975,0.9635442,0.9442882537841796,0.991694700519327
w41f7v4k,1.0,0.956423868,0.951648015,0.7253748,0.9871664,0.95727694,0.8761551976203918,0.8622694611549377,0.8359910845756531,0.2623454332351684,0.9645375,0.9424846,0.8939087,0.9318922758102416,0.857498021184338
w5apmxd6,0.0,0.0107090654,0.00527172345,0.117479876,0.0041608424,0.006946194,0.0019780427683144,0.006850560195744,0.02143220230937,0.008307309821248,0.0029512327,0.00677531,0.0004802664,0.0008394753094762,0.01493708467339635
w5wfcpkj,0.0,0.2081835299999999,0.1499761675,0.37221444,0.139147,0.049860224,0.0603845305740833,0.0434130020439624,0.0692673474550247,0.0025095748715102,0.07913287,0.05057978,0.13641942,0.1952378004789352,0.11971736053257813
w69hzgop,1.0,0.826142486,0.7779628000000001,0.6552618,0.843889,0.931293,0.3265401422977447,0.3625678420066833,0.1367881298065185,0.9873754382133484,0.82046753,0.66820705,0.740962,0.7033396363258362,0.6754459118961639
w6ozx25q,1.0,0.999844486,0.999429475,0.9860562,0.99856657,0.99935484,1.0,0.9982850551605223,1.0,0.9998324513435364,0.9997003,0.9996652,0.97884095,0.9717044830322266,0.9947136931181758
w7j35vlw,1.0,0.904746444,0.975617175,0.72443104,0.90162385,0.9609451,0.9501709938049316,0.966884970664978,0.9325440526008606,0.9003108143806458,0.9032278,0.7487445,0.7934418,0.688763439655304,0.8731886138543631
w9heyce4,1.0,0.152748711,0.2028322125,0.3687701,0.40363166,0.4807908,0.1046164333820343,0.1041734889149665,0.2893404960632324,0.2889175415039062,0.31001312,0.27240118,0.3641619,0.4766927063465118,0.29377618074697315
w9myyoke,1.0,0.999981,0.99976775,0.99650604,0.9999255,0.996933,1.0,0.9997312426567078,0.96683669090271,1.0,0.9998362,0.9999274,0.9611293,0.9503726959228516,0.9900726784217131
waj1g1r1,1.0,0.946895398,0.9832348,0.82920146,0.86800396,0.98139584,0.6088935732841492,0.6909292936325073,0.9911011457443236,1.0,0.9815893,0.88979346,0.7427207,0.8134672045707703,0.8713250104024424
wct8jbbs,0.0,0.4025885540000001,0.4596840399999999,0.48597306,0.19832398,0.23712356,0.5437812805175781,0.6882376074790955,0.6494663953781128,0.1688586771488189,0.3526999,0.14915693,0.15417096,0.3047047257423401,0.36882843617430355
wcyuknd1,1.0,0.309659466,0.4021667375,0.4414183,0.28637394,0.6595173,0.8383610248565674,0.5714686512947083,0.8999537229537964,0.5791041254997253,0.6460577,0.6780422,0.480928,0.5335571765899658,0.5635852572842126
wdcokz5s,1.0,0.8601802920000001,0.91520387,0.706779,0.66333175,0.93735796,0.999841034412384,0.9735663533210754,0.9999982714653016,0.999911606311798,0.94996536,0.9217811,0.48958588,0.7380754351615906,0.8581213778978577
we4c1v47,1.0,0.996267996,0.9998691675,0.92113096,0.99944735,0.9973614,1.0,0.9992552995681764,1.0,1.0,0.99938893,0.9977785,0.82593846,0.8021446466445923,0.9645061315163668
weehwjq4,1.0,0.7674184140000001,0.7546584775,0.7341515,0.7981127,0.19193852,0.4809284806251526,0.8818055987358093,0.3406111896038055,0.9323320984840392,0.5744285,0.47367835,0.86940724,0.7394540309906006,0.6568403923030315
wh50jyoo,1.0,0.6526598339999999,0.4823125775,0.5821606,0.77174747,0.5367673,0.9142628908157348,0.7226117253303528,0.6656364798545837,0.4854929447174072,0.5144297,0.28095505,0.90068805,0.7773993015289307,0.6374710710574623
whef0vot,1.0,0.999995546,0.9999483675,0.99864995,0.999983,0.9929584,1.0,0.9981971979141236,1.0,0.9997063279151917,0.99994576,0.9999931,0.9629754,0.9465203285217284,0.9922208752193111
whvnzh13,1.0,0.99595348,0.997956905,0.9325069,0.99585754,0.9974103,0.9683383107185364,0.9944865703582764,1.0,1.0,0.9976673,0.978839,0.80816054,0.8982613682746887,0.966572016488577
wkzirnk6,0.0,0.0771286376,0.13106873625,0.14120002,0.036955044,0.32212326,0.0330777615308761,0.0616945959627628,0.034635342657566,0.2722745835781097,0.36289895,0.263524,0.1929658,0.0967171564698219,0.15586645292685666
wlxdsc4e,1.0,0.8124161520000002,0.7519804175,0.662042,0.819175,0.841103,0.8829541206359863,0.8069328665733337,0.6745571494102478,0.5627784729003906,0.8957037,0.9366783,0.6300839,0.7323513627052307,0.7699043416711686
wm9q7ftm,1.0,0.99987122,0.999650845,0.9772682,0.99343276,0.99562377,1.0,0.9993450045585632,1.0,0.9999997615814208,0.9996879,0.9994628,0.9490516,0.9627254009246826,0.9904705000371727
wmbxek0q,1.0,0.99998047,0.999909485,0.99049973,0.9987359,0.99161875,0.9997571110725404,0.9997727870941162,0.9998995065689088,0.9999747276306152,0.9999369,0.9999811,0.9782563,0.994831919670105,0.9963965143874066
wnnhj7xv,0.0,0.5224991040000001,0.4083095375,0.39315385,0.15109171,0.3546327,0.3902581930160522,0.5297661423683167,0.2928544282913208,0.0748420655727386,0.7752534,0.66993666,0.2030353,0.0985379964113235,0.3741670067045963
wpj8yi34,1.0,0.999999292,0.9999966675,0.9988159,0.9995496,0.9995649,1.0,0.999984323978424,1.0,1.0,0.9999995,0.9999927,0.97114265,0.987975299358368,0.9966936185259069
wpr97y2l,1.0,0.99999056,0.99999415,0.99624515,0.9992871,0.99833715,1.0,0.9990819096565248,0.9999982714653016,0.9993855357170104,0.9999711,0.99999964,0.9650269,0.9857622981071472,0.9956213942266142
ws1zl7p7,0.0,0.0257850187999999,0.033336326,0.189971,0.03994821,0.04289895,0.0343431159853935,0.0812656730413436,0.014987857080996,0.0046351775527,0.034671813,0.023597147,0.07907219,0.0344443283975124,0.04915052360445735
wvpunwcg,1.0,0.999857124,0.99996146,0.99256516,0.99861264,0.99877596,1.0,0.9999254941940308,0.9999988079071044,1.0,0.9998671,0.9999854,0.9665929,0.966825008392334,0.9940742349610362
wwiif86l,1.0,0.999915628,0.9999664625,0.99214196,0.9998831,0.9982686,1.0,0.9999945759773254,0.9999998807907104,1.0,0.99996966,0.9999987,0.9935441,0.994106948375702,0.9982912872963867
wx0i3a4k,1.0,0.99995839,0.9999294125,0.98481005,0.9975735,0.9970418,0.999967873096466,0.9906579852104188,0.994753360748291,1.0,0.9999288,0.9999945,0.88148373,0.9547535181045532,0.9846809168969023
wzr04hhe,1.0,0.877698764,0.8990480775,0.7947536,0.9399555,0.5816963,0.9958687424659728,0.9802795648574828,0.979995608329773,0.6977406740188599,0.5787878,0.7289152,0.96793556,0.978388488292694,0.8462356830357526
x23veulj,1.0,0.439768298,0.3066714675,0.47987628,0.46282223,0.20450442,0.5210092663764954,0.5563293695449829,0.7018511891365051,0.6024974584579468,0.47608662,0.43026876,0.68234396,0.8725899457931519,0.5182014819083909
x2bfibjz,0.0,0.3986573519999999,0.36396811,0.43426824,0.0498049,0.56848764,0.4660740494728088,0.2313980162143707,0.1541845649480819,0.3376474678516388,0.34983173,0.40971,0.058402315,0.0158567111939191,0.29525316128313994
x4w6xlpu,0.0,0.124224426,0.1243363025,0.32377762,0.4324494,0.41942888,0.7256019115447998,0.6811850070953369,0.3899223506450653,0.5983607769012451,0.2321603,0.19270945,0.43258882,0.7164475917816162,0.4148609874206203
x5fl2mox,0.0,0.717890092,0.8765456675000001,0.644897,0.549615,0.124857515,0.9083428382873536,0.9383517503738404,0.535162627696991,0.2429234683513641,0.59913266,0.51830786,0.74485576,0.813313901424408,0.6318612415872273
x74d0gjy,0.0,0.039175593,0.02857190625,0.25983837,0.047887273,0.021144867,0.2048162966966629,0.1496433466672897,0.1325874626636505,0.1483585834503173,0.028088382,0.01318172,0.030625988,0.0237745270133018,0.08674571659547864
x7m2mm4p,0.0,0.3413375559999999,0.3056856925,0.5197914,0.17532137,0.42161322,0.5460646152496338,0.3813220560550689,0.1294907033443451,0.8995578289031982,0.19292891,0.3222679,0.3119271,0.2066864520311355,0.36569190800641393
x7ptx63c,1.0,0.999986734,0.9999944925,0.99910617,0.99997413,0.99033046,1.0,0.999962568283081,1.0,0.9186812043190002,0.9999984,0.99999994,0.992753,0.9946942329406738,0.9919598763109811
xaa2ilgb,0.0,0.148885099,0.1973894925,0.31878594,0.06742835,0.246481,0.1260496377944946,0.2279764711856842,0.7255169153213501,0.0794870182871818,0.23360252,0.13954419,0.3573379,0.4509923458099365,0.25534437537681903
xaji0y6d,0.0,0.159037176,0.13806411625,0.3246737,0.07081865,0.04283513,0.0735166892409324,0.0514422841370105,0.115509420633316,0.1006366461515426,0.088251345,0.105310485,0.10069179,0.0777175426483154,0.11142345962008593
xb4y4k7b,0.0,0.317878034,0.363020535,0.4668405,0.43997568,0.03943459,0.332562506198883,0.4076870679855346,0.8119012713432312,0.5416030883789062,0.2453624,0.10060598,0.2898575,0.5257244110107422,0.3755733510705614
xd9css9t,0.0,0.130837782,0.123898524,0.34820652,0.05661925,0.2168091,0.1803881675004959,0.3155039548873901,0.5209593772888184,0.1457075178623199,0.11659061,0.07605216,0.18410684,0.0738316625356674,0.19150088200574553
xfgcaqvk,0.0,0.169356908,0.2055840175,0.42184448,0.14277631,0.06896988,0.2680637538433075,0.0828875228762626,0.1721730977296829,0.0127223711460828,0.21916726,0.11415968,0.09806037,0.1457599699497223,0.16319427854192753
xfshwzsj,1.0,0.983195014,0.9889747875,0.82804155,0.9577831,0.94175947,0.9502120018005372,0.93191260099411,0.7534727454185486,0.870265781879425,0.9777814,0.97301006,0.9337082,0.9425002336502076,0.9255859188648331
xg0trky8,0.0,0.6052317260000001,0.3915553025,0.6285986,0.41245085,0.081373565,0.0721850618720054,0.2769064903259277,0.498127281665802,0.0175702795386314,0.31425488,0.44956213,0.26765272,0.5412244200706482,0.350514869767155
xgmpw5d3,0.0,0.0137029434,0.00948753575,0.1253547,0.008504478,0.034926347,0.004719128832221,0.057356558740139,0.0056765992194414,0.0077157006599009,0.028057383,0.007244141,0.0012240331,0.0010220519034191,0.023460892354240107
xhw0ic1l,1.0,0.998087768,0.999441975,0.95936346,0.9915488,0.9811418,0.9999629855155944,0.997824251651764,0.9840428829193116,0.9967383146286012,0.99915457,0.9998849,0.97071946,0.9637550115585328,0.987820475328754
xid4n1u3,1.0,0.4834050719999999,0.3500823799999999,0.5103864,0.22382528,0.012250561,0.4441229701042175,0.6530763506889343,0.3703712821006775,0.0279223807156085,0.16377532,0.064579114,0.19361545,0.2454559803009033,0.28791296468541083
xjn6fokz,0.0,0.0361735741999999,0.0534137085,0.15591878,0.022075504,0.18424636,0.0030710373539477,0.0144170252606272,0.0853022634983062,0.21593077480793,0.1401995,0.037983336,0.022375949,0.0294050779193639,0.07696253004155193
xjve3dze,1.0,0.99996317,0.99988637,0.9920918,0.9998988,0.9961301,0.999991536140442,0.9812203645706176,1.0,0.9999910593032836,0.9999315,0.9999594,0.9392926,0.9423618316650392,0.9885167332061064
xkc5i8xo,0.0,0.140891818,0.1558708485,0.3297127,0.06687636,0.108543195,0.0620951540768146,0.0201695077121257,0.0271649751812219,0.0060497024096548,0.11902568,0.0370151,0.49656504,0.5028937458992004,0.1594518328291552
xkdq95g3,1.0,0.9993589940000002,0.9995392,0.96190685,0.99604064,0.9979477,1.0,0.9996920228004456,0.9999268651008606,1.0,0.9981208,0.9999927,0.95832837,0.9599497318267822,0.9900616825944685
xlzs49cd,1.0,0.935844706,0.97203415,0.73849356,0.9165044,0.97441375,0.9807968735694884,0.9957790970802308,0.9924347996711732,0.9590601921081544,0.9883777,0.97767717,0.9307488,0.8688216209411621,0.9408451399515547
xmdkrlc0,0.0,0.0327224978,0.02848739175,0.21945834,0.03386005,0.07398599,0.0081549491733312,0.0015183469513431,0.0785843431949615,0.0439467690885067,0.03598404,0.025398169,0.02626643,0.0671329200267791,0.05196155669114782
xmxb9yo1,0.0,0.0219590736,0.018243652375,0.16006964,0.018483318,0.10038254,0.0060290270484983,0.0815506502985954,0.09535663574934,0.0037898148875683,0.033040844,0.023700867,0.0031479471,0.0014486693544313,0.043630975339494865
xnofg780,0.0,0.0798737072,0.08456282175,0.2593367,0.08117066,0.265864,0.0089864581823349,0.2457307130098343,0.0882089361548423,0.0614051818847656,0.14003485,0.17862444,0.01409247,0.0828598514199256,0.12236544535397713
xnoq37kt,0.0,0.0110939385599999,0.0123135509999999,0.16014093,0.0036956877,0.040966798,0.0028561598155647,0.0132344244047999,0.0024203024804592,0.0076054269447922,0.008310944,0.016100343,0.0006061513,5.521323600987671e-06,0.021488475271478215
xnqxu71s,0.0,0.0469537815999999,0.03533939575,0.24669409,0.03479308,0.11832827,0.0824541896581649,0.1090517044067382,0.1858971416950225,0.0009633392328396,0.040012505,0.046688423,0.008709146,0.0037471204996109,0.07381786052633664
xp9n56ny,0.0,0.113987201,0.0589429595,0.29258984,0.054778036,0.048711155,0.0967346653342247,0.1029299050569534,0.207208976149559,0.2847156524658203,0.11164185,0.2819578,0.04336416,0.035675149410963,0.13332594999365543
xphx2kbv,0.0,0.0188730485,0.0190630205,0.15248507,0.009782355,0.048194356,0.0814254507422447,0.0946431532502174,0.0737750530242919,0.3229694962501526,0.01984264,0.036927976,0.004444917,0.0081209316849708,0.06850365138091366
xpk48ab1,0.0,0.0373804009999999,0.02116021225,0.19714224,0.012704875,0.041413553,0.0535272508859634,0.0155312614515423,0.0261463690549135,0.018372843042016,0.020748075,0.030009827,0.0019962802,0.0023274393752217,0.036804663635358205
xpnmjqy3,1.0,0.9994813659999998,0.999884845,0.96415186,0.99282944,0.9992765,0.9999610185623168,0.9908143281936646,0.9999992847442628,1.0,0.99997336,0.9999876,0.88078624,0.9359801411628724,0.981778822993758
xrjm4t8b,0.0,0.0455611542,0.03237567025,0.24007282,0.08378018,0.24844553,0.0416065976023674,0.0771967396140098,0.1523783206939697,0.0861351862549781,0.04986947,0.049071714,0.05401423,0.1067807599902153,0.09748372096965695
xsy4vy32,0.0,0.388733496,0.0902716809999999,0.5584078,0.15168831,0.06548043,0.0479121953248977,0.0345586091279983,0.1275173425674438,0.0628314241766929,0.056743942,0.121875376,0.013729336,0.2579630017280578,0.15213176491731464
xtxmgtt0,0.0,0.0220359048,0.0249381775,0.16621798,0.03115163,0.011885418,0.0082829808816313,0.0231375712901353,0.0209012944251298,0.0123818609863519,0.032338094,0.026463285,0.06715509,0.0518199577927589,0.0383622495904621
xuj3ac6p,0.0,0.087768429,0.115887235,0.29000854,0.12745199,0.14542657,0.8139030933380127,0.7825466394424438,0.6492689847946167,0.5286799669265747,0.075337306,0.04436288,0.40703863,0.487859159708023,0.35042610955459
xva1nkbt,1.0,0.922291862,0.823969095,0.69052124,0.8812087,0.7875067,0.972269892692566,0.9308158755302428,0.9937840104103088,0.9751051664352416,0.73267484,0.7764641,0.91840345,0.7790612578392029,0.8603135530698126
xvh7katq,0.0,0.0250276342,0.02108270825,0.22807065,0.02690561,0.03310328,0.0185975078493356,0.0475173257291317,0.0337703675031662,0.0116781396791338,0.008283873,0.018433902,0.08522523,0.0656904131174087,0.04795281856370585
xvhagkc4,0.0,0.1818535372,0.110203769,0.30262226,0.104229495,0.1688884,0.0512733645737171,0.0569774992763996,0.3659453094005584,0.2751530408859253,0.0639752,0.08597919,0.40151682,0.2999294400215149,0.18988825579677812
xw6t1oxh,0.0,0.20567945,0.2291323575,0.38482726,0.1363244,0.5386746,0.0623733885586261,0.1862165182828903,0.1840201169252395,0.231258362531662,0.32568985,0.2284693,0.13090435,0.2581786811351776,0.23859604884104585
xyjoa21a,1.0,0.246974008,0.2554271724999999,0.41089165,0.096895956,0.5519527,0.2688900232315063,0.2955268919467926,0.4876015782356262,0.352702647447586,0.37471473,0.25608936,0.08596271,0.0781531780958175,0.2893678927274869
xyvgiui9,1.0,0.96506587,0.9524166525,0.7871833,0.8525953,0.98914146,0.5109793543815613,0.4382812082767486,0.6183679699897766,0.7950605750083923,0.9668409,0.9764228,0.93667364,0.9010611176490784,0.8223146267542738
xyzx9jpn,1.0,0.8435165440000001,0.6728520925,0.75825834,0.45932758,0.09479152,0.3412850797176361,0.5980952978134155,0.1914151757955551,0.2930183410644531,0.7731019,0.88887966,0.62014663,0.8066366314888,0.5647172917215277
y08p0fod,0.0,0.894441432,0.9323330425,0.6672949,0.97641677,0.9738494,0.9915019869804382,0.9333410859107972,0.8367421627044678,0.9904565811157228,0.9361012,0.96066576,0.8941367,0.9786125421524048,0.920453351027987
y0bhf0ri,0.0,0.0680589742,0.0335178339999999,0.26085994,0.03904214,0.013601103,0.0167461186647415,0.0073323720134794,0.2406801581382751,0.0105772642418742,0.024502106,0.026560351,0.0041501755,0.0105911735445261,0.058170746946376625
y36ddfgs,0.0,0.0851611712,0.1085032725,0.28504682,0.055893168,0.017515367,0.0839496552944183,0.0480871312320232,0.0193838775157928,0.0796431079506874,0.12348217,0.11768443,0.2119289,0.2239257544279098,0.11232344808621782
y3rztplc,1.0,0.983432972,0.9717281925,0.868701,0.7477288,0.8870888,0.980891764163971,0.9752199053764344,0.9825164079666138,0.8460648655891418,0.98327804,0.94931924,0.9201741,0.942973792552948,0.9260859907807008
y4kl9ary,0.0,0.023747483,0.02039830025,0.18773907,0.0074621,0.021843769,0.0269324630498886,0.0139449071139097,0.0214658956974744,0.055553063750267,0.010448625,0.018671766,0.007452187,0.0051207193173468,0.032367719167606654
y4x41dnt,0.0,0.019618266,0.017205447125,0.20152518,0.024132734,0.05306055,0.0072616599500179,0.0573744475841522,0.0860845372080802,0.0083974320441484,0.019577678,0.035032045,0.07022631,0.0535696670413017,0.050235842611746184
y595cpjz,1.0,0.0621604307999999,0.0567615877499999,0.19470027,0.051267087,0.49148852,0.5482107996940613,0.2824958264827728,0.2488436102867126,0.6848849058151245,0.10004014,0.06104034,0.11229574,0.0687273144721984,0.2279166594077592
y72ivgly,1.0,0.193697626,0.1787547424999999,0.36235213,0.10641049,0.13135159,0.4676534235477447,0.3599897623062134,0.4748921692371368,0.1616721749305725,0.16521873,0.2511912,0.06793082,0.2773122489452362,0.24603285442053108
yar821uz,1.0,0.995761982,0.999060135,0.9030684,0.9971388,0.99566007,0.9998820424079896,0.9996426105499268,0.9994624853134156,1.0,0.9973371,0.9990908,0.9471446,0.9706486463546752,0.984915128586616
yb7w8p74,1.0,0.190202187,0.349279885,0.37342328,0.4232851,0.8446983,0.6938549876213074,0.516488790512085,0.7021728754043579,0.8393510580062866,0.6221025,0.4270606,0.7336968,0.6884090900421143,0.5695404195066269
yc3s0dpj,1.0,0.8960208279999999,0.9016578375,0.75218165,0.7544105,0.8223917,0.9759749174118042,0.6384493112564087,0.6614996194839478,0.8861686587333679,0.90894055,0.9592124,0.7968828,0.6856745481491089,0.8184204092718952
yczu80zr,0.0,0.0166303561,0.0090638445,0.15285435,0.0058935005,0.006430369,0.0103869037702679,0.0038111037574708,0.0190485045313835,0.0003881020820699,0.0064307284,0.0049454533,0.0009016476,0.00085303443484,0.01827983830584862
yd82795e,1.0,0.999949272,0.999978575,0.98673964,0.999112,0.9982016,1.0,0.9999943375587464,0.9999996423721312,1.0,0.99995416,0.99994767,0.9743046,0.9766417145729064,0.9949861976255117
ydmt8vt4,1.0,0.991769794,0.96618586,0.93311065,0.99209946,0.9625527,0.9996392130851746,0.9786765575408936,0.999994933605194,0.1481494009494781,0.9096705,0.9718385,0.8273891,0.8860685229301453,0.8897803993931451
ydshlv76,1.0,0.928540032,0.91365435,0.78232455,0.98197514,0.76759756,0.708595335483551,0.4963746964931488,0.9416618943214417,0.0514255985617637,0.92346036,0.9163089,0.8575336,0.9357234835624696,0.7850135000324904
ye0qzsa7,0.0,0.0324393398,0.0521154835,0.1873249,0.05014433,0.034188684,0.0536986775696277,0.0941941365599632,0.2941388487815857,0.1534854918718338,0.02672724,0.048195943,0.05506761,0.0466637201607227,0.0867988004033641
yh36motc,0.0,0.0290288692,0.0122706565,0.17423326,0.018738024,0.049326427,0.0016146219568327,0.0079060299322009,0.0330574885010719,0.0503290817141532,0.023767447,0.013928096,0.021273218,0.0421133749186992,0.03673743036330446
yiej9c0u,0.0,0.0228684634,0.014619771,0.21062526,0.009314926,0.06251654,0.0262883622199296,0.0249212570488452,0.0536271966993808,0.0581201612949371,0.03297909,0.027963992,0.018647224,0.0331851691007614,0.045821339443373396
yj38xrg2,0.0,0.493801836,0.6509151275,0.52631664,0.120505825,0.3428906,0.2368725836277008,0.6139807105064392,0.214466854929924,0.28523650765419,0.85419154,0.39068907,0.07022746,0.1531574428081512,0.381019399848185
yj3d6m1f,1.0,0.976719786,0.98972186,0.8052256,0.8810732,0.91892564,0.727059543132782,0.8405802845954895,0.8496701717376709,1.0,0.9742737,0.9750165,0.8102478,0.5452422499656677,0.8687504104178162
yjoaoejv,1.0,0.7747519479999999,0.7520807875,0.5788213,0.8804643,0.26573431,0.1620112061500549,0.1901835501194,0.129676878452301,0.2319567799568176,0.37987608,0.59565604,0.4699074,0.6952853798866272,0.46972353538963085
yjxrpj1e,0.0,0.321264174,0.4644985324999999,0.46868095,0.2958514,0.63326174,0.0785953029990196,0.3306280672550201,0.2553130090236664,0.1239717751741409,0.4683598,0.24798095,0.6066171,0.6211214065551758,0.3781649390390018
ymenvg3k,1.0,0.15847022,0.1360627697499999,0.47659963,0.3468793,0.03269413,0.2359390705823898,0.4231498837471008,0.1324487179517746,0.0077106496319174,0.020051315,0.0144228395,0.34593117,0.2662418484687805,0.19973858035630482
ymyrsvzn,1.0,0.9999833,0.999870315,0.99138165,0.9996862,0.9922092,0.9999998807907104,0.99978369474411,0.9995040893554688,0.9478929042816162,0.99996305,0.9999979,0.99181104,0.9955906867980956,0.9936671561676379
yntl2ug0,1.0,0.999868448,0.9998793925,0.9797355,0.9997873,0.96714264,1.0,0.999996781349182,0.9999962449073792,0.9999827146530152,0.99976635,0.99991524,0.96485513,0.9844999313354492,0.9919557440573098
yo4rcb1k,1.0,0.9475489300000002,0.9637298,0.88960195,0.9852786,0.96439075,0.9991583824157716,0.9377179145812988,0.7412206530570984,0.9972081184387208,0.97452265,0.97286516,0.9066862,0.8941068649291992,0.9364643056478531
yotos87m,0.0,0.0675535014,0.086334825,0.26145646,0.030719329,0.25478184,0.0417667999863624,0.1053380295634269,0.0770367383956909,0.2165911346673965,0.098438114,0.29532373,0.010106295,0.0076359128579497,0.11946790075929434
ysxpnngh,1.0,0.985378174,0.99349755,0.8725989,0.9622462,0.99962354,0.9968199729919434,0.9898906946182252,0.9991360306739808,0.9999994039535522,0.99746585,0.99008894,0.90445924,0.8614646792411804,0.9655899055019485
yt8qzpky,0.0,0.0239269831999999,0.021726275,0.16795366,0.014069011,0.13521671,0.0116361444815993,0.065970778465271,0.0096669029444456,0.0020161932334303,0.06939792,0.048407942,0.024354257,0.0172367002815008,0.04704457520048052
yt91qe37,0.0,0.046577349,0.0869721924999999,0.2156303,0.06879231,0.3533158,0.1756145060062408,0.1114028692245483,0.1936777234077453,0.298946738243103,0.1266079,0.060788132,0.25385433,0.1870240271091461,0.16763109057621411
ytjuq7x7,0.0,0.0547894376,0.0522861165,0.24342316,0.030614788,0.04253803,0.0065491455607116,0.009961673989892,0.0135980872437357,0.0079353814944624,0.088649645,0.048800994,0.03910003,0.095530018210411,0.05644434673840098
yu6vk0uc,1.0,0.973819266,0.9649958675,0.79088676,0.9295503,0.74662584,0.7642307877540588,0.7267652750015259,0.3923013806343078,0.9786970019340516,0.98352903,0.9912185,0.94175947,0.8854959011077881,0.851528875379364
yv37dia5,0.0,0.1026853398,0.1816389525,0.25716436,0.18517497,0.33105785,0.2066141963005066,0.4728090763092041,0.2404212653636932,0.1374933272600174,0.27257302,0.20641667,0.20924452,0.4114929139614105,0.24729126626883324
yvdqbsxl,1.0,0.517405006,0.7507662325000001,0.42343575,0.95425,0.7321924,0.917185366153717,0.7064635157585144,0.8566364645957947,0.999610424041748,0.49067688,0.3925686,0.74063724,0.7923628091812134,0.713399283710076
yx9trflq,1.0,0.267973696,0.393478675,0.37525004,0.2369428,0.71169424,0.802780032157898,0.6900110840797424,0.8353912830352783,0.5402280688285828,0.31086558,0.6281643,0.27388638,0.2079283595085144,0.4826611183546166
yxdw2zcf,1.0,0.9999939880000002,0.999998225,0.9991186,0.99975353,0.9966876,1.0,0.999915599822998,0.999984323978424,1.0,0.9999902,0.9999973,0.9857645,0.9897306561470032,0.997764040226802
yxfiblej,0.0,0.0544699231999999,0.05479193975,0.2373926,0.04769053,0.08391995,0.017855480313301,0.0478915944695472,0.04279051348567,0.0111736943945288,0.039232776,0.081495956,0.03220284,0.0300642028450965,0.06007476926601102
yxyur4so,1.0,0.7699442600000002,0.729663765,0.61648035,0.7891799,0.77952075,0.8121286630630493,0.8345329761505127,0.6545741558074951,0.6683186292648315,0.7615763,0.869295,0.3718117,0.380179226398468,0.6951696673603351
yydu3asn,0.0,0.266336694,0.3190286925,0.40769258,0.06674664,0.14471582,0.1096949428319931,0.3414851725101471,0.0774930939078331,0.0487791672348976,0.11204525,0.17271939,0.039027102,0.0025657429359853,0.16217925291698898
z15bcw79,1.0,0.999833008,0.999820785,0.97400117,0.99457276,0.99497366,1.0,0.9993898272514344,1.0,0.9999997615814208,0.9998419,0.9995447,0.91265035,0.9373211860656738,0.9855343343320853
z1r2roik,1.0,0.998958074,0.9987059625,0.9580916,0.9994923,0.9933962,0.9787741303443908,0.9886211156845092,0.9825873970985411,0.99366956949234,0.9988923,0.99982107,0.94471765,0.9670969247817992,0.9848326379924293
z3jbck88,1.0,0.96714542,0.963504565,0.81271875,0.88193434,0.7045126,0.4387703239917755,0.7604174017906189,0.7502039074897766,0.976316511631012,0.94158936,0.9410826,0.97842795,0.9829989075660706,0.8538171259591735
z4ppj590,1.0,0.999929968,0.9994127875,0.98561126,0.99626863,0.9724413,0.9999682903289796,0.9798588752746582,0.9313591718673706,0.969293475151062,0.9997997,0.9999623,0.9749619,0.9954330921173096,0.9849462115568753
z5gf3bbt,0.0,0.171520986,0.1462978825,0.3118513,0.18384391,0.19798158,0.3160772323608398,0.0573197789490222,0.1291470974683761,0.2039669603109359,0.08863856,0.067520745,0.15521751,0.0861012414097786,0.16272959876915022
z6d86zch,0.0,0.0081248974,0.0061398166499999,0.14792423,0.003182278,0.025543634,0.0089504541829228,0.0517034344375133,0.0037237028591334,0.0757891982793808,0.013972875,0.014233701,0.0060300976,0.0040785018354654,0.02841514009572428
z6v7s7o4,0.0,0.0664472314,0.109841825,0.27398378,0.14036763,0.17339694,0.2801263332366943,0.331745445728302,0.4978084564208984,0.113415777683258,0.14872536,0.06972037,0.17202371,0.3348223268985748,0.20864809125905595
z74lav71,0.0,0.0320697106,0.03028422775,0.18810517,0.02388608,0.045655258,0.0566401854157447,0.1270625591278076,0.4463283121585846,0.1923960894346237,0.020674055,0.05074175,0.030058425,0.0172347240149974,0.09701050357705832
z79hqtyl,1.0,0.184495848,0.179857865,0.37360156,0.09102231,0.16041274,0.1442234218120575,0.1089355126023292,0.1426524519920349,0.0375006273388862,0.21159142,0.19332498,0.03516179,0.0193286500871181,0.14477762898710972
z7cn0eqw,1.0,0.999356258,0.9977704275,0.9431956,0.9985571,0.99270463,1.0,0.9996815323829652,0.9999931454658508,1.0,0.99609274,0.9998912,0.9488375,0.9134280681610109,0.9838081693469096
zbc7qk4k,0.0,0.180412026,0.13230471,0.37882355,0.48331547,0.20639023,0.0236380752176046,0.1216191351413726,0.0156276579946279,0.1297789812088012,0.20455062,0.048208468,0.11766444,0.7071049809455872,0.21149525726984567
zbikcidk,1.0,0.799689008,0.8028397599999999,0.5900284,0.82143855,0.90160364,0.3963957726955414,0.4313572943210602,0.4782246351242065,0.6654611825942993,0.8094258,0.87544644,0.6914202,0.8141674399375916,0.6982690863594385
zeeqnsn2,1.0,0.994045212,0.9992728575,0.90649,0.98973274,0.9960928,0.9954646229743958,0.9804978370666504,0.9982879161834716,0.9998806715011596,0.99983597,0.9973534,0.91961175,0.9457381367683412,0.9786387626149243
zegbl2qg,1.0,0.205176422,0.2147712799999999,0.31701726,0.2153673,0.5441882,0.357071578502655,0.1453010439872741,0.2656525671482086,0.2651519775390625,0.3991242,0.20276186,0.37862962,0.5518544912338257,0.3124667538777712
zeryf099,1.0,0.165711402,0.2241238925,0.36591017,0.0913644,0.41273797,0.4856987297534942,0.7639673352241516,0.8532463312149048,0.5728901028633118,0.17309108,0.1484232,0.64310366,0.7579326033592224,0.4352462213011604
zge2j51b,1.0,0.967374134,0.977386415,0.79392517,0.933472,0.99504423,0.9999643564224244,0.9950177669525146,0.9994819760322572,0.9998422265052797,0.9922154,0.9917066,0.7101009,0.7823699116706848,0.9336846989679354
zhdv5ojz,1.0,0.977870114,0.9900197275,0.87484956,0.99249077,0.9903014,0.9998592138290404,0.999575138092041,0.9491046667099,0.7885259985923767,0.9962015,0.9987866,0.9046613,0.9343937635421752,0.953587673251195
zhh3o5ur,1.0,0.956927342,0.9725099075,0.74481195,0.9835654,0.98931813,0.9973598718643188,0.926940143108368,0.994474709033966,0.9949365854263306,0.92433167,0.9940659,0.9571341,0.9409641027450562,0.9521030624367723
zjnvc7hr,1.0,0.999942908,0.9999763625,0.9841093,0.99990875,0.9981396,1.0,0.9999998807907104,1.0,0.9999998211860656,0.9999044,0.99992365,0.94897866,0.9778487682342528,0.9929791075949425
zm32hzs3,1.0,0.991963856,0.9867157125,0.889776,0.9666389,0.41579646,0.964944064617157,0.9913470149040222,0.9031726717948914,0.4961062967777252,0.98374826,0.9909668,0.789742,0.92015278339386,0.8685439092298197
zn1f0fp8,1.0,0.999519264,0.999166885,0.9780599,0.99960375,0.9978305,0.9999997615814208,0.9970709085464478,0.999519944190979,0.9999102354049684,0.9976486,0.9995749,0.9620706,0.9678215980529784,0.9921381603996442
znvp8gmn,1.0,0.9999761580000002,0.99992933,0.9882725,0.99897087,0.9913386,1.0,0.9999806880950928,0.9997636675834656,0.995981514453888,0.99997056,0.99998736,0.98533726,0.9954679012298584,0.9965365699509466
zppep69n,0.0,0.143831338,0.12093926975,0.33747578,0.09284164,0.1242594,0.1147476136684417,0.1590461283922195,0.407563716173172,0.0198801849037408,0.13800699,0.036366515,0.10050643,0.1733108311891555,0.15144429515974844
zq48enwb,1.0,0.999936488,0.99988293,0.98597145,0.9895886,0.99641365,1.0,0.999296486377716,0.9971203804016112,1.0,0.9998387,0.9997712,0.93001455,0.9248536229133606,0.9863604659763606
zsb6zwkh,1.0,0.990303432,0.9745327575,0.8820131,0.9889916,0.9059676,0.7585867643356323,0.717872679233551,0.9246188998222352,0.503513514995575,0.9777113,0.9862141,0.9279283,0.8676697611808777,0.8773787545436825
zu4ns7nv,0.0,0.0473615778,0.03556161225,0.22589448,0.02216875,0.021769702,0.0178357288241386,0.0272564850747585,0.0635800287127494,0.0108553897589445,0.04370524,0.025882881,0.0008928682,0.0048781689256429,0.04212637788817185
zublekvl,0.0,0.00896168662,0.005219550125,0.12310813,0.003557573,0.058733754,0.0021368074230849,0.0033610623795539,0.0089532388374209,0.001856357906945,0.017002437,0.015104383,0.006343767,0.0127054015174508,0.020541857600727347
zuj2xorv,1.0,0.999577394,0.99960335,0.97066,0.9964125,0.98469275,0.9146130681037904,0.9822378754615784,0.9795757532119752,0.9990251064300536,0.99921966,0.9997624,0.9768301,0.9825011491775512,0.9834393158757653
zw0ldalm,0.0,0.228643824,0.1453410325,0.37576562,0.11874731,0.31491908,0.1940643191337585,0.3234874308109283,0.1421139687299728,0.210944190621376,0.15985513,0.11512229,0.08081789,0.146021693944931,0.1966033676723821
zwd0w9ry,0.0,0.0654232028,0.0305484555,0.28925475,0.051831692,0.16578941,0.4082994163036346,0.3819209635257721,0.1784055083990097,0.082168124616146,0.04485058,0.06123255,0.010121696,0.0077474638819694,0.13673798561742556
zwffhhcm,1.0,0.944868704,0.902312115,0.73787487,0.62614995,0.29490298,0.9988820552825928,0.9957332611083984,0.8024213314056396,0.5045367479324341,0.92303324,0.8558569,0.4901788,0.4733128845691681,0.7346202953306332
zxskoytk,1.0,0.999245394,0.99978921,0.954516,0.9989376,0.99908143,1.0,0.9999657869338988,0.999845027923584,1.0,0.99980986,0.9999513,0.97200406,0.9799187183380128,0.9925432605534997
zy1uu9ym,1.0,0.93851207,0.9597909125,0.6821821,0.9447343,0.88557625,0.7497368454933167,0.9624229669570924,0.5879659056663513,0.0527281537652015,0.96082664,0.98477614,0.8539748,0.8916617035865784,0.8042222144591183
